# Korran - generated by Anime Fight Engine
o Korran
v 0.26418 1.05930 0.00000 0.149 0.192 0.310
v 0.24404 1.05930 0.07516 0.149 0.192 0.310
v 0.18901 1.05930 0.13019 0.149 0.192 0.310
v 0.11385 1.05930 0.15033 0.149 0.192 0.310
v 0.03868 1.05930 0.13019 0.149 0.192 0.310
v -0.01634 1.05930 0.07516 0.149 0.192 0.310
v -0.03648 1.05930 0.00000 0.149 0.192 0.310
v -0.01634 1.05930 -0.07516 0.149 0.192 0.310
v 0.03868 1.05930 -0.13019 0.149 0.192 0.310
v 0.11385 1.05930 -0.15033 0.149 0.192 0.310
v 0.18901 1.05930 -0.13019 0.149 0.192 0.310
v 0.24404 1.05930 -0.07516 0.149 0.192 0.310
v 0.26869 0.98440 0.00000 0.149 0.192 0.310
v 0.24794 0.98511 0.07742 0.149 0.192 0.310
v 0.19127 0.98563 0.13409 0.149 0.192 0.310
v 0.11385 0.98582 0.15483 0.149 0.192 0.310
v 0.03643 0.98563 0.13409 0.149 0.192 0.310
v -0.02024 0.98511 0.07742 0.149 0.192 0.310
v -0.04099 0.98440 0.00000 0.149 0.192 0.310
v -0.02024 0.98369 -0.07742 0.149 0.192 0.310
v 0.03643 0.98317 -0.13409 0.149 0.192 0.310
v 0.11385 0.98298 -0.15483 0.149 0.192 0.310
v 0.19127 0.98317 -0.13409 0.149 0.192 0.310
v 0.24794 0.98369 -0.07742 0.149 0.192 0.310
v 0.26117 0.84958 0.00193 0.149 0.192 0.310
v 0.24143 0.85063 0.07558 0.149 0.192 0.310
v 0.18751 0.85140 0.12950 0.149 0.192 0.310
v 0.11385 0.85168 0.14923 0.149 0.192 0.310
v 0.04019 0.85140 0.12950 0.149 0.192 0.310
v -0.01374 0.85063 0.07558 0.149 0.192 0.310
v -0.03347 0.84958 0.00193 0.149 0.192 0.310
v -0.01374 0.84853 -0.07173 0.149 0.192 0.310
v 0.04019 0.84776 -0.12564 0.149 0.192 0.310
v 0.11385 0.84748 -0.14538 0.149 0.192 0.310
v 0.18751 0.84776 -0.12564 0.149 0.192 0.310
v 0.24143 0.84853 -0.07173 0.149 0.192 0.310
v 0.26285 0.70577 0.00398 0.149 0.192 0.310
v 0.24289 0.70684 0.07848 0.149 0.192 0.310
v 0.18835 0.70762 0.13301 0.149 0.192 0.310
v 0.11385 0.70790 0.15297 0.149 0.192 0.310
v 0.03935 0.70762 0.13301 0.149 0.192 0.310
v -0.01519 0.70684 0.07848 0.149 0.192 0.310
v -0.03516 0.70577 0.00398 0.149 0.192 0.310
v -0.01519 0.70471 -0.07051 0.149 0.192 0.310
v 0.03935 0.70393 -0.12505 0.149 0.192 0.310
v 0.11385 0.70364 -0.14501 0.149 0.192 0.310
v 0.18835 0.70393 -0.12505 0.149 0.192 0.310
v 0.24289 0.70471 -0.07051 0.149 0.192 0.310
v 0.23802 0.57994 0.00578 0.149 0.192 0.310
v 0.22138 0.58083 0.06786 0.149 0.192 0.310
v 0.17593 0.58148 0.11330 0.149 0.192 0.310
v 0.11385 0.58171 0.12994 0.149 0.192 0.310
v 0.05176 0.58148 0.11330 0.149 0.192 0.310
v 0.00631 0.58083 0.06786 0.149 0.192 0.310
v -0.01032 0.57994 0.00578 0.149 0.192 0.310
v 0.00631 0.57905 -0.05630 0.149 0.192 0.310
v 0.05176 0.57840 -0.10175 0.149 0.192 0.310
v 0.11385 0.57817 -0.11838 0.149 0.192 0.310
v 0.17593 0.57840 -0.10175 0.149 0.192 0.310
v 0.22138 0.57905 -0.05630 0.149 0.192 0.310
v 0.22738 0.53500 0.00642 0.149 0.192 0.310
v 0.21217 0.53484 0.06318 0.149 0.192 0.310
v 0.17061 0.53472 0.10474 0.149 0.192 0.310
v 0.11385 0.53468 0.11995 0.149 0.192 0.310
v 0.05708 0.53472 0.10474 0.149 0.192 0.310
v 0.01553 0.53484 0.06318 0.149 0.192 0.310
v 0.00032 0.53500 0.00642 0.149 0.192 0.310
v 0.01553 0.53516 -0.05034 0.149 0.192 0.310
v 0.05708 0.53528 -0.09190 0.149 0.192 0.310
v 0.11385 0.53532 -0.10711 0.149 0.192 0.310
v 0.17061 0.53528 -0.09190 0.149 0.192 0.310
v 0.21217 0.53516 -0.05034 0.149 0.192 0.310
v 0.22915 0.46759 0.00546 0.149 0.192 0.310
v 0.21370 0.46677 0.06310 0.149 0.192 0.310
v 0.17150 0.46616 0.10530 0.149 0.192 0.310
v 0.11385 0.46594 0.12075 0.149 0.192 0.310
v 0.05620 0.46616 0.10530 0.149 0.192 0.310
v 0.01399 0.46677 0.06310 0.149 0.192 0.310
v -0.00145 0.46759 0.00546 0.149 0.192 0.310
v 0.01399 0.46841 -0.05219 0.149 0.192 0.310
v 0.05620 0.46902 -0.09439 0.149 0.192 0.310
v 0.11385 0.46924 -0.10983 0.149 0.192 0.310
v 0.17150 0.46902 -0.09439 0.149 0.192 0.310
v 0.21370 0.46841 -0.05219 0.149 0.192 0.310
v 0.23447 0.34625 0.00372 0.149 0.192 0.310
v 0.21831 0.34539 0.06403 0.149 0.192 0.310
v 0.17416 0.34476 0.10818 0.149 0.192 0.310
v 0.11385 0.34453 0.12433 0.149 0.192 0.310
v 0.05354 0.34476 0.10818 0.149 0.192 0.310
v 0.00939 0.34539 0.06403 0.149 0.192 0.310
v -0.00677 0.34625 0.00372 0.149 0.192 0.310
v 0.00939 0.34711 -0.05658 0.149 0.192 0.310
v 0.05354 0.34774 -0.10073 0.149 0.192 0.310
v 0.11385 0.34798 -0.11689 0.149 0.192 0.310
v 0.17416 0.34774 -0.10073 0.149 0.192 0.310
v 0.21831 0.34711 -0.05658 0.149 0.192 0.310
v 0.22659 0.21143 0.00180 0.149 0.192 0.310
v 0.21149 0.21063 0.05816 0.149 0.192 0.310
v 0.17022 0.21004 0.09943 0.149 0.192 0.310
v 0.11385 0.20982 0.11453 0.149 0.192 0.310
v 0.05748 0.21004 0.09943 0.149 0.192 0.310
v 0.01621 0.21063 0.05816 0.149 0.192 0.310
v 0.00110 0.21143 0.00180 0.149 0.192 0.310
v 0.01621 0.21224 -0.05457 0.149 0.192 0.310
v 0.05748 0.21283 -0.09583 0.149 0.192 0.310
v 0.11385 0.21304 -0.11094 0.149 0.192 0.310
v 0.17022 0.21283 -0.09583 0.149 0.192 0.310
v 0.21149 0.21224 -0.05457 0.149 0.192 0.310
v 0.11385 1.05930 0.00000 0.149 0.192 0.310
v 0.11385 0.21143 0.00180 0.149 0.192 0.310
v 0.20705 0.23840 0.00218 0.427 0.290 0.196
v 0.19456 0.23773 0.04878 0.427 0.290 0.196
v 0.16045 0.23724 0.08289 0.427 0.290 0.196
v 0.11385 0.23706 0.09538 0.427 0.290 0.196
v 0.06725 0.23724 0.08289 0.427 0.290 0.196
v 0.03313 0.23773 0.04878 0.427 0.290 0.196
v 0.02065 0.23840 0.00218 0.427 0.290 0.196
v 0.03313 0.23906 -0.04441 0.427 0.290 0.196
v 0.06725 0.23955 -0.07853 0.427 0.290 0.196
v 0.11385 0.23973 -0.09101 0.427 0.290 0.196
v 0.16045 0.23955 -0.07853 0.427 0.290 0.196
v 0.19456 0.23906 -0.04441 0.427 0.290 0.196
v 0.20404 0.21143 0.00180 0.427 0.290 0.196
v 0.19196 0.21079 0.04689 0.427 0.290 0.196
v 0.15895 0.21032 0.07990 0.427 0.290 0.196
v 0.11385 0.21014 0.09198 0.427 0.290 0.196
v 0.06875 0.21032 0.07990 0.427 0.290 0.196
v 0.03574 0.21079 0.04689 0.427 0.290 0.196
v 0.02365 0.21143 0.00180 0.427 0.290 0.196
v 0.03574 0.21208 -0.04330 0.427 0.290 0.196
v 0.06875 0.21255 -0.07631 0.427 0.290 0.196
v 0.11385 0.21272 -0.08839 0.427 0.290 0.196
v 0.15895 0.21255 -0.07631 0.427 0.290 0.196
v 0.19196 0.21208 -0.04330 0.427 0.290 0.196
v 0.19953 0.19346 0.00154 0.231 0.165 0.133
v 0.18805 0.19284 0.04438 0.231 0.165 0.133
v 0.15669 0.19240 0.07574 0.231 0.165 0.133
v 0.11385 0.19223 0.08722 0.231 0.165 0.133
v 0.07100 0.19240 0.07574 0.231 0.165 0.133
v 0.03964 0.19284 0.04438 0.231 0.165 0.133
v 0.02816 0.19346 0.00154 0.231 0.165 0.133
v 0.03964 0.19407 -0.04130 0.231 0.165 0.133
v 0.07100 0.19452 -0.07266 0.231 0.165 0.133
v 0.11385 0.19468 -0.08414 0.231 0.165 0.133
v 0.15669 0.19452 -0.07266 0.231 0.165 0.133
v 0.18805 0.19407 -0.04130 0.231 0.165 0.133
v 0.18901 0.10807 0.00032 0.231 0.165 0.133
v 0.17894 0.10759 0.03790 0.231 0.165 0.133
v 0.15143 0.10724 0.06541 0.231 0.165 0.133
v 0.11385 0.10711 0.07548 0.231 0.165 0.133
v 0.07627 0.10724 0.06541 0.231 0.165 0.133
v 0.04875 0.10759 0.03790 0.231 0.165 0.133
v 0.03868 0.10807 0.00032 0.231 0.165 0.133
v 0.04875 0.10855 -0.03726 0.231 0.165 0.133
v 0.07627 0.10890 -0.06477 0.231 0.165 0.133
v 0.11385 0.10903 -0.07484 0.231 0.165 0.133
v 0.15143 0.10890 -0.06477 0.231 0.165 0.133
v 0.17894 0.10855 -0.03726 0.231 0.165 0.133
v 0.18901 0.07276 0.00000 0.231 0.165 0.133
v 0.17894 0.07242 0.03758 0.231 0.165 0.133
v 0.15143 0.07217 0.06509 0.231 0.165 0.133
v 0.11385 0.07208 0.07516 0.231 0.165 0.133
v 0.07627 0.07217 0.06509 0.231 0.165 0.133
v 0.04875 0.07242 0.03758 0.231 0.165 0.133
v 0.03868 0.07276 0.00000 0.231 0.165 0.133
v 0.04875 0.07310 -0.03758 0.231 0.165 0.133
v 0.07627 0.07335 -0.06509 0.231 0.165 0.133
v 0.11385 0.07344 -0.07516 0.231 0.165 0.133
v 0.15143 0.07335 -0.06509 0.231 0.165 0.133
v 0.17894 0.07310 -0.03758 0.231 0.165 0.133
v 0.11385 0.07276 0.00000 0.231 0.165 0.133
v 0.17411 0.06206 -0.06634 0.231 0.165 0.133
v 0.16604 0.09202 -0.06634 0.231 0.165 0.133
v 0.14398 0.11395 -0.06634 0.231 0.165 0.133
v 0.11385 0.12198 -0.06634 0.231 0.165 0.133
v 0.08372 0.11395 -0.06634 0.231 0.165 0.133
v 0.06166 0.09202 -0.06634 0.231 0.165 0.133
v 0.05359 0.06206 -0.06634 0.231 0.165 0.133
v 0.06166 0.03210 -0.06634 0.231 0.165 0.133
v 0.08372 0.01017 -0.06634 0.231 0.165 0.133
v 0.11385 0.00214 -0.06634 0.231 0.165 0.133
v 0.14398 0.01017 -0.06634 0.231 0.165 0.133
v 0.16604 0.03210 -0.06634 0.231 0.165 0.133
v 0.18233 0.05350 -0.02140 0.231 0.165 0.133
v 0.17315 0.08239 -0.02140 0.231 0.165 0.133
v 0.14809 0.10354 -0.02140 0.231 0.165 0.133
v 0.11385 0.11128 -0.02140 0.231 0.165 0.133
v 0.07961 0.10354 -0.02140 0.231 0.165 0.133
v 0.05454 0.08239 -0.02140 0.231 0.165 0.133
v 0.04537 0.05350 -0.02140 0.231 0.165 0.133
v 0.05454 0.02461 -0.02140 0.231 0.165 0.133
v 0.07961 0.00346 -0.02140 0.231 0.165 0.133
v 0.11385 -0.00428 -0.02140 0.231 0.165 0.133
v 0.14809 0.00346 -0.02140 0.231 0.165 0.133
v 0.17315 0.02461 -0.02140 0.231 0.165 0.133
v 0.18096 0.04280 0.05885 0.231 0.165 0.133
v 0.17197 0.06420 0.05885 0.231 0.165 0.133
v 0.14740 0.07987 0.05885 0.231 0.165 0.133
v 0.11385 0.08560 0.05885 0.231 0.165 0.133
v 0.08029 0.07987 0.05885 0.231 0.165 0.133
v 0.05573 0.06420 0.05885 0.231 0.165 0.133
v 0.04674 0.04280 0.05885 0.231 0.165 0.133
v 0.05573 0.02140 0.05885 0.231 0.165 0.133
v 0.08029 0.00573 0.05885 0.231 0.165 0.133
v 0.11385 0.00000 0.05885 0.231 0.165 0.133
v 0.14740 0.00573 0.05885 0.231 0.165 0.133
v 0.17197 0.02140 0.05885 0.231 0.165 0.133
v 0.17411 0.03638 0.12305 0.231 0.165 0.133
v 0.16604 0.05350 0.12305 0.231 0.165 0.133
v 0.14398 0.06603 0.12305 0.231 0.165 0.133
v 0.11385 0.07062 0.12305 0.231 0.165 0.133
v 0.08372 0.06603 0.12305 0.231 0.165 0.133
v 0.06166 0.05350 0.12305 0.231 0.165 0.133
v 0.05359 0.03638 0.12305 0.231 0.165 0.133
v 0.06166 0.01926 0.12305 0.231 0.165 0.133
v 0.08372 0.00673 0.12305 0.231 0.165 0.133
v 0.11385 0.00214 0.12305 0.231 0.165 0.133
v 0.14398 0.00673 0.12305 0.231 0.165 0.133
v 0.16604 0.01926 0.12305 0.231 0.165 0.133
v 0.15494 0.02782 0.19795 0.231 0.165 0.133
v 0.14943 0.04066 0.19795 0.231 0.165 0.133
v 0.13439 0.05006 0.19795 0.231 0.165 0.133
v 0.11385 0.05350 0.19795 0.231 0.165 0.133
v 0.09330 0.05006 0.19795 0.231 0.165 0.133
v 0.07826 0.04066 0.19795 0.231 0.165 0.133
v 0.07276 0.02782 0.19795 0.231 0.165 0.133
v 0.07826 0.01498 0.19795 0.231 0.165 0.133
v 0.09330 0.00558 0.19795 0.231 0.165 0.133
v 0.11385 0.00214 0.19795 0.231 0.165 0.133
v 0.13439 0.00558 0.19795 0.231 0.165 0.133
v 0.14943 0.01498 0.19795 0.231 0.165 0.133
v 0.11385 0.06206 -0.06634 0.231 0.165 0.133
v 0.11385 0.02782 0.19795 0.231 0.165 0.133
v 0.21908 0.26536 0.00257 0.851 0.792 0.651
v 0.20498 0.26461 0.05518 0.851 0.792 0.651
v 0.16646 0.26406 0.09369 0.851 0.792 0.651
v 0.11385 0.26386 0.10779 0.851 0.792 0.651
v 0.06123 0.26406 0.09369 0.851 0.792 0.651
v 0.02272 0.26461 0.05518 0.851 0.792 0.651
v 0.00862 0.26536 0.00257 0.851 0.792 0.651
v 0.02272 0.26611 -0.05004 0.851 0.792 0.651
v 0.06123 0.26666 -0.08855 0.851 0.792 0.651
v 0.11385 0.26686 -0.10265 0.851 0.792 0.651
v 0.16646 0.26666 -0.08855 0.851 0.792 0.651
v 0.20498 0.26611 -0.05004 0.851 0.792 0.651
v 0.21908 0.22042 0.00193 0.851 0.792 0.651
v 0.20498 0.21967 0.05454 0.851 0.792 0.651
v 0.16646 0.21912 0.09305 0.851 0.792 0.651
v 0.11385 0.21892 0.10714 0.851 0.792 0.651
v 0.06123 0.21912 0.09305 0.851 0.792 0.651
v 0.02272 0.21967 0.05454 0.851 0.792 0.651
v 0.00862 0.22042 0.00193 0.851 0.792 0.651
v 0.02272 0.22117 -0.05068 0.851 0.792 0.651
v 0.06123 0.22172 -0.08920 0.851 0.792 0.651
v 0.11385 0.22192 -0.10329 0.851 0.792 0.651
v 0.16646 0.22172 -0.08920 0.851 0.792 0.651
v 0.20498 0.22117 -0.05068 0.851 0.792 0.651
v 0.11385 0.26536 0.00257 0.851 0.792 0.651
v 0.11385 0.22042 0.00193 0.851 0.792 0.651
v 0.03648 1.05930 0.00000 0.149 0.192 0.310
v 0.01634 1.05930 0.07516 0.149 0.192 0.310
v -0.03868 1.05930 0.13019 0.149 0.192 0.310
v -0.11385 1.05930 0.15033 0.149 0.192 0.310
v -0.18901 1.05930 0.13019 0.149 0.192 0.310
v -0.24404 1.05930 0.07516 0.149 0.192 0.310
v -0.26418 1.05930 0.00000 0.149 0.192 0.310
v -0.24404 1.05930 -0.07516 0.149 0.192 0.310
v -0.18901 1.05930 -0.13019 0.149 0.192 0.310
v -0.11385 1.05930 -0.15033 0.149 0.192 0.310
v -0.03868 1.05930 -0.13019 0.149 0.192 0.310
v 0.01634 1.05930 -0.07516 0.149 0.192 0.310
v 0.04099 0.98440 0.00000 0.149 0.192 0.310
v 0.02024 0.98511 0.07742 0.149 0.192 0.310
v -0.03643 0.98563 0.13409 0.149 0.192 0.310
v -0.11385 0.98582 0.15483 0.149 0.192 0.310
v -0.19127 0.98563 0.13409 0.149 0.192 0.310
v -0.24794 0.98511 0.07742 0.149 0.192 0.310
v -0.26869 0.98440 0.00000 0.149 0.192 0.310
v -0.24794 0.98369 -0.07742 0.149 0.192 0.310
v -0.19127 0.98317 -0.13409 0.149 0.192 0.310
v -0.11385 0.98298 -0.15483 0.149 0.192 0.310
v -0.03643 0.98317 -0.13409 0.149 0.192 0.310
v 0.02024 0.98369 -0.07742 0.149 0.192 0.310
v 0.03347 0.84958 0.00193 0.149 0.192 0.310
v 0.01374 0.85063 0.07558 0.149 0.192 0.310
v -0.04019 0.85140 0.12950 0.149 0.192 0.310
v -0.11385 0.85168 0.14923 0.149 0.192 0.310
v -0.18751 0.85140 0.12950 0.149 0.192 0.310
v -0.24143 0.85063 0.07558 0.149 0.192 0.310
v -0.26117 0.84958 0.00193 0.149 0.192 0.310
v -0.24143 0.84853 -0.07173 0.149 0.192 0.310
v -0.18751 0.84776 -0.12564 0.149 0.192 0.310
v -0.11385 0.84748 -0.14538 0.149 0.192 0.310
v -0.04019 0.84776 -0.12564 0.149 0.192 0.310
v 0.01374 0.84853 -0.07173 0.149 0.192 0.310
v 0.03516 0.70577 0.00398 0.149 0.192 0.310
v 0.01519 0.70684 0.07848 0.149 0.192 0.310
v -0.03935 0.70762 0.13301 0.149 0.192 0.310
v -0.11385 0.70790 0.15297 0.149 0.192 0.310
v -0.18835 0.70762 0.13301 0.149 0.192 0.310
v -0.24289 0.70684 0.07848 0.149 0.192 0.310
v -0.26285 0.70577 0.00398 0.149 0.192 0.310
v -0.24289 0.70471 -0.07051 0.149 0.192 0.310
v -0.18835 0.70393 -0.12505 0.149 0.192 0.310
v -0.11385 0.70364 -0.14501 0.149 0.192 0.310
v -0.03935 0.70393 -0.12505 0.149 0.192 0.310
v 0.01519 0.70471 -0.07051 0.149 0.192 0.310
v 0.01032 0.57994 0.00578 0.149 0.192 0.310
v -0.00631 0.58083 0.06786 0.149 0.192 0.310
v -0.05176 0.58148 0.11330 0.149 0.192 0.310
v -0.11385 0.58171 0.12994 0.149 0.192 0.310
v -0.17593 0.58148 0.11330 0.149 0.192 0.310
v -0.22138 0.58083 0.06786 0.149 0.192 0.310
v -0.23802 0.57994 0.00578 0.149 0.192 0.310
v -0.22138 0.57905 -0.05630 0.149 0.192 0.310
v -0.17593 0.57840 -0.10175 0.149 0.192 0.310
v -0.11385 0.57817 -0.11838 0.149 0.192 0.310
v -0.05176 0.57840 -0.10175 0.149 0.192 0.310
v -0.00631 0.57905 -0.05630 0.149 0.192 0.310
v -0.00032 0.53500 0.00642 0.149 0.192 0.310
v -0.01553 0.53484 0.06318 0.149 0.192 0.310
v -0.05708 0.53472 0.10474 0.149 0.192 0.310
v -0.11385 0.53468 0.11995 0.149 0.192 0.310
v -0.17061 0.53472 0.10474 0.149 0.192 0.310
v -0.21217 0.53484 0.06318 0.149 0.192 0.310
v -0.22738 0.53500 0.00642 0.149 0.192 0.310
v -0.21217 0.53516 -0.05034 0.149 0.192 0.310
v -0.17061 0.53528 -0.09190 0.149 0.192 0.310
v -0.11385 0.53532 -0.10711 0.149 0.192 0.310
v -0.05708 0.53528 -0.09190 0.149 0.192 0.310
v -0.01553 0.53516 -0.05034 0.149 0.192 0.310
v 0.00145 0.46759 0.00546 0.149 0.192 0.310
v -0.01399 0.46677 0.06310 0.149 0.192 0.310
v -0.05620 0.46616 0.10530 0.149 0.192 0.310
v -0.11385 0.46594 0.12075 0.149 0.192 0.310
v -0.17150 0.46616 0.10530 0.149 0.192 0.310
v -0.21370 0.46677 0.06310 0.149 0.192 0.310
v -0.22915 0.46759 0.00546 0.149 0.192 0.310
v -0.21370 0.46841 -0.05219 0.149 0.192 0.310
v -0.17150 0.46902 -0.09439 0.149 0.192 0.310
v -0.11385 0.46924 -0.10983 0.149 0.192 0.310
v -0.05620 0.46902 -0.09439 0.149 0.192 0.310
v -0.01399 0.46841 -0.05219 0.149 0.192 0.310
v 0.00677 0.34625 0.00372 0.149 0.192 0.310
v -0.00939 0.34539 0.06403 0.149 0.192 0.310
v -0.05354 0.34476 0.10818 0.149 0.192 0.310
v -0.11385 0.34453 0.12433 0.149 0.192 0.310
v -0.17416 0.34476 0.10818 0.149 0.192 0.310
v -0.21831 0.34539 0.06403 0.149 0.192 0.310
v -0.23447 0.34625 0.00372 0.149 0.192 0.310
v -0.21831 0.34711 -0.05658 0.149 0.192 0.310
v -0.17416 0.34774 -0.10073 0.149 0.192 0.310
v -0.11385 0.34798 -0.11689 0.149 0.192 0.310
v -0.05354 0.34774 -0.10073 0.149 0.192 0.310
v -0.00939 0.34711 -0.05658 0.149 0.192 0.310
v -0.00110 0.21143 0.00180 0.149 0.192 0.310
v -0.01621 0.21063 0.05816 0.149 0.192 0.310
v -0.05748 0.21004 0.09943 0.149 0.192 0.310
v -0.11385 0.20982 0.11453 0.149 0.192 0.310
v -0.17022 0.21004 0.09943 0.149 0.192 0.310
v -0.21149 0.21063 0.05816 0.149 0.192 0.310
v -0.22659 0.21143 0.00180 0.149 0.192 0.310
v -0.21149 0.21224 -0.05457 0.149 0.192 0.310
v -0.17022 0.21283 -0.09583 0.149 0.192 0.310
v -0.11385 0.21304 -0.11094 0.149 0.192 0.310
v -0.05748 0.21283 -0.09583 0.149 0.192 0.310
v -0.01621 0.21224 -0.05457 0.149 0.192 0.310
v -0.11385 1.05930 0.00000 0.149 0.192 0.310
v -0.11385 0.21143 0.00180 0.149 0.192 0.310
v -0.02065 0.23840 0.00218 0.427 0.290 0.196
v -0.03313 0.23773 0.04878 0.427 0.290 0.196
v -0.06725 0.23724 0.08289 0.427 0.290 0.196
v -0.11385 0.23706 0.09538 0.427 0.290 0.196
v -0.16045 0.23724 0.08289 0.427 0.290 0.196
v -0.19456 0.23773 0.04878 0.427 0.290 0.196
v -0.20705 0.23840 0.00218 0.427 0.290 0.196
v -0.19456 0.23906 -0.04441 0.427 0.290 0.196
v -0.16045 0.23955 -0.07853 0.427 0.290 0.196
v -0.11385 0.23973 -0.09101 0.427 0.290 0.196
v -0.06725 0.23955 -0.07853 0.427 0.290 0.196
v -0.03313 0.23906 -0.04441 0.427 0.290 0.196
v -0.02365 0.21143 0.00180 0.427 0.290 0.196
v -0.03574 0.21079 0.04689 0.427 0.290 0.196
v -0.06875 0.21032 0.07990 0.427 0.290 0.196
v -0.11385 0.21014 0.09198 0.427 0.290 0.196
v -0.15895 0.21032 0.07990 0.427 0.290 0.196
v -0.19196 0.21079 0.04689 0.427 0.290 0.196
v -0.20404 0.21143 0.00180 0.427 0.290 0.196
v -0.19196 0.21208 -0.04330 0.427 0.290 0.196
v -0.15895 0.21255 -0.07631 0.427 0.290 0.196
v -0.11385 0.21272 -0.08839 0.427 0.290 0.196
v -0.06875 0.21255 -0.07631 0.427 0.290 0.196
v -0.03574 0.21208 -0.04330 0.427 0.290 0.196
v -0.02816 0.19346 0.00154 0.231 0.165 0.133
v -0.03964 0.19284 0.04438 0.231 0.165 0.133
v -0.07100 0.19240 0.07574 0.231 0.165 0.133
v -0.11385 0.19223 0.08722 0.231 0.165 0.133
v -0.15669 0.19240 0.07574 0.231 0.165 0.133
v -0.18805 0.19284 0.04438 0.231 0.165 0.133
v -0.19953 0.19346 0.00154 0.231 0.165 0.133
v -0.18805 0.19407 -0.04130 0.231 0.165 0.133
v -0.15669 0.19452 -0.07266 0.231 0.165 0.133
v -0.11385 0.19468 -0.08414 0.231 0.165 0.133
v -0.07100 0.19452 -0.07266 0.231 0.165 0.133
v -0.03964 0.19407 -0.04130 0.231 0.165 0.133
v -0.03868 0.10807 0.00032 0.231 0.165 0.133
v -0.04875 0.10759 0.03790 0.231 0.165 0.133
v -0.07627 0.10724 0.06541 0.231 0.165 0.133
v -0.11385 0.10711 0.07548 0.231 0.165 0.133
v -0.15143 0.10724 0.06541 0.231 0.165 0.133
v -0.17894 0.10759 0.03790 0.231 0.165 0.133
v -0.18901 0.10807 0.00032 0.231 0.165 0.133
v -0.17894 0.10855 -0.03726 0.231 0.165 0.133
v -0.15143 0.10890 -0.06477 0.231 0.165 0.133
v -0.11385 0.10903 -0.07484 0.231 0.165 0.133
v -0.07627 0.10890 -0.06477 0.231 0.165 0.133
v -0.04875 0.10855 -0.03726 0.231 0.165 0.133
v -0.03868 0.07276 0.00000 0.231 0.165 0.133
v -0.04875 0.07242 0.03758 0.231 0.165 0.133
v -0.07627 0.07217 0.06509 0.231 0.165 0.133
v -0.11385 0.07208 0.07516 0.231 0.165 0.133
v -0.15143 0.07217 0.06509 0.231 0.165 0.133
v -0.17894 0.07242 0.03758 0.231 0.165 0.133
v -0.18901 0.07276 0.00000 0.231 0.165 0.133
v -0.17894 0.07310 -0.03758 0.231 0.165 0.133
v -0.15143 0.07335 -0.06509 0.231 0.165 0.133
v -0.11385 0.07344 -0.07516 0.231 0.165 0.133
v -0.07627 0.07335 -0.06509 0.231 0.165 0.133
v -0.04875 0.07310 -0.03758 0.231 0.165 0.133
v -0.11385 0.07276 0.00000 0.231 0.165 0.133
v -0.05359 0.06206 -0.06634 0.231 0.165 0.133
v -0.06166 0.09202 -0.06634 0.231 0.165 0.133
v -0.08372 0.11395 -0.06634 0.231 0.165 0.133
v -0.11385 0.12198 -0.06634 0.231 0.165 0.133
v -0.14398 0.11395 -0.06634 0.231 0.165 0.133
v -0.16604 0.09202 -0.06634 0.231 0.165 0.133
v -0.17411 0.06206 -0.06634 0.231 0.165 0.133
v -0.16604 0.03210 -0.06634 0.231 0.165 0.133
v -0.14398 0.01017 -0.06634 0.231 0.165 0.133
v -0.11385 0.00214 -0.06634 0.231 0.165 0.133
v -0.08372 0.01017 -0.06634 0.231 0.165 0.133
v -0.06166 0.03210 -0.06634 0.231 0.165 0.133
v -0.04537 0.05350 -0.02140 0.231 0.165 0.133
v -0.05454 0.08239 -0.02140 0.231 0.165 0.133
v -0.07961 0.10354 -0.02140 0.231 0.165 0.133
v -0.11385 0.11128 -0.02140 0.231 0.165 0.133
v -0.14809 0.10354 -0.02140 0.231 0.165 0.133
v -0.17315 0.08239 -0.02140 0.231 0.165 0.133
v -0.18233 0.05350 -0.02140 0.231 0.165 0.133
v -0.17315 0.02461 -0.02140 0.231 0.165 0.133
v -0.14809 0.00346 -0.02140 0.231 0.165 0.133
v -0.11385 -0.00428 -0.02140 0.231 0.165 0.133
v -0.07961 0.00346 -0.02140 0.231 0.165 0.133
v -0.05454 0.02461 -0.02140 0.231 0.165 0.133
v -0.04674 0.04280 0.05885 0.231 0.165 0.133
v -0.05573 0.06420 0.05885 0.231 0.165 0.133
v -0.08029 0.07987 0.05885 0.231 0.165 0.133
v -0.11385 0.08560 0.05885 0.231 0.165 0.133
v -0.14740 0.07987 0.05885 0.231 0.165 0.133
v -0.17197 0.06420 0.05885 0.231 0.165 0.133
v -0.18096 0.04280 0.05885 0.231 0.165 0.133
v -0.17197 0.02140 0.05885 0.231 0.165 0.133
v -0.14740 0.00573 0.05885 0.231 0.165 0.133
v -0.11385 0.00000 0.05885 0.231 0.165 0.133
v -0.08029 0.00573 0.05885 0.231 0.165 0.133
v -0.05573 0.02140 0.05885 0.231 0.165 0.133
v -0.05359 0.03638 0.12305 0.231 0.165 0.133
v -0.06166 0.05350 0.12305 0.231 0.165 0.133
v -0.08372 0.06603 0.12305 0.231 0.165 0.133
v -0.11385 0.07062 0.12305 0.231 0.165 0.133
v -0.14398 0.06603 0.12305 0.231 0.165 0.133
v -0.16604 0.05350 0.12305 0.231 0.165 0.133
v -0.17411 0.03638 0.12305 0.231 0.165 0.133
v -0.16604 0.01926 0.12305 0.231 0.165 0.133
v -0.14398 0.00673 0.12305 0.231 0.165 0.133
v -0.11385 0.00214 0.12305 0.231 0.165 0.133
v -0.08372 0.00673 0.12305 0.231 0.165 0.133
v -0.06166 0.01926 0.12305 0.231 0.165 0.133
v -0.07276 0.02782 0.19795 0.231 0.165 0.133
v -0.07826 0.04066 0.19795 0.231 0.165 0.133
v -0.09330 0.05006 0.19795 0.231 0.165 0.133
v -0.11385 0.05350 0.19795 0.231 0.165 0.133
v -0.13439 0.05006 0.19795 0.231 0.165 0.133
v -0.14943 0.04066 0.19795 0.231 0.165 0.133
v -0.15494 0.02782 0.19795 0.231 0.165 0.133
v -0.14943 0.01498 0.19795 0.231 0.165 0.133
v -0.13439 0.00558 0.19795 0.231 0.165 0.133
v -0.11385 0.00214 0.19795 0.231 0.165 0.133
v -0.09330 0.00558 0.19795 0.231 0.165 0.133
v -0.07826 0.01498 0.19795 0.231 0.165 0.133
v -0.11385 0.06206 -0.06634 0.231 0.165 0.133
v -0.11385 0.02782 0.19795 0.231 0.165 0.133
v -0.00862 0.26536 0.00257 0.851 0.792 0.651
v -0.02272 0.26461 0.05518 0.851 0.792 0.651
v -0.06123 0.26406 0.09369 0.851 0.792 0.651
v -0.11385 0.26386 0.10779 0.851 0.792 0.651
v -0.16646 0.26406 0.09369 0.851 0.792 0.651
v -0.20498 0.26461 0.05518 0.851 0.792 0.651
v -0.21908 0.26536 0.00257 0.851 0.792 0.651
v -0.20498 0.26611 -0.05004 0.851 0.792 0.651
v -0.16646 0.26666 -0.08855 0.851 0.792 0.651
v -0.11385 0.26686 -0.10265 0.851 0.792 0.651
v -0.06123 0.26666 -0.08855 0.851 0.792 0.651
v -0.02272 0.26611 -0.05004 0.851 0.792 0.651
v -0.00862 0.22042 0.00193 0.851 0.792 0.651
v -0.02272 0.21967 0.05454 0.851 0.792 0.651
v -0.06123 0.21912 0.09305 0.851 0.792 0.651
v -0.11385 0.21892 0.10714 0.851 0.792 0.651
v -0.16646 0.21912 0.09305 0.851 0.792 0.651
v -0.20498 0.21967 0.05454 0.851 0.792 0.651
v -0.21908 0.22042 0.00193 0.851 0.792 0.651
v -0.20498 0.22117 -0.05068 0.851 0.792 0.651
v -0.16646 0.22172 -0.08920 0.851 0.792 0.651
v -0.11385 0.22192 -0.10329 0.851 0.792 0.651
v -0.06123 0.22172 -0.08920 0.851 0.792 0.651
v -0.02272 0.22117 -0.05068 0.851 0.792 0.651
v -0.11385 0.26536 0.00257 0.851 0.792 0.651
v -0.11385 0.22042 0.00193 0.851 0.792 0.651
v -0.17736 0.92020 0.00000 0.149 0.192 0.310
v -0.16868 0.92020 0.04058 0.149 0.192 0.310
v -0.14349 0.92020 0.07718 0.149 0.192 0.310
v -0.10425 0.92020 0.10623 0.149 0.192 0.310
v -0.05481 0.92020 0.12488 0.149 0.192 0.310
v -0.00000 0.92020 0.13131 0.149 0.192 0.310
v 0.05481 0.92020 0.12488 0.149 0.192 0.310
v 0.10425 0.92020 0.10623 0.149 0.192 0.310
v 0.14349 0.92020 0.07718 0.149 0.192 0.310
v 0.16868 0.92020 0.04058 0.149 0.192 0.310
v 0.17736 0.92020 0.00000 0.149 0.192 0.310
v 0.16868 0.92020 -0.04058 0.149 0.192 0.310
v 0.14349 0.92020 -0.07718 0.149 0.192 0.310
v 0.10425 0.92020 -0.10623 0.149 0.192 0.310
v 0.05481 0.92020 -0.12488 0.149 0.192 0.310
v 0.00000 0.92020 -0.13131 0.149 0.192 0.310
v -0.05481 0.92020 -0.12488 0.149 0.192 0.310
v -0.10425 0.92020 -0.10623 0.149 0.192 0.310
v -0.14349 0.92020 -0.07718 0.149 0.192 0.310
v -0.16868 0.92020 -0.04058 0.149 0.192 0.310
v -0.19414 1.02720 0.00000 0.118 0.176 0.361
v -0.18464 1.02720 0.04370 0.118 0.176 0.361
v -0.15706 1.02720 0.08312 0.118 0.176 0.361
v -0.11411 1.02720 0.11440 0.118 0.176 0.361
v -0.05999 1.02720 0.13449 0.118 0.176 0.361
v -0.00000 1.02720 0.14141 0.118 0.176 0.361
v 0.05999 1.02720 0.13449 0.118 0.176 0.361
v 0.11411 1.02720 0.11440 0.118 0.176 0.361
v 0.15706 1.02720 0.08312 0.118 0.176 0.361
v 0.18464 1.02720 0.04370 0.118 0.176 0.361
v 0.19414 1.02720 0.00000 0.118 0.176 0.361
v 0.18464 1.02720 -0.04370 0.118 0.176 0.361
v 0.15706 1.02720 -0.08312 0.118 0.176 0.361
v 0.11411 1.02720 -0.11440 0.118 0.176 0.361
v 0.05999 1.02720 -0.13449 0.118 0.176 0.361
v 0.00000 1.02720 -0.14141 0.118 0.176 0.361
v -0.05999 1.02720 -0.13449 0.118 0.176 0.361
v -0.11411 1.02720 -0.11440 0.118 0.176 0.361
v -0.15706 1.02720 -0.08312 0.118 0.176 0.361
v -0.18464 1.02720 -0.04370 0.118 0.176 0.361
v -0.14980 1.14490 0.00000 0.118 0.176 0.361
v -0.14247 1.14490 0.03824 0.118 0.176 0.361
v -0.12119 1.14490 0.07273 0.118 0.176 0.361
v -0.08805 1.14490 0.10010 0.118 0.176 0.361
v -0.04629 1.14490 0.11768 0.118 0.176 0.361
v -0.00000 1.14490 0.12373 0.118 0.176 0.361
v 0.04629 1.14490 0.11768 0.118 0.176 0.361
v 0.08805 1.14490 0.10010 0.118 0.176 0.361
v 0.12119 1.14490 0.07273 0.118 0.176 0.361
v 0.14247 1.14490 0.03824 0.118 0.176 0.361
v 0.14980 1.14490 0.00000 0.118 0.176 0.361
v 0.14247 1.14490 -0.03824 0.118 0.176 0.361
v 0.12119 1.14490 -0.07273 0.118 0.176 0.361
v 0.08805 1.14490 -0.10010 0.118 0.176 0.361
v 0.04629 1.14490 -0.11768 0.118 0.176 0.361
v 0.00000 1.14490 -0.12373 0.118 0.176 0.361
v -0.04629 1.14490 -0.11768 0.118 0.176 0.361
v -0.08805 1.14490 -0.10010 0.118 0.176 0.361
v -0.12119 1.14490 -0.07273 0.118 0.176 0.361
v -0.14247 1.14490 -0.03824 0.118 0.176 0.361
v -0.19581 1.26260 0.00000 0.118 0.176 0.361
v -0.18623 1.26260 0.04058 0.118 0.176 0.361
v -0.15841 1.26260 0.07718 0.118 0.176 0.361
v -0.11509 1.26260 0.10623 0.118 0.176 0.361
v -0.06051 1.26260 0.12488 0.118 0.176 0.361
v -0.00000 1.26260 0.13131 0.784 0.557 0.408
v 0.06051 1.26260 0.12488 0.118 0.176 0.361
v 0.11509 1.26260 0.10623 0.118 0.176 0.361
v 0.15841 1.26260 0.07718 0.118 0.176 0.361
v 0.18623 1.26260 0.04058 0.118 0.176 0.361
v 0.19581 1.26260 0.00000 0.118 0.176 0.361
v 0.18623 1.26260 -0.04058 0.118 0.176 0.361
v 0.15841 1.26260 -0.07718 0.118 0.176 0.361
v 0.11509 1.26260 -0.10623 0.118 0.176 0.361
v 0.06051 1.26260 -0.12488 0.118 0.176 0.361
v 0.00000 1.26260 -0.13131 0.118 0.176 0.361
v -0.06051 1.26260 -0.12488 0.118 0.176 0.361
v -0.11509 1.26260 -0.10623 0.118 0.176 0.361
v -0.15841 1.26260 -0.07718 0.118 0.176 0.361
v -0.18623 1.26260 -0.04058 0.118 0.176 0.361
v -0.24542 1.38030 0.00000 0.118 0.176 0.361
v -0.23340 1.38030 0.04604 0.118 0.176 0.361
v -0.19855 1.38030 0.08757 0.118 0.176 0.361
v -0.14425 1.38030 0.12053 0.118 0.176 0.361
v -0.07584 1.38030 0.14169 0.784 0.557 0.408
v -0.00000 1.38030 0.14899 0.784 0.557 0.408
v 0.07584 1.38030 0.14169 0.784 0.557 0.408
v 0.14425 1.38030 0.12053 0.118 0.176 0.361
v 0.19855 1.38030 0.08757 0.118 0.176 0.361
v 0.23340 1.38030 0.04604 0.118 0.176 0.361
v 0.24542 1.38030 0.00000 0.118 0.176 0.361
v 0.23340 1.38030 -0.04604 0.118 0.176 0.361
v 0.19855 1.38030 -0.08757 0.118 0.176 0.361
v 0.14425 1.38030 -0.12053 0.118 0.176 0.361
v 0.07584 1.38030 -0.14169 0.118 0.176 0.361
v 0.00000 1.38030 -0.14899 0.118 0.176 0.361
v -0.07584 1.38030 -0.14169 0.118 0.176 0.361
v -0.14425 1.38030 -0.12053 0.118 0.176 0.361
v -0.19855 1.38030 -0.08757 0.118 0.176 0.361
v -0.23340 1.38030 -0.04604 0.118 0.176 0.361
v -0.26761 1.47125 0.00000 0.118 0.176 0.361
v -0.25451 1.47125 0.04214 0.118 0.176 0.361
v -0.21650 1.47125 0.08015 0.118 0.176 0.361
v -0.15730 1.47125 0.11032 0.118 0.176 0.361
v -0.08270 1.47125 0.12969 0.118 0.176 0.361
v -0.00000 1.47125 0.13636 0.784 0.557 0.408
v 0.08270 1.47125 0.12969 0.118 0.176 0.361
v 0.15730 1.47125 0.11032 0.118 0.176 0.361
v 0.21650 1.47125 0.08015 0.118 0.176 0.361
v 0.25451 1.47125 0.04214 0.118 0.176 0.361
v 0.26761 1.47125 0.00000 0.118 0.176 0.361
v 0.25451 1.47125 -0.04214 0.118 0.176 0.361
v 0.21650 1.47125 -0.08015 0.118 0.176 0.361
v 0.15730 1.47125 -0.11032 0.118 0.176 0.361
v 0.08270 1.47125 -0.12969 0.118 0.176 0.361
v 0.00000 1.47125 -0.13636 0.784 0.557 0.408
v -0.08270 1.47125 -0.12969 0.118 0.176 0.361
v -0.15730 1.47125 -0.11032 0.118 0.176 0.361
v -0.21650 1.47125 -0.08015 0.118 0.176 0.361
v -0.25451 1.47125 -0.04214 0.118 0.176 0.361
v -0.12305 1.53545 0.00000 0.118 0.176 0.361
v -0.11703 1.53545 0.02579 0.118 0.176 0.361
v -0.09955 1.53545 0.04906 0.118 0.176 0.361
v -0.07233 1.53545 0.06752 0.118 0.176 0.361
v -0.03802 1.53545 0.07938 0.784 0.557 0.408
v -0.00000 1.53545 0.08346 0.784 0.557 0.408
v 0.03802 1.53545 0.07938 0.784 0.557 0.408
v 0.07233 1.53545 0.06752 0.118 0.176 0.361
v 0.09955 1.53545 0.04906 0.118 0.176 0.361
v 0.11703 1.53545 0.02579 0.118 0.176 0.361
v 0.12305 1.53545 0.00000 0.118 0.176 0.361
v 0.11703 1.53545 -0.02579 0.118 0.176 0.361
v 0.09955 1.53545 -0.04906 0.118 0.176 0.361
v 0.07233 1.53545 -0.06752 0.118 0.176 0.361
v 0.03802 1.53545 -0.07938 0.784 0.557 0.408
v 0.00000 1.53545 -0.08346 0.784 0.557 0.408
v -0.03802 1.53545 -0.07938 0.784 0.557 0.408
v -0.07233 1.53545 -0.06752 0.118 0.176 0.361
v -0.09955 1.53545 -0.04906 0.118 0.176 0.361
v -0.11703 1.53545 -0.02579 0.118 0.176 0.361
v -0.06420 1.57290 0.00000 0.118 0.176 0.361
v -0.06106 1.57290 0.01819 0.118 0.176 0.361
v -0.05194 1.57290 0.03459 0.118 0.176 0.361
v -0.03774 1.57290 0.04761 0.784 0.557 0.408
v -0.01984 1.57290 0.05597 0.784 0.557 0.408
v -0.00000 1.57290 0.05885 0.784 0.557 0.408
v 0.01984 1.57290 0.05597 0.784 0.557 0.408
v 0.03774 1.57290 0.04761 0.784 0.557 0.408
v 0.05194 1.57290 0.03459 0.118 0.176 0.361
v 0.06106 1.57290 0.01819 0.118 0.176 0.361
v 0.06420 1.57290 0.00000 0.118 0.176 0.361
v 0.06106 1.57290 -0.01819 0.118 0.176 0.361
v 0.05194 1.57290 -0.03459 0.118 0.176 0.361
v 0.03774 1.57290 -0.04761 0.784 0.557 0.408
v 0.01984 1.57290 -0.05597 0.784 0.557 0.408
v 0.00000 1.57290 -0.05885 0.784 0.557 0.408
v -0.01984 1.57290 -0.05597 0.784 0.557 0.408
v -0.03774 1.57290 -0.04761 0.784 0.557 0.408
v -0.05194 1.57290 -0.03459 0.118 0.176 0.361
v -0.06106 1.57290 -0.01819 0.118 0.176 0.361
v 0.00000 0.92020 0.00000 0.149 0.192 0.310
v 0.00000 1.57290 0.00000 0.784 0.557 0.408
v -0.16264 1.10745 0.00000 0.804 0.545 0.231
v -0.15468 1.10745 0.04214 0.804 0.545 0.231
v -0.13158 1.10745 0.08015 0.804 0.545 0.231
v -0.09560 1.10745 0.11032 0.804 0.545 0.231
v -0.05026 1.10745 0.12969 0.804 0.545 0.231
v -0.00000 1.10745 0.13636 0.804 0.545 0.231
v 0.05026 1.10745 0.12969 0.804 0.545 0.231
v 0.09560 1.10745 0.11032 0.804 0.545 0.231
v 0.13158 1.10745 0.08015 0.804 0.545 0.231
v 0.15468 1.10745 0.04214 0.804 0.545 0.231
v 0.16264 1.10745 0.00000 0.804 0.545 0.231
v 0.15468 1.10745 -0.04214 0.804 0.545 0.231
v 0.13158 1.10745 -0.08015 0.804 0.545 0.231
v 0.09560 1.10745 -0.11032 0.804 0.545 0.231
v 0.05026 1.10745 -0.12969 0.804 0.545 0.231
v 0.00000 1.10745 -0.13636 0.804 0.545 0.231
v -0.05026 1.10745 -0.12969 0.804 0.545 0.231
v -0.09560 1.10745 -0.11032 0.804 0.545 0.231
v -0.13158 1.10745 -0.08015 0.804 0.545 0.231
v -0.15468 1.10745 -0.04214 0.804 0.545 0.231
v -0.16050 1.16630 0.00000 0.804 0.545 0.231
v -0.15264 1.16630 0.04136 0.804 0.545 0.231
v -0.12985 1.16630 0.07867 0.804 0.545 0.231
v -0.09434 1.16630 0.10828 0.804 0.545 0.231
v -0.04960 1.16630 0.12729 0.804 0.545 0.231
v -0.00000 1.16630 0.13384 0.804 0.545 0.231
v 0.04960 1.16630 0.12729 0.804 0.545 0.231
v 0.09434 1.16630 0.10828 0.804 0.545 0.231
v 0.12985 1.16630 0.07867 0.804 0.545 0.231
v 0.15264 1.16630 0.04136 0.804 0.545 0.231
v 0.16050 1.16630 0.00000 0.804 0.545 0.231
v 0.15264 1.16630 -0.04136 0.804 0.545 0.231
v 0.12985 1.16630 -0.07867 0.804 0.545 0.231
v 0.09434 1.16630 -0.10828 0.804 0.545 0.231
v 0.04960 1.16630 -0.12729 0.804 0.545 0.231
v 0.00000 1.16630 -0.13384 0.804 0.545 0.231
v -0.04960 1.16630 -0.12729 0.804 0.545 0.231
v -0.09434 1.16630 -0.10828 0.804 0.545 0.231
v -0.12985 1.16630 -0.07867 0.804 0.545 0.231
v -0.15264 1.16630 -0.04136 0.804 0.545 0.231
v 0.00000 1.10745 0.00000 0.804 0.545 0.231
v 0.00000 1.16630 0.00000 0.804 0.545 0.231
v 0.00000 1.10891 0.14101 0.902 0.710 0.396
v 0.00757 1.11694 0.13965 0.902 0.710 0.396
v 0.01070 1.13634 0.13636 0.902 0.710 0.396
v 0.00757 1.15574 0.13307 0.902 0.710 0.396
v 0.00000 1.16377 0.13171 0.902 0.710 0.396
v -0.00757 1.15574 0.13307 0.902 0.710 0.396
v -0.01070 1.13634 0.13636 0.902 0.710 0.396
v -0.00757 1.11694 0.13965 0.902 0.710 0.396
v 0.00000 1.11527 0.15292 0.902 0.710 0.396
v 0.00454 1.12207 0.15177 0.902 0.710 0.396
v 0.00642 1.13848 0.14899 0.902 0.710 0.396
v 0.00454 1.15489 0.14621 0.902 0.710 0.396
v 0.00000 1.16169 0.14505 0.902 0.710 0.396
v -0.00454 1.15489 0.14621 0.902 0.710 0.396
v -0.00642 1.13848 0.14899 0.902 0.710 0.396
v -0.00454 1.12207 0.15177 0.902 0.710 0.396
v 0.00000 1.13634 0.13636 0.902 0.710 0.396
v 0.00000 1.13848 0.14899 0.902 0.710 0.396
v -0.08774 1.53010 0.00000 0.804 0.545 0.231
v -0.08106 1.53255 0.02856 0.804 0.545 0.231
v -0.06204 1.53462 0.05277 0.804 0.545 0.231
v -0.03358 1.53601 0.06895 0.804 0.545 0.231
v -0.00000 1.53650 0.07463 0.804 0.545 0.231
v 0.03358 1.53601 0.06895 0.804 0.545 0.231
v 0.06204 1.53462 0.05277 0.804 0.545 0.231
v 0.08106 1.53255 0.02856 0.804 0.545 0.231
v 0.08774 1.53010 0.00000 0.804 0.545 0.231
v 0.08106 1.52765 -0.02856 0.804 0.545 0.231
v 0.06204 1.52558 -0.05277 0.804 0.545 0.231
v 0.03358 1.52419 -0.06895 0.804 0.545 0.231
v 0.00000 1.52370 -0.07463 0.804 0.545 0.231
v -0.03358 1.52419 -0.06895 0.804 0.545 0.231
v -0.06204 1.52558 -0.05277 0.804 0.545 0.231
v -0.08106 1.52765 -0.02856 0.804 0.545 0.231
v -0.07918 1.60500 -0.00642 0.804 0.545 0.231
v -0.07315 1.60731 0.02051 0.804 0.545 0.231
v -0.05599 1.60926 0.04333 0.804 0.545 0.231
v -0.03030 1.61057 0.05859 0.804 0.545 0.231
v -0.00000 1.61103 0.06394 0.804 0.545 0.231
v 0.03030 1.61057 0.05859 0.804 0.545 0.231
v 0.05599 1.60926 0.04333 0.804 0.545 0.231
v 0.07315 1.60731 0.02051 0.804 0.545 0.231
v 0.07918 1.60500 -0.00642 0.804 0.545 0.231
v 0.07315 1.60269 -0.03335 0.804 0.545 0.231
v 0.05599 1.60074 -0.05617 0.804 0.545 0.231
v 0.03030 1.59943 -0.07143 0.804 0.545 0.231
v 0.00000 1.59897 -0.07678 0.804 0.545 0.231
v -0.03030 1.59943 -0.07143 0.804 0.545 0.231
v -0.05599 1.60074 -0.05617 0.804 0.545 0.231
v -0.07315 1.60269 -0.03335 0.804 0.545 0.231
v -0.07223 1.51940 0.00000 0.784 0.557 0.408
v -0.06255 1.51760 0.03607 0.784 0.557 0.408
v -0.03611 1.51628 0.06247 0.784 0.557 0.408
v -0.00000 1.51579 0.07213 0.784 0.557 0.408
v 0.03611 1.51628 0.06247 0.784 0.557 0.408
v 0.06255 1.51760 0.03607 0.784 0.557 0.408
v 0.07223 1.51940 0.00000 0.784 0.557 0.408
v 0.06255 1.52120 -0.03607 0.784 0.557 0.408
v 0.03611 1.52252 -0.06247 0.784 0.557 0.408
v 0.00000 1.52301 -0.07213 0.784 0.557 0.408
v -0.03611 1.52252 -0.06247 0.784 0.557 0.408
v -0.06255 1.52120 -0.03607 0.784 0.557 0.408
v -0.06688 1.60500 0.00428 0.784 0.557 0.408
v -0.05792 1.60278 0.03764 0.784 0.557 0.408
v -0.03344 1.60115 0.06207 0.784 0.557 0.408
v -0.00000 1.60055 0.07101 0.784 0.557 0.408
v 0.03344 1.60115 0.06207 0.784 0.557 0.408
v 0.05792 1.60278 0.03764 0.784 0.557 0.408
v 0.06688 1.60500 0.00428 0.784 0.557 0.408
v 0.05792 1.60722 -0.02908 0.784 0.557 0.408
v 0.03344 1.60885 -0.05351 0.784 0.557 0.408
v 0.00000 1.60945 -0.06245 0.784 0.557 0.408
v -0.03344 1.60885 -0.05351 0.784 0.557 0.408
v -0.05792 1.60722 -0.02908 0.784 0.557 0.408
v -0.06420 1.71200 0.01284 0.784 0.557 0.408
v -0.05560 1.70944 0.04484 0.784 0.557 0.408
v -0.03210 1.70757 0.06826 0.784 0.557 0.408
v -0.00000 1.70688 0.07684 0.784 0.557 0.408
v 0.03210 1.70757 0.06826 0.784 0.557 0.408
v 0.05560 1.70944 0.04484 0.784 0.557 0.408
v 0.06420 1.71200 0.01284 0.784 0.557 0.408
v 0.05560 1.71456 -0.01916 0.784 0.557 0.408
v 0.03210 1.71643 -0.04258 0.784 0.557 0.408
v 0.00000 1.71712 -0.05116 0.784 0.557 0.408
v -0.03210 1.71643 -0.04258 0.784 0.557 0.408
v -0.05560 1.71456 -0.01916 0.784 0.557 0.408
v 0.00000 1.71200 0.01284 0.784 0.557 0.408
v 0.34490 1.56664 0.00000 0.784 0.557 0.408
v 0.33216 1.56069 0.05249 0.784 0.557 0.408
v 0.29734 1.54444 0.09092 0.784 0.557 0.408
v 0.24977 1.52224 0.10498 0.784 0.557 0.408
v 0.20220 1.50004 0.09092 0.784 0.557 0.408
v 0.16738 1.48379 0.05249 0.784 0.557 0.408
v 0.15463 1.47784 0.00000 0.784 0.557 0.408
v 0.16738 1.48379 -0.05249 0.784 0.557 0.408
v 0.20220 1.50004 -0.09092 0.784 0.557 0.408
v 0.24977 1.52224 -0.10498 0.784 0.557 0.408
v 0.29734 1.54444 -0.09092 0.784 0.557 0.408
v 0.33216 1.56069 -0.05249 0.784 0.557 0.408
v 0.35460 1.54164 0.00000 0.784 0.557 0.408
v 0.34207 1.53580 0.05160 0.784 0.557 0.408
v 0.30784 1.51982 0.08938 0.784 0.557 0.408
v 0.26108 1.49800 0.10320 0.784 0.557 0.408
v 0.21432 1.47618 0.08938 0.784 0.557 0.408
v 0.18009 1.46020 0.05160 0.784 0.557 0.408
v 0.16756 1.45436 0.00000 0.784 0.557 0.408
v 0.18009 1.46020 -0.05160 0.784 0.557 0.408
v 0.21432 1.47618 -0.08938 0.784 0.557 0.408
v 0.26108 1.49800 -0.10320 0.784 0.557 0.408
v 0.30784 1.51982 -0.08938 0.784 0.557 0.408
v 0.34207 1.53580 -0.05160 0.784 0.557 0.408
v 0.39761 1.42002 0.00000 0.784 0.557 0.408
v 0.38660 1.41488 0.04537 0.784 0.557 0.408
v 0.35650 1.40083 0.07859 0.784 0.557 0.408
v 0.31538 1.38165 0.09075 0.784 0.557 0.408
v 0.27426 1.36246 0.07859 0.784 0.557 0.408
v 0.24416 1.34841 0.04537 0.784 0.557 0.408
v 0.23314 1.34327 0.00000 0.784 0.557 0.408
v 0.24416 1.34841 -0.04537 0.784 0.557 0.408
v 0.27426 1.36246 -0.07859 0.784 0.557 0.408
v 0.31538 1.38165 -0.09075 0.784 0.557 0.408
v 0.35650 1.40083 -0.07859 0.784 0.557 0.408
v 0.38660 1.41488 -0.04537 0.784 0.557 0.408
v 0.44096 1.28085 0.00000 0.784 0.557 0.408
v 0.43232 1.27681 0.03559 0.784 0.557 0.408
v 0.40871 1.26580 0.06164 0.784 0.557 0.408
v 0.37646 1.25075 0.07118 0.784 0.557 0.408
v 0.34422 1.23570 0.06164 0.784 0.557 0.408
v 0.32061 1.22468 0.03559 0.784 0.557 0.408
v 0.31197 1.22065 0.00000 0.784 0.557 0.408
v 0.32061 1.22468 -0.03559 0.784 0.557 0.408
v 0.34422 1.23570 -0.06164 0.784 0.557 0.408
v 0.37646 1.25075 -0.07118 0.784 0.557 0.408
v 0.40871 1.26580 -0.06164 0.784 0.557 0.408
v 0.43232 1.27681 -0.03559 0.784 0.557 0.408
v 0.45649 1.23496 0.00000 0.784 0.557 0.408
v 0.44849 1.23123 0.03292 0.784 0.557 0.408
v 0.42666 1.22104 0.05702 0.784 0.557 0.408
v 0.39683 1.20712 0.06584 0.784 0.557 0.408
v 0.36700 1.19319 0.05702 0.784 0.557 0.408
v 0.34516 1.18300 0.03292 0.784 0.557 0.408
v 0.33717 1.17927 0.00000 0.784 0.557 0.408
v 0.34516 1.18300 -0.03292 0.784 0.557 0.408
v 0.36700 1.19319 -0.05702 0.784 0.557 0.408
v 0.39683 1.20712 -0.06584 0.784 0.557 0.408
v 0.42666 1.22104 -0.05702 0.784 0.557 0.408
v 0.44849 1.23123 -0.03292 0.784 0.557 0.408
v 0.47804 1.19719 0.00000 0.784 0.557 0.408
v 0.46961 1.19326 0.03470 0.784 0.557 0.408
v 0.44659 1.18252 0.06010 0.784 0.557 0.408
v 0.41515 1.16785 0.06940 0.784 0.557 0.408
v 0.38371 1.15317 0.06010 0.784 0.557 0.408
v 0.36069 1.14243 0.03470 0.784 0.557 0.408
v 0.35227 1.13850 0.00000 0.784 0.557 0.408
v 0.36069 1.14243 -0.03470 0.784 0.557 0.408
v 0.38371 1.15317 -0.06010 0.784 0.557 0.408
v 0.41515 1.16785 -0.06940 0.784 0.557 0.408
v 0.44659 1.18252 -0.06010 0.784 0.557 0.408
v 0.46961 1.19326 -0.03470 0.784 0.557 0.408
v 0.51503 1.13475 0.00000 0.784 0.557 0.408
v 0.50574 1.13042 0.03826 0.784 0.557 0.408
v 0.48036 1.11857 0.06626 0.784 0.557 0.408
v 0.44569 1.10240 0.07651 0.784 0.557 0.408
v 0.41103 1.08622 0.06626 0.784 0.557 0.408
v 0.38565 1.07438 0.03826 0.784 0.557 0.408
v 0.37636 1.07004 0.00000 0.784 0.557 0.408
v 0.38565 1.07438 -0.03826 0.784 0.557 0.408
v 0.41103 1.08622 -0.06626 0.784 0.557 0.408
v 0.44569 1.10240 -0.07651 0.784 0.557 0.408
v 0.48036 1.11857 -0.06626 0.784 0.557 0.408
v 0.50574 1.13042 -0.03826 0.784 0.557 0.408
v 0.54905 1.00716 0.00000 0.784 0.557 0.408
v 0.54256 1.00414 0.02669 0.784 0.557 0.408
v 0.52486 0.99588 0.04623 0.784 0.557 0.408
v 0.50067 0.98459 0.05338 0.784 0.557 0.408
v 0.47649 0.97330 0.04623 0.784 0.557 0.408
v 0.45878 0.96504 0.02669 0.784 0.557 0.408
v 0.45230 0.96201 0.00000 0.784 0.557 0.408
v 0.45878 0.96504 -0.02669 0.784 0.557 0.408
v 0.47649 0.97330 -0.04623 0.784 0.557 0.408
v 0.50067 0.98459 -0.05338 0.784 0.557 0.408
v 0.52486 0.99588 -0.04623 0.784 0.557 0.408
v 0.54256 1.00414 -0.02669 0.784 0.557 0.408
v 0.56334 0.96601 0.00000 0.784 0.557 0.408
v 0.55740 0.96324 0.02447 0.784 0.557 0.408
v 0.54117 0.95567 0.04238 0.784 0.557 0.408
v 0.51900 0.94532 0.04893 0.784 0.557 0.408
v 0.49683 0.93497 0.04238 0.784 0.557 0.408
v 0.48060 0.92740 0.02447 0.784 0.557 0.408
v 0.47466 0.92463 0.00000 0.784 0.557 0.408
v 0.48060 0.92740 -0.02447 0.784 0.557 0.408
v 0.49683 0.93497 -0.04238 0.784 0.557 0.408
v 0.51900 0.94532 -0.04893 0.784 0.557 0.408
v 0.54117 0.95567 -0.04238 0.784 0.557 0.408
v 0.55740 0.96324 -0.02447 0.784 0.557 0.408
v 0.24977 1.52224 0.00000 0.784 0.557 0.408
v 0.51900 0.94532 0.00000 0.784 0.557 0.408
v 0.55017 1.03000 0.00000 0.804 0.545 0.231
v 0.54239 1.02637 0.03203 0.804 0.545 0.231
v 0.52114 1.01646 0.05548 0.804 0.545 0.231
v 0.49212 1.00291 0.06406 0.804 0.545 0.231
v 0.46310 0.98937 0.05548 0.804 0.545 0.231
v 0.44185 0.97945 0.03203 0.804 0.545 0.231
v 0.43407 0.97582 0.00000 0.804 0.545 0.231
v 0.44185 0.97945 -0.03203 0.804 0.545 0.231
v 0.46310 0.98937 -0.05548 0.804 0.545 0.231
v 0.49212 1.00291 -0.06406 0.804 0.545 0.231
v 0.52114 1.01646 -0.05548 0.804 0.545 0.231
v 0.54239 1.02637 -0.03203 0.804 0.545 0.231
v 0.56732 0.98062 0.00000 0.804 0.545 0.231
v 0.56019 0.97730 0.02936 0.804 0.545 0.231
v 0.54072 0.96821 0.05085 0.804 0.545 0.231
v 0.51411 0.95579 0.05872 0.804 0.545 0.231
v 0.48751 0.94337 0.05085 0.804 0.545 0.231
v 0.46803 0.93429 0.02936 0.804 0.545 0.231
v 0.46090 0.93096 0.00000 0.804 0.545 0.231
v 0.46803 0.93429 -0.02936 0.804 0.545 0.231
v 0.48751 0.94337 -0.05085 0.804 0.545 0.231
v 0.51411 0.95579 -0.05872 0.804 0.545 0.231
v 0.54072 0.96821 -0.05085 0.804 0.545 0.231
v 0.56019 0.97730 -0.02936 0.804 0.545 0.231
v 0.57441 0.95701 0.00000 0.804 0.545 0.231
v 0.56772 0.95389 0.02758 0.804 0.545 0.231
v 0.54942 0.94535 0.04777 0.804 0.545 0.231
v 0.52443 0.93368 0.05516 0.804 0.545 0.231
v 0.49943 0.92202 0.04777 0.804 0.545 0.231
v 0.48114 0.91348 0.02758 0.804 0.545 0.231
v 0.47444 0.91036 0.00000 0.804 0.545 0.231
v 0.48114 0.91348 -0.02758 0.804 0.545 0.231
v 0.49943 0.92202 -0.04777 0.804 0.545 0.231
v 0.52443 0.93368 -0.05516 0.804 0.545 0.231
v 0.54942 0.94535 -0.04777 0.804 0.545 0.231
v 0.56772 0.95389 -0.02758 0.804 0.545 0.231
v 0.49212 1.00291 0.00000 0.804 0.545 0.231
v 0.52443 0.93368 0.00000 0.804 0.545 0.231
v 0.51900 0.94532 0.04931 0.784 0.557 0.408
v 0.50145 0.93713 0.03486 0.784 0.557 0.408
v 0.49418 0.93374 0.00000 0.784 0.557 0.408
v 0.50145 0.93713 -0.03486 0.784 0.557 0.408
v 0.51900 0.94532 -0.04931 0.784 0.557 0.408
v 0.53655 0.95351 -0.03486 0.784 0.557 0.408
v 0.54382 0.95690 -0.00000 0.784 0.557 0.408
v 0.53655 0.95351 0.03486 0.784 0.557 0.408
v 0.53483 0.91138 0.04657 0.784 0.557 0.408
v 0.51904 0.90401 0.03293 0.784 0.557 0.408
v 0.51249 0.90096 0.00000 0.784 0.557 0.408
v 0.51904 0.90401 -0.03293 0.784 0.557 0.408
v 0.53483 0.91138 -0.04657 0.784 0.557 0.408
v 0.55063 0.91875 -0.03293 0.784 0.557 0.408
v 0.55717 0.92181 -0.00000 0.784 0.557 0.408
v 0.55063 0.91875 0.03293 0.784 0.557 0.408
v 0.55293 0.87260 0.04383 0.784 0.557 0.408
v 0.53889 0.86604 0.03099 0.784 0.557 0.408
v 0.53308 0.86333 0.00000 0.784 0.557 0.408
v 0.53889 0.86604 -0.03099 0.784 0.557 0.408
v 0.55293 0.87260 -0.04383 0.784 0.557 0.408
v 0.56698 0.87915 -0.03099 0.784 0.557 0.408
v 0.57279 0.88186 -0.00000 0.784 0.557 0.408
v 0.56698 0.87915 0.03099 0.784 0.557 0.408
v 0.51900 0.94532 0.00000 0.784 0.557 0.408
v 0.55293 0.87260 0.00000 0.784 0.557 0.408
v 0.51748 0.93482 0.05469 0.784 0.557 0.408
v 0.50612 0.92411 0.04767 0.784 0.557 0.408
v 0.51027 0.91521 0.03365 0.784 0.557 0.408
v 0.52578 0.91703 0.02663 0.784 0.557 0.408
v 0.53714 0.92775 0.03365 0.784 0.557 0.408
v 0.53299 0.93664 0.04767 0.784 0.557 0.408
v 0.52603 0.91650 0.06759 0.784 0.557 0.408
v 0.51535 0.90642 0.06100 0.784 0.557 0.408
v 0.51925 0.89806 0.04781 0.784 0.557 0.408
v 0.53383 0.89977 0.04122 0.784 0.557 0.408
v 0.54451 0.90985 0.04781 0.784 0.557 0.408
v 0.54061 0.91821 0.06100 0.784 0.557 0.408
v 0.52975 0.90851 0.07292 0.784 0.557 0.408
v 0.51953 0.89887 0.06661 0.784 0.557 0.408
v 0.52327 0.89086 0.05398 0.784 0.557 0.408
v 0.53723 0.89250 0.04767 0.784 0.557 0.408
v 0.54745 0.90215 0.05398 0.784 0.557 0.408
v 0.54371 0.91015 0.06661 0.784 0.557 0.408
v 0.53631 0.89446 0.08210 0.784 0.557 0.408
v 0.52700 0.88567 0.07635 0.784 0.557 0.408
v 0.53040 0.87837 0.06485 0.784 0.557 0.408
v 0.54312 0.87987 0.05910 0.784 0.557 0.408
v 0.55244 0.88866 0.06485 0.784 0.557 0.408
v 0.54903 0.89595 0.07635 0.784 0.557 0.408
v 0.54130 0.88378 0.08617 0.784 0.557 0.408
v 0.53425 0.87714 0.08182 0.784 0.557 0.408
v 0.53683 0.87162 0.07313 0.784 0.557 0.408
v 0.54644 0.87275 0.06878 0.784 0.557 0.408
v 0.55349 0.87940 0.07313 0.784 0.557 0.408
v 0.55091 0.88491 0.08182 0.784 0.557 0.408
v 0.52163 0.92593 0.04066 0.784 0.557 0.408
v 0.54387 0.87827 0.07748 0.784 0.557 0.408
v 0.56823 0.83982 0.04785 0.784 0.557 0.408
v 0.55587 0.83406 0.03998 0.784 0.557 0.408
v 0.55587 0.83406 0.02422 0.784 0.557 0.408
v 0.56823 0.83982 0.01635 0.784 0.557 0.408
v 0.58059 0.84559 0.02422 0.784 0.557 0.408
v 0.58059 0.84559 0.03998 0.784 0.557 0.408
v 0.57963 0.81539 0.04691 0.784 0.557 0.408
v 0.56801 0.80997 0.03950 0.784 0.557 0.408
v 0.56801 0.80997 0.02470 0.784 0.557 0.408
v 0.57963 0.81539 0.01729 0.784 0.557 0.408
v 0.59125 0.82081 0.02470 0.784 0.557 0.408
v 0.59125 0.82081 0.03950 0.784 0.557 0.408
v 0.58452 0.80492 0.04628 0.784 0.557 0.408
v 0.57339 0.79973 0.03919 0.784 0.557 0.408
v 0.57339 0.79973 0.02501 0.784 0.557 0.408
v 0.58452 0.80492 0.01792 0.784 0.557 0.408
v 0.59564 0.81011 0.02501 0.784 0.557 0.408
v 0.59564 0.81011 0.03919 0.784 0.557 0.408
v 0.59266 0.78747 0.04502 0.784 0.557 0.408
v 0.58253 0.78274 0.03856 0.784 0.557 0.408
v 0.58253 0.78274 0.02564 0.784 0.557 0.408
v 0.59266 0.78747 0.01918 0.784 0.557 0.408
v 0.60280 0.79220 0.02564 0.784 0.557 0.408
v 0.60280 0.79220 0.03856 0.784 0.557 0.408
v 0.59809 0.77583 0.04187 0.784 0.557 0.408
v 0.59043 0.77225 0.03698 0.784 0.557 0.408
v 0.59043 0.77225 0.02722 0.784 0.557 0.408
v 0.59809 0.77583 0.02233 0.784 0.557 0.408
v 0.60576 0.77941 0.02722 0.784 0.557 0.408
v 0.60576 0.77941 0.03698 0.784 0.557 0.408
v 0.56823 0.83982 0.03210 0.784 0.557 0.408
v 0.59809 0.77583 0.03210 0.784 0.557 0.408
v 0.56823 0.83982 0.02431 0.784 0.557 0.408
v 0.55587 0.83406 0.01644 0.784 0.557 0.408
v 0.55587 0.83406 0.00068 0.784 0.557 0.408
v 0.56823 0.83982 -0.00719 0.784 0.557 0.408
v 0.58059 0.84559 0.00068 0.784 0.557 0.408
v 0.58059 0.84559 0.01644 0.784 0.557 0.408
v 0.58090 0.81268 0.02337 0.784 0.557 0.408
v 0.56928 0.80725 0.01596 0.784 0.557 0.408
v 0.56928 0.80725 0.00116 0.784 0.557 0.408
v 0.58090 0.81268 -0.00625 0.784 0.557 0.408
v 0.59252 0.81810 0.00116 0.784 0.557 0.408
v 0.59252 0.81810 0.01596 0.784 0.557 0.408
v 0.58633 0.80104 0.02274 0.784 0.557 0.408
v 0.57520 0.79585 0.01565 0.784 0.557 0.408
v 0.57520 0.79585 0.00147 0.784 0.557 0.408
v 0.58633 0.80104 -0.00562 0.784 0.557 0.408
v 0.59745 0.80623 0.00147 0.784 0.557 0.408
v 0.59745 0.80623 0.01565 0.784 0.557 0.408
v 0.59447 0.78359 0.02148 0.784 0.557 0.408
v 0.58434 0.77886 0.01502 0.784 0.557 0.408
v 0.58434 0.77886 0.00210 0.784 0.557 0.408
v 0.59447 0.78359 -0.00436 0.784 0.557 0.408
v 0.60461 0.78832 0.00210 0.784 0.557 0.408
v 0.60461 0.78832 0.01502 0.784 0.557 0.408
v 0.59990 0.77195 0.01833 0.784 0.557 0.408
v 0.59224 0.76838 0.01344 0.784 0.557 0.408
v 0.59224 0.76838 0.00368 0.784 0.557 0.408
v 0.59990 0.77195 -0.00121 0.784 0.557 0.408
v 0.60757 0.77553 0.00368 0.784 0.557 0.408
v 0.60757 0.77553 0.01344 0.784 0.557 0.408
v 0.56823 0.83982 0.00856 0.784 0.557 0.408
v 0.59990 0.77195 0.00856 0.784 0.557 0.408
v 0.56823 0.83982 -0.00077 0.784 0.557 0.408
v 0.55372 0.83305 -0.01002 0.784 0.557 0.408
v 0.55372 0.83305 -0.02850 0.784 0.557 0.408
v 0.56823 0.83982 -0.03775 0.784 0.557 0.408
v 0.58274 0.84660 -0.02850 0.784 0.557 0.408
v 0.58274 0.84660 -0.01002 0.784 0.557 0.408
v 0.57963 0.81539 -0.00188 0.784 0.557 0.408
v 0.56599 0.80903 -0.01057 0.784 0.557 0.408
v 0.56599 0.80903 -0.02795 0.784 0.557 0.408
v 0.57963 0.81539 -0.03664 0.784 0.557 0.408
v 0.59327 0.82176 -0.02795 0.784 0.557 0.408
v 0.59327 0.82176 -0.01057 0.784 0.557 0.408
v 0.58452 0.80492 -0.00262 0.784 0.557 0.408
v 0.57146 0.79882 -0.01094 0.784 0.557 0.408
v 0.57146 0.79882 -0.02758 0.784 0.557 0.408
v 0.58452 0.80492 -0.03590 0.784 0.557 0.408
v 0.59758 0.81101 -0.02758 0.784 0.557 0.408
v 0.59758 0.81101 -0.01094 0.784 0.557 0.408
v 0.59266 0.78747 -0.00410 0.784 0.557 0.408
v 0.58076 0.78191 -0.01168 0.784 0.557 0.408
v 0.58076 0.78191 -0.02684 0.784 0.557 0.408
v 0.59266 0.78747 -0.03442 0.784 0.557 0.408
v 0.60456 0.79302 -0.02684 0.784 0.557 0.408
v 0.60456 0.79302 -0.01168 0.784 0.557 0.408
v 0.59809 0.77583 -0.00780 0.784 0.557 0.408
v 0.58910 0.77163 -0.01353 0.784 0.557 0.408
v 0.58910 0.77163 -0.02499 0.784 0.557 0.408
v 0.59809 0.77583 -0.03072 0.784 0.557 0.408
v 0.60709 0.78003 -0.02499 0.784 0.557 0.408
v 0.60709 0.78003 -0.01353 0.784 0.557 0.408
v 0.56823 0.83982 -0.01926 0.784 0.557 0.408
v 0.59809 0.77583 -0.01926 0.784 0.557 0.408
v -0.15463 1.47784 0.00000 0.784 0.557 0.408
v -0.16738 1.48379 0.05249 0.784 0.557 0.408
v -0.20220 1.50004 0.09092 0.784 0.557 0.408
v -0.24977 1.52224 0.10498 0.784 0.557 0.408
v -0.29734 1.54444 0.09092 0.784 0.557 0.408
v -0.33216 1.56069 0.05249 0.784 0.557 0.408
v -0.34490 1.56664 0.00000 0.784 0.557 0.408
v -0.33216 1.56069 -0.05249 0.784 0.557 0.408
v -0.29734 1.54444 -0.09092 0.784 0.557 0.408
v -0.24977 1.52224 -0.10498 0.784 0.557 0.408
v -0.20220 1.50004 -0.09092 0.784 0.557 0.408
v -0.16738 1.48379 -0.05249 0.784 0.557 0.408
v -0.16756 1.45436 0.00000 0.784 0.557 0.408
v -0.18009 1.46020 0.05160 0.784 0.557 0.408
v -0.21432 1.47618 0.08938 0.784 0.557 0.408
v -0.26108 1.49800 0.10320 0.784 0.557 0.408
v -0.30784 1.51982 0.08938 0.784 0.557 0.408
v -0.34207 1.53580 0.05160 0.784 0.557 0.408
v -0.35460 1.54164 0.00000 0.784 0.557 0.408
v -0.34207 1.53580 -0.05160 0.784 0.557 0.408
v -0.30784 1.51982 -0.08938 0.784 0.557 0.408
v -0.26108 1.49800 -0.10320 0.784 0.557 0.408
v -0.21432 1.47618 -0.08938 0.784 0.557 0.408
v -0.18009 1.46020 -0.05160 0.784 0.557 0.408
v -0.23314 1.34327 0.00000 0.784 0.557 0.408
v -0.24416 1.34841 0.04537 0.784 0.557 0.408
v -0.27426 1.36246 0.07859 0.784 0.557 0.408
v -0.31538 1.38165 0.09075 0.784 0.557 0.408
v -0.35650 1.40083 0.07859 0.784 0.557 0.408
v -0.38660 1.41488 0.04537 0.784 0.557 0.408
v -0.39761 1.42002 0.00000 0.784 0.557 0.408
v -0.38660 1.41488 -0.04537 0.784 0.557 0.408
v -0.35650 1.40083 -0.07859 0.784 0.557 0.408
v -0.31538 1.38165 -0.09075 0.784 0.557 0.408
v -0.27426 1.36246 -0.07859 0.784 0.557 0.408
v -0.24416 1.34841 -0.04537 0.784 0.557 0.408
v -0.31197 1.22065 0.00000 0.784 0.557 0.408
v -0.32061 1.22468 0.03559 0.784 0.557 0.408
v -0.34422 1.23570 0.06164 0.784 0.557 0.408
v -0.37646 1.25075 0.07118 0.784 0.557 0.408
v -0.40871 1.26580 0.06164 0.784 0.557 0.408
v -0.43232 1.27681 0.03559 0.784 0.557 0.408
v -0.44096 1.28085 0.00000 0.784 0.557 0.408
v -0.43232 1.27681 -0.03559 0.784 0.557 0.408
v -0.40871 1.26580 -0.06164 0.784 0.557 0.408
v -0.37646 1.25075 -0.07118 0.784 0.557 0.408
v -0.34422 1.23570 -0.06164 0.784 0.557 0.408
v -0.32061 1.22468 -0.03559 0.784 0.557 0.408
v -0.33717 1.17927 0.00000 0.784 0.557 0.408
v -0.34516 1.18300 0.03292 0.784 0.557 0.408
v -0.36700 1.19319 0.05702 0.784 0.557 0.408
v -0.39683 1.20712 0.06584 0.784 0.557 0.408
v -0.42666 1.22104 0.05702 0.784 0.557 0.408
v -0.44849 1.23123 0.03292 0.784 0.557 0.408
v -0.45649 1.23496 0.00000 0.784 0.557 0.408
v -0.44849 1.23123 -0.03292 0.784 0.557 0.408
v -0.42666 1.22104 -0.05702 0.784 0.557 0.408
v -0.39683 1.20712 -0.06584 0.784 0.557 0.408
v -0.36700 1.19319 -0.05702 0.784 0.557 0.408
v -0.34516 1.18300 -0.03292 0.784 0.557 0.408
v -0.35227 1.13850 0.00000 0.784 0.557 0.408
v -0.36069 1.14243 0.03470 0.784 0.557 0.408
v -0.38371 1.15317 0.06010 0.784 0.557 0.408
v -0.41515 1.16785 0.06940 0.784 0.557 0.408
v -0.44659 1.18252 0.06010 0.784 0.557 0.408
v -0.46961 1.19326 0.03470 0.784 0.557 0.408
v -0.47804 1.19719 0.00000 0.784 0.557 0.408
v -0.46961 1.19326 -0.03470 0.784 0.557 0.408
v -0.44659 1.18252 -0.06010 0.784 0.557 0.408
v -0.41515 1.16785 -0.06940 0.784 0.557 0.408
v -0.38371 1.15317 -0.06010 0.784 0.557 0.408
v -0.36069 1.14243 -0.03470 0.784 0.557 0.408
v -0.37636 1.07004 0.00000 0.784 0.557 0.408
v -0.38565 1.07438 0.03826 0.784 0.557 0.408
v -0.41103 1.08622 0.06626 0.784 0.557 0.408
v -0.44569 1.10240 0.07651 0.784 0.557 0.408
v -0.48036 1.11857 0.06626 0.784 0.557 0.408
v -0.50574 1.13042 0.03826 0.784 0.557 0.408
v -0.51503 1.13475 0.00000 0.784 0.557 0.408
v -0.50574 1.13042 -0.03826 0.784 0.557 0.408
v -0.48036 1.11857 -0.06626 0.784 0.557 0.408
v -0.44569 1.10240 -0.07651 0.784 0.557 0.408
v -0.41103 1.08622 -0.06626 0.784 0.557 0.408
v -0.38565 1.07438 -0.03826 0.784 0.557 0.408
v -0.45230 0.96201 0.00000 0.784 0.557 0.408
v -0.45878 0.96504 0.02669 0.784 0.557 0.408
v -0.47649 0.97330 0.04623 0.784 0.557 0.408
v -0.50067 0.98459 0.05338 0.784 0.557 0.408
v -0.52486 0.99588 0.04623 0.784 0.557 0.408
v -0.54256 1.00414 0.02669 0.784 0.557 0.408
v -0.54905 1.00716 0.00000 0.784 0.557 0.408
v -0.54256 1.00414 -0.02669 0.784 0.557 0.408
v -0.52486 0.99588 -0.04623 0.784 0.557 0.408
v -0.50067 0.98459 -0.05338 0.784 0.557 0.408
v -0.47649 0.97330 -0.04623 0.784 0.557 0.408
v -0.45878 0.96504 -0.02669 0.784 0.557 0.408
v -0.47466 0.92463 0.00000 0.784 0.557 0.408
v -0.48060 0.92740 0.02447 0.784 0.557 0.408
v -0.49683 0.93497 0.04238 0.784 0.557 0.408
v -0.51900 0.94532 0.04893 0.784 0.557 0.408
v -0.54117 0.95567 0.04238 0.784 0.557 0.408
v -0.55740 0.96324 0.02447 0.784 0.557 0.408
v -0.56334 0.96601 0.00000 0.784 0.557 0.408
v -0.55740 0.96324 -0.02447 0.784 0.557 0.408
v -0.54117 0.95567 -0.04238 0.784 0.557 0.408
v -0.51900 0.94532 -0.04893 0.784 0.557 0.408
v -0.49683 0.93497 -0.04238 0.784 0.557 0.408
v -0.48060 0.92740 -0.02447 0.784 0.557 0.408
v -0.24977 1.52224 0.00000 0.784 0.557 0.408
v -0.51900 0.94532 0.00000 0.784 0.557 0.408
v -0.43407 0.97582 0.00000 0.804 0.545 0.231
v -0.44185 0.97945 0.03203 0.804 0.545 0.231
v -0.46310 0.98937 0.05548 0.804 0.545 0.231
v -0.49212 1.00291 0.06406 0.804 0.545 0.231
v -0.52114 1.01646 0.05548 0.804 0.545 0.231
v -0.54239 1.02637 0.03203 0.804 0.545 0.231
v -0.55017 1.03000 0.00000 0.804 0.545 0.231
v -0.54239 1.02637 -0.03203 0.804 0.545 0.231
v -0.52114 1.01646 -0.05548 0.804 0.545 0.231
v -0.49212 1.00291 -0.06406 0.804 0.545 0.231
v -0.46310 0.98937 -0.05548 0.804 0.545 0.231
v -0.44185 0.97945 -0.03203 0.804 0.545 0.231
v -0.46090 0.93096 0.00000 0.804 0.545 0.231
v -0.46803 0.93429 0.02936 0.804 0.545 0.231
v -0.48751 0.94337 0.05085 0.804 0.545 0.231
v -0.51411 0.95579 0.05872 0.804 0.545 0.231
v -0.54072 0.96821 0.05085 0.804 0.545 0.231
v -0.56019 0.97730 0.02936 0.804 0.545 0.231
v -0.56732 0.98062 0.00000 0.804 0.545 0.231
v -0.56019 0.97730 -0.02936 0.804 0.545 0.231
v -0.54072 0.96821 -0.05085 0.804 0.545 0.231
v -0.51411 0.95579 -0.05872 0.804 0.545 0.231
v -0.48751 0.94337 -0.05085 0.804 0.545 0.231
v -0.46803 0.93429 -0.02936 0.804 0.545 0.231
v -0.47444 0.91036 0.00000 0.804 0.545 0.231
v -0.48114 0.91348 0.02758 0.804 0.545 0.231
v -0.49943 0.92202 0.04777 0.804 0.545 0.231
v -0.52443 0.93368 0.05516 0.804 0.545 0.231
v -0.54942 0.94535 0.04777 0.804 0.545 0.231
v -0.56772 0.95389 0.02758 0.804 0.545 0.231
v -0.57441 0.95701 0.00000 0.804 0.545 0.231
v -0.56772 0.95389 -0.02758 0.804 0.545 0.231
v -0.54942 0.94535 -0.04777 0.804 0.545 0.231
v -0.52443 0.93368 -0.05516 0.804 0.545 0.231
v -0.49943 0.92202 -0.04777 0.804 0.545 0.231
v -0.48114 0.91348 -0.02758 0.804 0.545 0.231
v -0.49212 1.00291 0.00000 0.804 0.545 0.231
v -0.52443 0.93368 0.00000 0.804 0.545 0.231
v -0.51900 0.94532 0.04931 0.784 0.557 0.408
v -0.50145 0.93713 0.03486 0.784 0.557 0.408
v -0.49418 0.93374 0.00000 0.784 0.557 0.408
v -0.50145 0.93713 -0.03486 0.784 0.557 0.408
v -0.51900 0.94532 -0.04931 0.784 0.557 0.408
v -0.53655 0.95351 -0.03486 0.784 0.557 0.408
v -0.54382 0.95690 -0.00000 0.784 0.557 0.408
v -0.53655 0.95351 0.03486 0.784 0.557 0.408
v -0.53483 0.91138 0.04657 0.784 0.557 0.408
v -0.51904 0.90401 0.03293 0.784 0.557 0.408
v -0.51249 0.90096 0.00000 0.784 0.557 0.408
v -0.51904 0.90401 -0.03293 0.784 0.557 0.408
v -0.53483 0.91138 -0.04657 0.784 0.557 0.408
v -0.55063 0.91875 -0.03293 0.784 0.557 0.408
v -0.55717 0.92181 -0.00000 0.784 0.557 0.408
v -0.55063 0.91875 0.03293 0.784 0.557 0.408
v -0.55293 0.87260 0.04383 0.784 0.557 0.408
v -0.53889 0.86604 0.03099 0.784 0.557 0.408
v -0.53308 0.86333 0.00000 0.784 0.557 0.408
v -0.53889 0.86604 -0.03099 0.784 0.557 0.408
v -0.55293 0.87260 -0.04383 0.784 0.557 0.408
v -0.56698 0.87915 -0.03099 0.784 0.557 0.408
v -0.57279 0.88186 -0.00000 0.784 0.557 0.408
v -0.56698 0.87915 0.03099 0.784 0.557 0.408
v -0.51900 0.94532 0.00000 0.784 0.557 0.408
v -0.55293 0.87260 0.00000 0.784 0.557 0.408
v -0.52578 0.91703 0.02663 0.784 0.557 0.408
v -0.51027 0.91521 0.03365 0.784 0.557 0.408
v -0.50612 0.92411 0.04767 0.784 0.557 0.408
v -0.51748 0.93482 0.05469 0.784 0.557 0.408
v -0.53299 0.93664 0.04767 0.784 0.557 0.408
v -0.53714 0.92775 0.03365 0.784 0.557 0.408
v -0.53383 0.89977 0.04122 0.784 0.557 0.408
v -0.51925 0.89806 0.04781 0.784 0.557 0.408
v -0.51535 0.90642 0.06100 0.784 0.557 0.408
v -0.52603 0.91650 0.06759 0.784 0.557 0.408
v -0.54061 0.91821 0.06100 0.784 0.557 0.408
v -0.54451 0.90985 0.04781 0.784 0.557 0.408
v -0.53723 0.89250 0.04767 0.784 0.557 0.408
v -0.52327 0.89086 0.05398 0.784 0.557 0.408
v -0.51953 0.89887 0.06661 0.784 0.557 0.408
v -0.52975 0.90851 0.07292 0.784 0.557 0.408
v -0.54371 0.91015 0.06661 0.784 0.557 0.408
v -0.54745 0.90215 0.05398 0.784 0.557 0.408
v -0.54312 0.87987 0.05910 0.784 0.557 0.408
v -0.53040 0.87837 0.06485 0.784 0.557 0.408
v -0.52700 0.88567 0.07635 0.784 0.557 0.408
v -0.53631 0.89446 0.08210 0.784 0.557 0.408
v -0.54903 0.89595 0.07635 0.784 0.557 0.408
v -0.55244 0.88866 0.06485 0.784 0.557 0.408
v -0.54644 0.87275 0.06878 0.784 0.557 0.408
v -0.53683 0.87162 0.07313 0.784 0.557 0.408
v -0.53425 0.87714 0.08182 0.784 0.557 0.408
v -0.54130 0.88378 0.08617 0.784 0.557 0.408
v -0.55091 0.88491 0.08182 0.784 0.557 0.408
v -0.55349 0.87940 0.07313 0.784 0.557 0.408
v -0.52163 0.92593 0.04066 0.784 0.557 0.408
v -0.54387 0.87827 0.07748 0.784 0.557 0.408
v -0.56823 0.83982 0.01635 0.784 0.557 0.408
v -0.55587 0.83406 0.02422 0.784 0.557 0.408
v -0.55587 0.83406 0.03998 0.784 0.557 0.408
v -0.56823 0.83982 0.04785 0.784 0.557 0.408
v -0.58059 0.84559 0.03998 0.784 0.557 0.408
v -0.58059 0.84559 0.02422 0.784 0.557 0.408
v -0.57963 0.81539 0.01729 0.784 0.557 0.408
v -0.56801 0.80997 0.02470 0.784 0.557 0.408
v -0.56801 0.80997 0.03950 0.784 0.557 0.408
v -0.57963 0.81539 0.04691 0.784 0.557 0.408
v -0.59125 0.82081 0.03950 0.784 0.557 0.408
v -0.59125 0.82081 0.02470 0.784 0.557 0.408
v -0.58452 0.80492 0.01792 0.784 0.557 0.408
v -0.57339 0.79973 0.02501 0.784 0.557 0.408
v -0.57339 0.79973 0.03919 0.784 0.557 0.408
v -0.58452 0.80492 0.04628 0.784 0.557 0.408
v -0.59564 0.81011 0.03919 0.784 0.557 0.408
v -0.59564 0.81011 0.02501 0.784 0.557 0.408
v -0.59266 0.78747 0.01918 0.784 0.557 0.408
v -0.58253 0.78274 0.02564 0.784 0.557 0.408
v -0.58253 0.78274 0.03856 0.784 0.557 0.408
v -0.59266 0.78747 0.04502 0.784 0.557 0.408
v -0.60280 0.79220 0.03856 0.784 0.557 0.408
v -0.60280 0.79220 0.02564 0.784 0.557 0.408
v -0.59809 0.77583 0.02233 0.784 0.557 0.408
v -0.59043 0.77225 0.02722 0.784 0.557 0.408
v -0.59043 0.77225 0.03698 0.784 0.557 0.408
v -0.59809 0.77583 0.04187 0.784 0.557 0.408
v -0.60576 0.77941 0.03698 0.784 0.557 0.408
v -0.60576 0.77941 0.02722 0.784 0.557 0.408
v -0.56823 0.83982 0.03210 0.784 0.557 0.408
v -0.59809 0.77583 0.03210 0.784 0.557 0.408
v -0.56823 0.83982 -0.00719 0.784 0.557 0.408
v -0.55587 0.83406 0.00068 0.784 0.557 0.408
v -0.55587 0.83406 0.01644 0.784 0.557 0.408
v -0.56823 0.83982 0.02431 0.784 0.557 0.408
v -0.58059 0.84559 0.01644 0.784 0.557 0.408
v -0.58059 0.84559 0.00068 0.784 0.557 0.408
v -0.58090 0.81268 -0.00625 0.784 0.557 0.408
v -0.56928 0.80725 0.00116 0.784 0.557 0.408
v -0.56928 0.80725 0.01596 0.784 0.557 0.408
v -0.58090 0.81268 0.02337 0.784 0.557 0.408
v -0.59252 0.81810 0.01596 0.784 0.557 0.408
v -0.59252 0.81810 0.00116 0.784 0.557 0.408
v -0.58633 0.80104 -0.00562 0.784 0.557 0.408
v -0.57520 0.79585 0.00147 0.784 0.557 0.408
v -0.57520 0.79585 0.01565 0.784 0.557 0.408
v -0.58633 0.80104 0.02274 0.784 0.557 0.408
v -0.59745 0.80623 0.01565 0.784 0.557 0.408
v -0.59745 0.80623 0.00147 0.784 0.557 0.408
v -0.59447 0.78359 -0.00436 0.784 0.557 0.408
v -0.58434 0.77886 0.00210 0.784 0.557 0.408
v -0.58434 0.77886 0.01502 0.784 0.557 0.408
v -0.59447 0.78359 0.02148 0.784 0.557 0.408
v -0.60461 0.78832 0.01502 0.784 0.557 0.408
v -0.60461 0.78832 0.00210 0.784 0.557 0.408
v -0.59990 0.77195 -0.00121 0.784 0.557 0.408
v -0.59224 0.76838 0.00368 0.784 0.557 0.408
v -0.59224 0.76838 0.01344 0.784 0.557 0.408
v -0.59990 0.77195 0.01833 0.784 0.557 0.408
v -0.60757 0.77553 0.01344 0.784 0.557 0.408
v -0.60757 0.77553 0.00368 0.784 0.557 0.408
v -0.56823 0.83982 0.00856 0.784 0.557 0.408
v -0.59990 0.77195 0.00856 0.784 0.557 0.408
v -0.56823 0.83982 -0.03775 0.784 0.557 0.408
v -0.55372 0.83305 -0.02850 0.784 0.557 0.408
v -0.55372 0.83305 -0.01002 0.784 0.557 0.408
v -0.56823 0.83982 -0.00077 0.784 0.557 0.408
v -0.58274 0.84660 -0.01002 0.784 0.557 0.408
v -0.58274 0.84660 -0.02850 0.784 0.557 0.408
v -0.57963 0.81539 -0.03664 0.784 0.557 0.408
v -0.56599 0.80903 -0.02795 0.784 0.557 0.408
v -0.56599 0.80903 -0.01057 0.784 0.557 0.408
v -0.57963 0.81539 -0.00188 0.784 0.557 0.408
v -0.59327 0.82176 -0.01057 0.784 0.557 0.408
v -0.59327 0.82176 -0.02795 0.784 0.557 0.408
v -0.58452 0.80492 -0.03590 0.784 0.557 0.408
v -0.57146 0.79882 -0.02758 0.784 0.557 0.408
v -0.57146 0.79882 -0.01094 0.784 0.557 0.408
v -0.58452 0.80492 -0.00262 0.784 0.557 0.408
v -0.59758 0.81101 -0.01094 0.784 0.557 0.408
v -0.59758 0.81101 -0.02758 0.784 0.557 0.408
v -0.59266 0.78747 -0.03442 0.784 0.557 0.408
v -0.58076 0.78191 -0.02684 0.784 0.557 0.408
v -0.58076 0.78191 -0.01168 0.784 0.557 0.408
v -0.59266 0.78747 -0.00410 0.784 0.557 0.408
v -0.60456 0.79302 -0.01168 0.784 0.557 0.408
v -0.60456 0.79302 -0.02684 0.784 0.557 0.408
v -0.59809 0.77583 -0.03072 0.784 0.557 0.408
v -0.58910 0.77163 -0.02499 0.784 0.557 0.408
v -0.58910 0.77163 -0.01353 0.784 0.557 0.408
v -0.59809 0.77583 -0.00780 0.784 0.557 0.408
v -0.60709 0.78003 -0.01353 0.784 0.557 0.408
v -0.60709 0.78003 -0.02499 0.784 0.557 0.408
v -0.56823 0.83982 -0.01926 0.784 0.557 0.408
v -0.59809 0.77583 -0.01926 0.784 0.557 0.408
v 0.32727 1.62557 0.00000 0.804 0.545 0.231
v 0.32071 1.61771 0.04237 0.804 0.545 0.231
v 0.30235 1.59567 0.07634 0.804 0.545 0.231
v 0.27581 1.56382 0.09520 0.804 0.545 0.231
v 0.24635 1.52848 0.09520 0.804 0.545 0.231
v 0.21981 1.49663 0.07634 0.804 0.545 0.231
v 0.20145 1.47459 0.04237 0.804 0.545 0.231
v 0.19489 1.46673 0.00000 0.804 0.545 0.231
v 0.20145 1.47459 -0.04237 0.804 0.545 0.231
v 0.21981 1.49663 -0.07634 0.804 0.545 0.231
v 0.24635 1.52848 -0.09520 0.804 0.545 0.231
v 0.27581 1.56382 -0.09520 0.804 0.545 0.231
v 0.30235 1.59567 -0.07634 0.804 0.545 0.231
v 0.32071 1.61771 -0.04237 0.804 0.545 0.231
v 0.41744 1.60224 0.00000 0.804 0.545 0.231
v 0.40513 1.59403 0.05233 0.804 0.545 0.231
v 0.37065 1.57105 0.09430 0.804 0.545 0.231
v 0.32083 1.53783 0.11759 0.804 0.545 0.231
v 0.26553 1.50097 0.11759 0.804 0.545 0.231
v 0.21571 1.46775 0.09430 0.804 0.545 0.231
v 0.18123 1.44477 0.05233 0.804 0.545 0.231
v 0.16892 1.43656 0.00000 0.804 0.545 0.231
v 0.18123 1.44477 -0.05233 0.804 0.545 0.231
v 0.21571 1.46775 -0.09430 0.804 0.545 0.231
v 0.26553 1.50097 -0.11759 0.804 0.545 0.231
v 0.32083 1.53783 -0.11759 0.804 0.545 0.231
v 0.37065 1.57105 -0.09430 0.804 0.545 0.231
v 0.40513 1.59403 -0.05233 0.804 0.545 0.231
v 0.44947 1.49430 0.00000 0.541 0.353 0.133
v 0.43611 1.49149 0.04984 0.541 0.353 0.133
v 0.39868 1.48361 0.08981 0.541 0.353 0.133
v 0.34460 1.47222 0.11200 0.541 0.353 0.133
v 0.28456 1.45958 0.11200 0.541 0.353 0.133
v 0.23048 1.44819 0.08981 0.541 0.353 0.133
v 0.19305 1.44031 0.04984 0.541 0.353 0.133
v 0.17969 1.43750 0.00000 0.541 0.353 0.133
v 0.19305 1.44031 -0.04984 0.541 0.353 0.133
v 0.23048 1.44819 -0.08981 0.541 0.353 0.133
v 0.28456 1.45958 -0.11200 0.541 0.353 0.133
v 0.34460 1.47222 -0.11200 0.541 0.353 0.133
v 0.39868 1.48361 -0.08981 0.541 0.353 0.133
v 0.43611 1.49149 -0.04984 0.541 0.353 0.133
v 0.41797 1.41775 0.00000 0.231 0.165 0.102
v 0.40773 1.41775 0.03987 0.231 0.165 0.102
v 0.37904 1.41775 0.07185 0.231 0.165 0.102
v 0.33759 1.41775 0.08960 0.231 0.165 0.102
v 0.29157 1.41775 0.08960 0.231 0.165 0.102
v 0.25012 1.41775 0.07185 0.231 0.165 0.102
v 0.22143 1.41775 0.03987 0.231 0.165 0.102
v 0.21119 1.41775 0.00000 0.231 0.165 0.102
v 0.22143 1.41775 -0.03987 0.231 0.165 0.102
v 0.25012 1.41775 -0.07185 0.231 0.165 0.102
v 0.29157 1.41775 -0.08960 0.231 0.165 0.102
v 0.33759 1.41775 -0.08960 0.231 0.165 0.102
v 0.37904 1.41775 -0.07185 0.231 0.165 0.102
v 0.40773 1.41775 -0.03987 0.231 0.165 0.102
v 0.26108 1.54615 0.00000 0.804 0.545 0.231
v 0.31458 1.41775 0.00000 0.231 0.165 0.102
v 0.00000 1.92420 0.01284 0.784 0.557 0.408
v 0.00000 1.92420 0.01284 0.784 0.557 0.408
v 0.00000 1.92420 0.01284 0.784 0.557 0.408
v 0.00000 1.92420 0.01284 0.784 0.557 0.408
v 0.00000 1.92420 0.01284 0.784 0.557 0.408
v 0.00000 1.92420 0.01284 0.784 0.557 0.408
v 0.00000 1.92420 0.01284 0.784 0.557 0.408
v 0.00000 1.92420 0.01284 0.784 0.557 0.408
v 0.00000 1.92420 0.01284 0.784 0.557 0.408
v 0.00000 1.92420 0.01284 0.784 0.557 0.408
v 0.00000 1.92420 0.01284 0.784 0.557 0.408
v 0.00000 1.92420 0.01284 0.784 0.557 0.408
v 0.00000 1.92420 0.01284 0.784 0.557 0.408
v 0.00000 1.92420 0.01284 0.784 0.557 0.408
v 0.00000 1.92420 0.01284 0.784 0.557 0.408
v 0.00000 1.92420 0.01284 0.784 0.557 0.408
v 0.00000 1.92420 0.01284 0.784 0.557 0.408
v 0.00000 1.92420 0.01284 0.784 0.557 0.408
v 0.00000 1.92420 0.01284 0.784 0.557 0.408
v 0.00000 1.92420 0.01284 0.784 0.557 0.408
v 0.00000 1.92420 0.01284 0.784 0.557 0.408
v 0.00000 1.92420 0.01284 0.784 0.557 0.408
v 0.00000 1.92420 0.01284 0.784 0.557 0.408
v 0.00000 1.92420 0.01284 0.784 0.557 0.408
v 0.00000 1.92420 0.01284 0.784 0.557 0.408
v 0.00000 1.92420 0.01284 0.784 0.557 0.408
v 0.00000 1.92420 0.01284 0.784 0.557 0.408
v 0.00000 1.92420 0.01284 0.784 0.557 0.408
v 0.00000 1.92264 0.03094 0.784 0.557 0.408
v 0.00350 1.92264 0.03048 0.784 0.557 0.408
v 0.00682 1.92264 0.02915 0.784 0.557 0.408
v 0.00979 1.92264 0.02699 0.784 0.557 0.408
v 0.01228 1.92264 0.02412 0.784 0.557 0.408
v 0.01415 1.92264 0.02069 0.784 0.557 0.408
v 0.01531 1.92264 0.01687 0.784 0.557 0.408
v 0.01571 1.92264 0.01284 0.784 0.557 0.408
v 0.01531 1.92264 0.00881 0.784 0.557 0.408
v 0.01415 1.92264 0.00499 0.784 0.557 0.408
v 0.01228 1.92264 0.00156 0.784 0.557 0.408
v 0.00979 1.92264 -0.00131 0.784 0.557 0.408
v 0.00682 1.92264 -0.00347 0.784 0.557 0.408
v 0.00350 1.92264 -0.00480 0.784 0.557 0.408
v 0.00000 1.92264 -0.00526 0.784 0.557 0.408
v -0.00350 1.92264 -0.00480 0.784 0.557 0.408
v -0.00682 1.92264 -0.00347 0.784 0.557 0.408
v -0.00979 1.92264 -0.00131 0.784 0.557 0.408
v -0.01228 1.92264 0.00156 0.784 0.557 0.408
v -0.01415 1.92264 0.00499 0.784 0.557 0.408
v -0.01531 1.92264 0.00881 0.784 0.557 0.408
v -0.01571 1.92264 0.01284 0.784 0.557 0.408
v -0.01531 1.92264 0.01687 0.784 0.557 0.408
v -0.01415 1.92264 0.02069 0.784 0.557 0.408
v -0.01228 1.92264 0.02412 0.784 0.557 0.408
v -0.00979 1.92264 0.02699 0.784 0.557 0.408
v -0.00682 1.92264 0.02915 0.784 0.557 0.408
v -0.00350 1.92264 0.03048 0.784 0.557 0.408
v 0.00000 1.91801 0.04859 0.784 0.557 0.408
v 0.00690 1.91801 0.04769 0.784 0.557 0.408
v 0.01346 1.91801 0.04505 0.784 0.557 0.408
v 0.01935 1.91801 0.04079 0.784 0.557 0.408
v 0.02426 1.91801 0.03513 0.784 0.557 0.408
v 0.02796 1.91801 0.02835 0.784 0.557 0.408
v 0.03025 1.91801 0.02080 0.784 0.557 0.408
v 0.03103 1.91801 0.01284 0.784 0.557 0.408
v 0.03025 1.91801 0.00488 0.784 0.557 0.408
v 0.02796 1.91801 -0.00267 0.784 0.557 0.408
v 0.02426 1.91801 -0.00945 0.784 0.557 0.408
v 0.01935 1.91801 -0.01511 0.784 0.557 0.408
v 0.01346 1.91801 -0.01937 0.784 0.557 0.408
v 0.00690 1.91801 -0.02201 0.784 0.557 0.408
v 0.00000 1.91801 -0.02291 0.784 0.557 0.408
v -0.00690 1.91801 -0.02201 0.784 0.557 0.408
v -0.01346 1.91801 -0.01937 0.784 0.557 0.408
v -0.01935 1.91801 -0.01511 0.784 0.557 0.408
v -0.02426 1.91801 -0.00945 0.784 0.557 0.408
v -0.02796 1.91801 -0.00267 0.784 0.557 0.408
v -0.03025 1.91801 0.00488 0.784 0.557 0.408
v -0.03103 1.91801 0.01284 0.784 0.557 0.408
v -0.03025 1.91801 0.02080 0.784 0.557 0.408
v -0.02796 1.91801 0.02835 0.784 0.557 0.408
v -0.02426 1.91801 0.03513 0.784 0.557 0.408
v -0.01935 1.91801 0.04079 0.784 0.557 0.408
v -0.01346 1.91801 0.04505 0.784 0.557 0.408
v -0.00690 1.91801 0.04769 0.784 0.557 0.408
v 0.00000 1.91040 0.06536 0.784 0.557 0.408
v 0.01014 1.91040 0.06404 0.784 0.557 0.408
v 0.01978 1.91040 0.06016 0.784 0.557 0.408
v 0.02842 1.91040 0.05390 0.784 0.557 0.408
v 0.03564 1.91040 0.04559 0.784 0.557 0.408
v 0.04107 1.91040 0.03563 0.784 0.557 0.408
v 0.04444 1.91040 0.02453 0.784 0.557 0.408
v 0.04558 1.91040 0.01284 0.784 0.557 0.408
v 0.04444 1.91040 0.00115 0.784 0.557 0.408
v 0.04107 1.91040 -0.00995 0.784 0.557 0.408
v 0.03564 1.91040 -0.01991 0.784 0.557 0.408
v 0.02842 1.91040 -0.02822 0.784 0.557 0.408
v 0.01978 1.91040 -0.03448 0.784 0.557 0.408
v 0.01014 1.91040 -0.03836 0.784 0.557 0.408
v 0.00000 1.91040 -0.03968 0.784 0.557 0.408
v -0.01014 1.91040 -0.03836 0.784 0.557 0.408
v -0.01978 1.91040 -0.03448 0.784 0.557 0.408
v -0.02842 1.91040 -0.02822 0.784 0.557 0.408
v -0.03564 1.91040 -0.01991 0.784 0.557 0.408
v -0.04107 1.91040 -0.00995 0.784 0.557 0.408
v -0.04444 1.91040 0.00115 0.784 0.557 0.408
v -0.04558 1.91040 0.01284 0.784 0.557 0.408
v -0.04444 1.91040 0.02453 0.784 0.557 0.408
v -0.04107 1.91040 0.03563 0.784 0.557 0.408
v -0.03564 1.91040 0.04559 0.784 0.557 0.408
v -0.02842 1.91040 0.05390 0.784 0.557 0.408
v -0.01978 1.91040 0.06016 0.784 0.557 0.408
v -0.01014 1.91040 0.06404 0.784 0.557 0.408
v 0.00000 1.90002 0.08084 0.784 0.557 0.408
v 0.01313 1.90002 0.07914 0.784 0.557 0.408
v 0.02561 1.90002 0.07411 0.784 0.557 0.408
v 0.03680 1.90002 0.06600 0.784 0.557 0.408
v 0.04614 1.90002 0.05524 0.784 0.557 0.408
v 0.05317 1.90002 0.04234 0.784 0.557 0.408
v 0.05754 1.90002 0.02797 0.784 0.557 0.408
v 0.05902 1.90002 0.01284 0.784 0.557 0.408
v 0.05754 1.90002 -0.00229 0.784 0.557 0.408
v 0.05317 1.90002 -0.01666 0.784 0.557 0.408
v 0.04614 1.90002 -0.02956 0.784 0.557 0.408
v 0.03680 1.90002 -0.04032 0.784 0.557 0.408
v 0.02561 1.90002 -0.04843 0.784 0.557 0.408
v 0.01313 1.90002 -0.05346 0.784 0.557 0.408
v 0.00000 1.90002 -0.05516 0.784 0.557 0.408
v -0.01313 1.90002 -0.05346 0.784 0.557 0.408
v -0.02561 1.90002 -0.04843 0.784 0.557 0.408
v -0.03680 1.90002 -0.04032 0.784 0.557 0.408
v -0.04614 1.90002 -0.02956 0.784 0.557 0.408
v -0.05317 1.90002 -0.01666 0.784 0.557 0.408
v -0.05754 1.90002 -0.00229 0.784 0.557 0.408
v -0.05902 1.90002 0.01284 0.784 0.557 0.408
v -0.05754 1.90002 0.02797 0.784 0.557 0.408
v -0.05317 1.90002 0.04234 0.784 0.557 0.408
v -0.04614 1.90002 0.05524 0.784 0.557 0.408
v -0.03680 1.90002 0.06600 0.784 0.557 0.408
v -0.02561 1.90002 0.07411 0.784 0.557 0.408
v -0.01313 1.90002 0.07914 0.784 0.557 0.408
v 0.00000 1.88712 0.09464 0.784 0.557 0.408
v 0.01580 1.88712 0.09259 0.784 0.557 0.408
v 0.03081 1.88712 0.08654 0.784 0.557 0.408
v 0.04427 1.88712 0.07680 0.784 0.557 0.408
v 0.05551 1.88712 0.06384 0.784 0.557 0.408
v 0.06397 1.88712 0.04833 0.784 0.557 0.408
v 0.06922 1.88712 0.03104 0.784 0.557 0.408
v 0.07100 1.88712 0.01284 0.784 0.557 0.408
v 0.06922 1.88712 -0.00536 0.784 0.557 0.408
v 0.06397 1.88712 -0.02265 0.784 0.557 0.408
v 0.05551 1.88712 -0.03816 0.784 0.557 0.408
v 0.04427 1.88712 -0.05112 0.784 0.557 0.408
v 0.03081 1.88712 -0.06086 0.784 0.557 0.408
v 0.01580 1.88712 -0.06691 0.784 0.557 0.408
v 0.00000 1.88712 -0.06896 0.784 0.557 0.408
v -0.01580 1.88712 -0.06691 0.784 0.557 0.408
v -0.03081 1.88712 -0.06086 0.784 0.557 0.408
v -0.04427 1.88712 -0.05112 0.784 0.557 0.408
v -0.05551 1.88712 -0.03816 0.784 0.557 0.408
v -0.06397 1.88712 -0.02265 0.784 0.557 0.408
v -0.06922 1.88712 -0.00536 0.784 0.557 0.408
v -0.07100 1.88712 0.01284 0.784 0.557 0.408
v -0.06922 1.88712 0.03104 0.784 0.557 0.408
v -0.06397 1.88712 0.04833 0.784 0.557 0.408
v -0.05551 1.88712 0.06384 0.784 0.557 0.408
v -0.04427 1.88712 0.07680 0.784 0.557 0.408
v -0.03081 1.88712 0.08654 0.784 0.557 0.408
v -0.01580 1.88712 0.09259 0.784 0.557 0.408
v 0.00000 1.87202 0.10643 0.784 0.557 0.408
v 0.01808 1.87202 0.10409 0.784 0.557 0.408
v 0.03525 1.87202 0.09717 0.784 0.557 0.408
v 0.05065 1.87202 0.08601 0.784 0.557 0.408
v 0.06351 1.87202 0.07119 0.784 0.557 0.408
v 0.07319 1.87202 0.05345 0.784 0.557 0.408
v 0.07920 1.87202 0.03367 0.784 0.557 0.408
v 0.08123 1.87202 0.01284 0.784 0.557 0.408
v 0.07920 1.87202 -0.00799 0.784 0.557 0.408
v 0.07319 1.87202 -0.02777 0.784 0.557 0.408
v 0.06351 1.87202 -0.04551 0.784 0.557 0.408
v 0.05065 1.87202 -0.06033 0.784 0.557 0.408
v 0.03525 1.87202 -0.07149 0.784 0.557 0.408
v 0.01808 1.87202 -0.07841 0.784 0.557 0.408
v 0.00000 1.87202 -0.08075 0.784 0.557 0.408
v -0.01808 1.87202 -0.07841 0.784 0.557 0.408
v -0.03525 1.87202 -0.07149 0.784 0.557 0.408
v -0.05065 1.87202 -0.06033 0.784 0.557 0.408
v -0.06351 1.87202 -0.04551 0.784 0.557 0.408
v -0.07319 1.87202 -0.02777 0.784 0.557 0.408
v -0.07920 1.87202 -0.00799 0.784 0.557 0.408
v -0.08123 1.87202 0.01284 0.784 0.557 0.408
v -0.07920 1.87202 0.03367 0.784 0.557 0.408
v -0.07319 1.87202 0.05345 0.784 0.557 0.408
v -0.06351 1.87202 0.07119 0.784 0.557 0.408
v -0.05065 1.87202 0.08601 0.784 0.557 0.408
v -0.03525 1.87202 0.09717 0.784 0.557 0.408
v -0.01808 1.87202 0.10409 0.784 0.557 0.408
v 0.00000 1.85508 0.11592 0.784 0.557 0.408
v 0.01991 1.85508 0.11333 0.784 0.557 0.408
v 0.03882 1.85508 0.10571 0.784 0.557 0.408
v 0.05578 1.85508 0.09343 0.784 0.557 0.408
v 0.06995 1.85508 0.07711 0.784 0.557 0.408
v 0.08061 1.85508 0.05756 0.784 0.557 0.408
v 0.08722 1.85508 0.03578 0.784 0.557 0.408
v 0.08946 1.85508 0.01284 0.784 0.557 0.408
v 0.08722 1.85508 -0.01010 0.784 0.557 0.408
v 0.08061 1.85508 -0.03188 0.784 0.557 0.408
v 0.06995 1.85508 -0.05143 0.784 0.557 0.408
v 0.05578 1.85508 -0.06775 0.784 0.557 0.408
v 0.03882 1.85508 -0.08003 0.784 0.557 0.408
v 0.01991 1.85508 -0.08765 0.784 0.557 0.408
v 0.00000 1.85508 -0.09024 0.784 0.557 0.408
v -0.01991 1.85508 -0.08765 0.784 0.557 0.408
v -0.03882 1.85508 -0.08003 0.784 0.557 0.408
v -0.05578 1.85508 -0.06775 0.784 0.557 0.408
v -0.06995 1.85508 -0.05143 0.784 0.557 0.408
v -0.08061 1.85508 -0.03188 0.784 0.557 0.408
v -0.08722 1.85508 -0.01010 0.784 0.557 0.408
v -0.08946 1.85508 0.01284 0.784 0.557 0.408
v -0.08722 1.85508 0.03578 0.784 0.557 0.408
v -0.08061 1.85508 0.05756 0.784 0.557 0.408
v -0.06995 1.85508 0.07711 0.784 0.557 0.408
v -0.05578 1.85508 0.09343 0.784 0.557 0.408
v -0.03882 1.85508 0.10571 0.784 0.557 0.408
v -0.01991 1.85508 0.11333 0.784 0.557 0.408
v 0.00000 1.83672 0.12287 0.784 0.557 0.408
v 0.02125 1.83672 0.12011 0.784 0.557 0.408
v 0.04143 1.83672 0.11197 0.784 0.557 0.408
v 0.05954 1.83672 0.09886 0.784 0.557 0.408
v 0.07466 1.83672 0.08144 0.784 0.557 0.408
v 0.08604 1.83672 0.06058 0.784 0.557 0.408
v 0.09310 1.83672 0.03732 0.784 0.557 0.408
v 0.09549 1.83672 0.01284 0.784 0.557 0.408
v 0.09310 1.83672 -0.01164 0.784 0.557 0.408
v 0.08604 1.83672 -0.03490 0.784 0.557 0.408
v 0.07466 1.83672 -0.05576 0.784 0.557 0.408
v 0.05954 1.83672 -0.07318 0.784 0.557 0.408
v 0.04143 1.83672 -0.08629 0.784 0.557 0.408
v 0.02125 1.83672 -0.09443 0.784 0.557 0.408
v 0.00000 1.83672 -0.09719 0.784 0.557 0.408
v -0.02125 1.83672 -0.09443 0.784 0.557 0.408
v -0.04143 1.83672 -0.08629 0.784 0.557 0.408
v -0.05954 1.83672 -0.07318 0.784 0.557 0.408
v -0.07466 1.83672 -0.05576 0.784 0.557 0.408
v -0.08604 1.83672 -0.03490 0.784 0.557 0.408
v -0.09310 1.83672 -0.01164 0.784 0.557 0.408
v -0.09549 1.83672 0.01284 0.784 0.557 0.408
v -0.09310 1.83672 0.03732 0.784 0.557 0.408
v -0.08604 1.83672 0.06058 0.784 0.557 0.408
v -0.07466 1.83672 0.08144 0.784 0.557 0.408
v -0.05954 1.83672 0.09886 0.784 0.557 0.408
v -0.04143 1.83672 0.11197 0.784 0.557 0.408
v -0.02125 1.83672 0.12011 0.784 0.557 0.408
v 0.00000 1.81740 0.12710 0.784 0.557 0.408
v 0.02207 1.81740 0.12424 0.784 0.557 0.408
v 0.04303 1.81740 0.11579 0.784 0.557 0.408
v 0.06183 1.81740 0.10218 0.784 0.557 0.408
v 0.07754 1.81740 0.08408 0.784 0.557 0.408
v 0.08935 1.81740 0.06242 0.784 0.557 0.408
v 0.09669 1.81740 0.03827 0.784 0.557 0.408
v 0.09917 1.81740 0.01284 0.784 0.557 0.408
v 0.09669 1.81740 -0.01259 0.784 0.557 0.408
v 0.08935 1.81740 -0.03674 0.784 0.557 0.408
v 0.07754 1.81740 -0.05840 0.784 0.557 0.408
v 0.06183 1.81740 -0.07650 0.784 0.557 0.408
v 0.04303 1.81740 -0.09011 0.784 0.557 0.408
v 0.02207 1.81740 -0.09856 0.784 0.557 0.408
v 0.00000 1.81740 -0.10142 0.784 0.557 0.408
v -0.02207 1.81740 -0.09856 0.784 0.557 0.408
v -0.04303 1.81740 -0.09011 0.784 0.557 0.408
v -0.06183 1.81740 -0.07650 0.784 0.557 0.408
v -0.07754 1.81740 -0.05840 0.784 0.557 0.408
v -0.08935 1.81740 -0.03674 0.784 0.557 0.408
v -0.09669 1.81740 -0.01259 0.784 0.557 0.408
v -0.09917 1.81740 0.01284 0.784 0.557 0.408
v -0.09669 1.81740 0.03827 0.784 0.557 0.408
v -0.08935 1.81740 0.06242 0.784 0.557 0.408
v -0.07754 1.81740 0.08408 0.784 0.557 0.408
v -0.06183 1.81740 0.10218 0.784 0.557 0.408
v -0.04303 1.81740 0.11579 0.784 0.557 0.408
v -0.02207 1.81740 0.12424 0.784 0.557 0.408
v 0.00000 1.79760 0.12853 0.784 0.557 0.408
v 0.02234 1.79760 0.12563 0.784 0.557 0.408
v 0.04357 1.79760 0.11707 0.784 0.557 0.408
v 0.06260 1.79760 0.10329 0.784 0.557 0.408
v 0.07850 1.79760 0.08497 0.784 0.557 0.408
v 0.09047 1.79760 0.06304 0.784 0.557 0.408
v 0.09789 1.79760 0.03858 0.784 0.557 0.408
v 0.10041 1.79760 0.01284 0.784 0.557 0.408
v 0.09789 1.79760 -0.01290 0.784 0.557 0.408
v 0.09047 1.79760 -0.03736 0.784 0.557 0.408
v 0.07850 1.79760 -0.05929 0.784 0.557 0.408
v 0.06260 1.79760 -0.07761 0.784 0.557 0.408
v 0.04357 1.79760 -0.09139 0.784 0.557 0.408
v 0.02234 1.79760 -0.09995 0.784 0.557 0.408
v 0.00000 1.79760 -0.10285 0.784 0.557 0.408
v -0.02234 1.79760 -0.09995 0.784 0.557 0.408
v -0.04357 1.79760 -0.09139 0.784 0.557 0.408
v -0.06260 1.79760 -0.07761 0.784 0.557 0.408
v -0.07850 1.79760 -0.05929 0.784 0.557 0.408
v -0.09047 1.79760 -0.03736 0.784 0.557 0.408
v -0.09789 1.79760 -0.01290 0.784 0.557 0.408
v -0.10041 1.79760 0.01284 0.784 0.557 0.408
v -0.09789 1.79760 0.03858 0.784 0.557 0.408
v -0.09047 1.79760 0.06304 0.784 0.557 0.408
v -0.07850 1.79760 0.08497 0.784 0.557 0.408
v -0.06260 1.79760 0.10329 0.784 0.557 0.408
v -0.04357 1.79760 0.11707 0.784 0.557 0.408
v -0.02234 1.79760 0.12563 0.784 0.557 0.408
v 0.00000 1.77791 0.12582 0.784 0.557 0.408
v 0.02136 1.77791 0.12299 0.784 0.557 0.408
v 0.04164 1.77791 0.11463 0.784 0.557 0.408
v 0.05984 1.77791 0.10117 0.784 0.557 0.408
v 0.07503 1.77791 0.08328 0.784 0.557 0.408
v 0.08647 1.77791 0.06186 0.784 0.557 0.408
v 0.09357 1.77791 0.03798 0.784 0.557 0.408
v 0.09597 1.77791 0.01284 0.784 0.557 0.408
v 0.09357 1.77791 -0.01230 0.784 0.557 0.408
v 0.08647 1.77791 -0.03618 0.784 0.557 0.408
v 0.07503 1.77791 -0.05760 0.784 0.557 0.408
v 0.05984 1.77791 -0.07549 0.784 0.557 0.408
v 0.04164 1.77791 -0.08895 0.784 0.557 0.408
v 0.02136 1.77791 -0.09731 0.784 0.557 0.408
v 0.00000 1.77791 -0.10014 0.784 0.557 0.408
v -0.02136 1.77791 -0.09731 0.784 0.557 0.408
v -0.04164 1.77791 -0.08895 0.784 0.557 0.408
v -0.05984 1.77791 -0.07549 0.784 0.557 0.408
v -0.07503 1.77791 -0.05760 0.784 0.557 0.408
v -0.08647 1.77791 -0.03618 0.784 0.557 0.408
v -0.09357 1.77791 -0.01230 0.784 0.557 0.408
v -0.09597 1.77791 0.01284 0.784 0.557 0.408
v -0.09357 1.77791 0.03798 0.784 0.557 0.408
v -0.08647 1.77791 0.06186 0.784 0.557 0.408
v -0.07503 1.77791 0.08328 0.784 0.557 0.408
v -0.05984 1.77791 0.10117 0.784 0.557 0.408
v -0.04164 1.77791 0.11463 0.784 0.557 0.408
v -0.02136 1.77791 0.12299 0.784 0.557 0.408
v 0.00000 1.75901 0.11987 0.784 0.557 0.408
v 0.01934 1.75901 0.11718 0.784 0.557 0.408
v 0.03772 1.75901 0.10927 0.784 0.557 0.408
v 0.05420 1.75901 0.09652 0.784 0.557 0.408
v 0.06796 1.75901 0.07957 0.784 0.557 0.408
v 0.07832 1.75901 0.05928 0.784 0.557 0.408
v 0.08475 1.75901 0.03666 0.784 0.557 0.408
v 0.08692 1.75901 0.01284 0.784 0.557 0.408
v 0.08475 1.75901 -0.01098 0.784 0.557 0.408
v 0.07832 1.75901 -0.03360 0.784 0.557 0.408
v 0.06796 1.75901 -0.05389 0.784 0.557 0.408
v 0.05420 1.75901 -0.07084 0.784 0.557 0.408
v 0.03772 1.75901 -0.08359 0.784 0.557 0.408
v 0.01934 1.75901 -0.09150 0.784 0.557 0.408
v 0.00000 1.75901 -0.09419 0.784 0.557 0.408
v -0.01934 1.75901 -0.09150 0.784 0.557 0.408
v -0.03772 1.75901 -0.08359 0.784 0.557 0.408
v -0.05420 1.75901 -0.07084 0.784 0.557 0.408
v -0.06796 1.75901 -0.05389 0.784 0.557 0.408
v -0.07832 1.75901 -0.03360 0.784 0.557 0.408
v -0.08475 1.75901 -0.01098 0.784 0.557 0.408
v -0.08692 1.75901 0.01284 0.784 0.557 0.408
v -0.08475 1.75901 0.03666 0.784 0.557 0.408
v -0.07832 1.75901 0.05928 0.784 0.557 0.408
v -0.06796 1.75901 0.07957 0.784 0.557 0.408
v -0.05420 1.75901 0.09652 0.784 0.557 0.408
v -0.03772 1.75901 0.10927 0.784 0.557 0.408
v -0.01934 1.75901 0.11718 0.784 0.557 0.408
v 0.00000 1.74135 0.11154 0.784 0.557 0.408
v 0.01693 1.74135 0.10906 0.784 0.557 0.408
v 0.03301 1.74135 0.10176 0.784 0.557 0.408
v 0.04743 1.74135 0.09000 0.784 0.557 0.408
v 0.05948 1.74135 0.07438 0.784 0.557 0.408
v 0.06854 1.74135 0.05566 0.784 0.557 0.408
v 0.07417 1.74135 0.03480 0.784 0.557 0.408
v 0.07608 1.74135 0.01284 0.784 0.557 0.408
v 0.07417 1.74135 -0.00912 0.784 0.557 0.408
v 0.06854 1.74135 -0.02998 0.784 0.557 0.408
v 0.05948 1.74135 -0.04870 0.784 0.557 0.408
v 0.04743 1.74135 -0.06432 0.784 0.557 0.408
v 0.03301 1.74135 -0.07608 0.784 0.557 0.408
v 0.01693 1.74135 -0.08338 0.784 0.557 0.408
v 0.00000 1.74135 -0.08586 0.784 0.557 0.408
v -0.01693 1.74135 -0.08338 0.784 0.557 0.408
v -0.03301 1.74135 -0.07608 0.784 0.557 0.408
v -0.04743 1.74135 -0.06432 0.784 0.557 0.408
v -0.05948 1.74135 -0.04870 0.784 0.557 0.408
v -0.06854 1.74135 -0.02998 0.784 0.557 0.408
v -0.07417 1.74135 -0.00912 0.784 0.557 0.408
v -0.07608 1.74135 0.01284 0.784 0.557 0.408
v -0.07417 1.74135 0.03480 0.784 0.557 0.408
v -0.06854 1.74135 0.05566 0.784 0.557 0.408
v -0.05948 1.74135 0.07438 0.784 0.557 0.408
v -0.04743 1.74135 0.09000 0.784 0.557 0.408
v -0.03301 1.74135 0.10176 0.784 0.557 0.408
v -0.01693 1.74135 0.10906 0.784 0.557 0.408
v 0.00000 1.72529 0.10114 0.784 0.557 0.408
v 0.01432 1.72529 0.09892 0.784 0.557 0.408
v 0.02792 1.72529 0.09239 0.784 0.557 0.408
v 0.04012 1.72529 0.08187 0.784 0.557 0.408
v 0.05031 1.72529 0.06789 0.784 0.557 0.408
v 0.05797 1.72529 0.05115 0.784 0.557 0.408
v 0.06273 1.72529 0.03249 0.784 0.557 0.408
v 0.06434 1.72529 0.01284 0.784 0.557 0.408
v 0.06273 1.72529 -0.00681 0.784 0.557 0.408
v 0.05797 1.72529 -0.02547 0.784 0.557 0.408
v 0.05031 1.72529 -0.04221 0.784 0.557 0.408
v 0.04012 1.72529 -0.05619 0.784 0.557 0.408
v 0.02792 1.72529 -0.06671 0.784 0.557 0.408
v 0.01432 1.72529 -0.07324 0.784 0.557 0.408
v 0.00000 1.72529 -0.07546 0.784 0.557 0.408
v -0.01432 1.72529 -0.07324 0.784 0.557 0.408
v -0.02792 1.72529 -0.06671 0.784 0.557 0.408
v -0.04012 1.72529 -0.05619 0.784 0.557 0.408
v -0.05031 1.72529 -0.04221 0.784 0.557 0.408
v -0.05797 1.72529 -0.02547 0.784 0.557 0.408
v -0.06273 1.72529 -0.00681 0.784 0.557 0.408
v -0.06434 1.72529 0.01284 0.784 0.557 0.408
v -0.06273 1.72529 0.03249 0.784 0.557 0.408
v -0.05797 1.72529 0.05115 0.784 0.557 0.408
v -0.05031 1.72529 0.06789 0.784 0.557 0.408
v -0.04012 1.72529 0.08187 0.784 0.557 0.408
v -0.02792 1.72529 0.09239 0.784 0.557 0.408
v -0.01432 1.72529 0.09892 0.784 0.557 0.408
v 0.00000 1.71117 0.09541 0.784 0.557 0.408
v 0.01166 1.71117 0.09350 0.784 0.557 0.408
v 0.02274 1.71117 0.08786 0.784 0.557 0.408
v 0.03268 1.71117 0.07879 0.784 0.557 0.408
v 0.04098 1.71117 0.06674 0.784 0.557 0.408
v 0.04722 1.71117 0.04588 0.784 0.557 0.408
v 0.05110 1.71117 0.02978 0.784 0.557 0.408
v 0.05241 1.71117 0.01284 0.784 0.557 0.408
v 0.05110 1.71117 -0.00410 0.784 0.557 0.408
v 0.04722 1.71117 -0.02020 0.784 0.557 0.408
v 0.04098 1.71117 -0.03464 0.784 0.557 0.408
v 0.03268 1.71117 -0.04669 0.784 0.557 0.408
v 0.02274 1.71117 -0.05576 0.784 0.557 0.408
v 0.01166 1.71117 -0.06140 0.784 0.557 0.408
v 0.00000 1.71117 -0.06331 0.784 0.557 0.408
v -0.01166 1.71117 -0.06140 0.784 0.557 0.408
v -0.02274 1.71117 -0.05576 0.784 0.557 0.408
v -0.03268 1.71117 -0.04669 0.784 0.557 0.408
v -0.04098 1.71117 -0.03464 0.784 0.557 0.408
v -0.04722 1.71117 -0.02020 0.784 0.557 0.408
v -0.05110 1.71117 -0.00410 0.784 0.557 0.408
v -0.05241 1.71117 0.01284 0.784 0.557 0.408
v -0.05110 1.71117 0.02978 0.784 0.557 0.408
v -0.04722 1.71117 0.04588 0.784 0.557 0.408
v -0.04098 1.71117 0.06674 0.784 0.557 0.408
v -0.03268 1.71117 0.07879 0.784 0.557 0.408
v -0.02274 1.71117 0.08786 0.784 0.557 0.408
v -0.01166 1.71117 0.09350 0.784 0.557 0.408
v 0.00000 1.69927 0.08183 0.784 0.557 0.408
v 0.00907 1.69927 0.08026 0.784 0.557 0.408
v 0.01769 1.69927 0.07563 0.784 0.557 0.408
v 0.02543 1.69927 0.06818 0.784 0.557 0.408
v 0.03188 1.69927 0.05185 0.784 0.557 0.408
v 0.03674 1.69927 0.03999 0.784 0.557 0.408
v 0.03976 1.69927 0.02676 0.784 0.557 0.408
v 0.04078 1.69927 0.01284 0.784 0.557 0.408
v 0.03976 1.69927 -0.00108 0.784 0.557 0.408
v 0.03674 1.69927 -0.01431 0.784 0.557 0.408
v 0.03188 1.69927 -0.02617 0.784 0.557 0.408
v 0.02543 1.69927 -0.03608 0.784 0.557 0.408
v 0.01769 1.69927 -0.04353 0.784 0.557 0.408
v 0.00907 1.69927 -0.04816 0.784 0.557 0.408
v 0.00000 1.69927 -0.04973 0.784 0.557 0.408
v -0.00907 1.69927 -0.04816 0.784 0.557 0.408
v -0.01769 1.69927 -0.04353 0.784 0.557 0.408
v -0.02543 1.69927 -0.03608 0.784 0.557 0.408
v -0.03188 1.69927 -0.02617 0.784 0.557 0.408
v -0.03674 1.69927 -0.01431 0.784 0.557 0.408
v -0.03976 1.69927 -0.00108 0.784 0.557 0.408
v -0.04078 1.69927 0.01284 0.784 0.557 0.408
v -0.03976 1.69927 0.02676 0.784 0.557 0.408
v -0.03674 1.69927 0.03999 0.784 0.557 0.408
v -0.03188 1.69927 0.05185 0.784 0.557 0.408
v -0.02543 1.69927 0.06818 0.784 0.557 0.408
v -0.01769 1.69927 0.07563 0.784 0.557 0.408
v -0.00907 1.69927 0.08026 0.784 0.557 0.408
v 0.00000 1.68979 0.06713 0.784 0.557 0.408
v 0.00662 1.68979 0.06593 0.784 0.557 0.408
v 0.01290 1.68979 0.06239 0.784 0.557 0.408
v 0.01854 1.68979 0.05027 0.784 0.557 0.408
v 0.02325 1.68979 0.04269 0.784 0.557 0.408
v 0.02679 1.68979 0.03361 0.784 0.557 0.408
v 0.02899 1.68979 0.02349 0.784 0.557 0.408
v 0.02974 1.68979 0.01284 0.784 0.557 0.408
v 0.02899 1.68979 0.00219 0.784 0.557 0.408
v 0.02679 1.68979 -0.00793 0.784 0.557 0.408
v 0.02325 1.68979 -0.01701 0.784 0.557 0.408
v 0.01854 1.68979 -0.02459 0.784 0.557 0.408
v 0.01290 1.68979 -0.03029 0.784 0.557 0.408
v 0.00662 1.68979 -0.03383 0.784 0.557 0.408
v 0.00000 1.68979 -0.03503 0.784 0.557 0.408
v -0.00662 1.68979 -0.03383 0.784 0.557 0.408
v -0.01290 1.68979 -0.03029 0.784 0.557 0.408
v -0.01854 1.68979 -0.02459 0.784 0.557 0.408
v -0.02325 1.68979 -0.01701 0.784 0.557 0.408
v -0.02679 1.68979 -0.00793 0.784 0.557 0.408
v -0.02899 1.68979 0.00219 0.784 0.557 0.408
v -0.02974 1.68979 0.01284 0.784 0.557 0.408
v -0.02899 1.68979 0.02349 0.784 0.557 0.408
v -0.02679 1.68979 0.03361 0.784 0.557 0.408
v -0.02325 1.68979 0.04269 0.784 0.557 0.408
v -0.01854 1.68979 0.05027 0.784 0.557 0.408
v -0.01290 1.68979 0.06239 0.784 0.557 0.408
v -0.00662 1.68979 0.06593 0.784 0.557 0.408
v 0.00000 1.68290 0.04520 0.784 0.557 0.408
v 0.00431 1.68290 0.04439 0.784 0.557 0.408
v 0.00840 1.68290 0.04199 0.784 0.557 0.408
v 0.01206 1.68290 0.03814 0.784 0.557 0.408
v 0.01513 1.68290 0.03302 0.784 0.557 0.408
v 0.01743 1.68290 0.02688 0.784 0.557 0.408
v 0.01886 1.68290 0.02004 0.784 0.557 0.408
v 0.01935 1.68290 0.01284 0.784 0.557 0.408
v 0.01886 1.68290 0.00564 0.784 0.557 0.408
v 0.01743 1.68290 -0.00120 0.784 0.557 0.408
v 0.01513 1.68290 -0.00734 0.784 0.557 0.408
v 0.01206 1.68290 -0.01246 0.784 0.557 0.408
v 0.00840 1.68290 -0.01631 0.784 0.557 0.408
v 0.00431 1.68290 -0.01871 0.784 0.557 0.408
v 0.00000 1.68290 -0.01952 0.784 0.557 0.408
v -0.00431 1.68290 -0.01871 0.784 0.557 0.408
v -0.00840 1.68290 -0.01631 0.784 0.557 0.408
v -0.01206 1.68290 -0.01246 0.784 0.557 0.408
v -0.01513 1.68290 -0.00734 0.784 0.557 0.408
v -0.01743 1.68290 -0.00120 0.784 0.557 0.408
v -0.01886 1.68290 0.00564 0.784 0.557 0.408
v -0.01935 1.68290 0.01284 0.784 0.557 0.408
v -0.01886 1.68290 0.02004 0.784 0.557 0.408
v -0.01743 1.68290 0.02688 0.784 0.557 0.408
v -0.01513 1.68290 0.03302 0.784 0.557 0.408
v -0.01206 1.68290 0.03814 0.784 0.557 0.408
v -0.00840 1.68290 0.04199 0.784 0.557 0.408
v -0.00431 1.68290 0.04439 0.784 0.557 0.408
v 0.00000 1.67873 0.02915 0.784 0.557 0.408
v 0.00212 1.67873 0.02874 0.784 0.557 0.408
v 0.00413 1.67873 0.02754 0.784 0.557 0.408
v 0.00593 1.67873 0.02559 0.784 0.557 0.408
v 0.00744 1.67873 0.02301 0.784 0.557 0.408
v 0.00858 1.67873 0.01992 0.784 0.557 0.408
v 0.00928 1.67873 0.01647 0.784 0.557 0.408
v 0.00952 1.67873 0.01284 0.784 0.557 0.408
v 0.00928 1.67873 0.00921 0.784 0.557 0.408
v 0.00858 1.67873 0.00576 0.784 0.557 0.408
v 0.00744 1.67873 0.00267 0.784 0.557 0.408
v 0.00593 1.67873 0.00009 0.784 0.557 0.408
v 0.00413 1.67873 -0.00186 0.784 0.557 0.408
v 0.00212 1.67873 -0.00306 0.784 0.557 0.408
v 0.00000 1.67873 -0.00347 0.784 0.557 0.408
v -0.00212 1.67873 -0.00306 0.784 0.557 0.408
v -0.00413 1.67873 -0.00186 0.784 0.557 0.408
v -0.00593 1.67873 0.00009 0.784 0.557 0.408
v -0.00744 1.67873 0.00267 0.784 0.557 0.408
v -0.00858 1.67873 0.00576 0.784 0.557 0.408
v -0.00928 1.67873 0.00921 0.784 0.557 0.408
v -0.00952 1.67873 0.01284 0.784 0.557 0.408
v -0.00928 1.67873 0.01647 0.784 0.557 0.408
v -0.00858 1.67873 0.01992 0.784 0.557 0.408
v -0.00744 1.67873 0.02301 0.784 0.557 0.408
v -0.00593 1.67873 0.02559 0.784 0.557 0.408
v -0.00413 1.67873 0.02754 0.784 0.557 0.408
v -0.00212 1.67873 0.02874 0.784 0.557 0.408
v 0.00000 1.67733 0.01284 0.784 0.557 0.408
v 0.00000 1.67733 0.01284 0.784 0.557 0.408
v 0.00000 1.67733 0.01284 0.784 0.557 0.408
v 0.00000 1.67733 0.01284 0.784 0.557 0.408
v 0.00000 1.67733 0.01284 0.784 0.557 0.408
v 0.00000 1.67733 0.01284 0.784 0.557 0.408
v 0.00000 1.67733 0.01284 0.784 0.557 0.408
v 0.00000 1.67733 0.01284 0.784 0.557 0.408
v 0.00000 1.67733 0.01284 0.784 0.557 0.408
v 0.00000 1.67733 0.01284 0.784 0.557 0.408
v 0.00000 1.67733 0.01284 0.784 0.557 0.408
v 0.00000 1.67733 0.01284 0.784 0.557 0.408
v 0.00000 1.67733 0.01284 0.784 0.557 0.408
v 0.00000 1.67733 0.01284 0.784 0.557 0.408
v 0.00000 1.67733 0.01284 0.784 0.557 0.408
v -0.00000 1.67733 0.01284 0.784 0.557 0.408
v -0.00000 1.67733 0.01284 0.784 0.557 0.408
v -0.00000 1.67733 0.01284 0.784 0.557 0.408
v -0.00000 1.67733 0.01284 0.784 0.557 0.408
v -0.00000 1.67733 0.01284 0.784 0.557 0.408
v -0.00000 1.67733 0.01284 0.784 0.557 0.408
v -0.00000 1.67733 0.01284 0.784 0.557 0.408
v -0.00000 1.67733 0.01284 0.784 0.557 0.408
v -0.00000 1.67733 0.01284 0.784 0.557 0.408
v -0.00000 1.67733 0.01284 0.784 0.557 0.408
v -0.00000 1.67733 0.01284 0.784 0.557 0.408
v -0.00000 1.67733 0.01284 0.784 0.557 0.408
v -0.00000 1.67733 0.01284 0.784 0.557 0.408
v 0.09412 1.79902 0.02886 0.784 0.557 0.408
v 0.09801 1.78769 0.02603 0.784 0.557 0.408
v 0.09963 1.77903 0.01297 0.784 0.557 0.408
v 0.09801 1.77812 -0.00268 0.784 0.557 0.408
v 0.09412 1.78548 -0.01174 0.784 0.557 0.408
v 0.09023 1.79681 -0.00891 0.784 0.557 0.408
v 0.08861 1.80547 0.00415 0.784 0.557 0.408
v 0.09023 1.80638 0.01980 0.784 0.557 0.408
v 0.11124 1.80408 0.02266 0.784 0.557 0.408
v 0.11347 1.79716 0.01968 0.784 0.557 0.408
v 0.11439 1.79112 0.00894 0.784 0.557 0.408
v 0.11347 1.78950 -0.00328 0.784 0.557 0.408
v 0.11124 1.79326 -0.00982 0.784 0.557 0.408
v 0.10902 1.80018 -0.00684 0.784 0.557 0.408
v 0.10809 1.80622 0.00390 0.784 0.557 0.408
v 0.10902 1.80784 0.01612 0.784 0.557 0.408
v 0.09412 1.79225 0.00856 0.784 0.557 0.408
v 0.11124 1.79867 0.00642 0.784 0.557 0.408
v -0.09412 1.79902 0.02886 0.784 0.557 0.408
v -0.09023 1.80638 0.01980 0.784 0.557 0.408
v -0.08861 1.80547 0.00415 0.784 0.557 0.408
v -0.09023 1.79681 -0.00891 0.784 0.557 0.408
v -0.09412 1.78548 -0.01174 0.784 0.557 0.408
v -0.09801 1.77812 -0.00268 0.784 0.557 0.408
v -0.09963 1.77903 0.01297 0.784 0.557 0.408
v -0.09801 1.78769 0.02603 0.784 0.557 0.408
v -0.11124 1.80408 0.02266 0.784 0.557 0.408
v -0.10902 1.80784 0.01612 0.784 0.557 0.408
v -0.10809 1.80622 0.00390 0.784 0.557 0.408
v -0.10902 1.80018 -0.00684 0.784 0.557 0.408
v -0.11124 1.79326 -0.00982 0.784 0.557 0.408
v -0.11347 1.78950 -0.00328 0.784 0.557 0.408
v -0.11439 1.79112 0.00894 0.784 0.557 0.408
v -0.11347 1.79716 0.01968 0.784 0.557 0.408
v -0.09412 1.79225 0.00856 0.784 0.557 0.408
v -0.11124 1.79867 0.00642 0.784 0.557 0.408
v 0.00000 1.93798 0.01284 0.184 0.482 1.000
v 0.00000 1.93798 0.01284 0.184 0.482 1.000
v 0.00000 1.93798 0.01284 0.184 0.482 1.000
v 0.00000 1.93798 0.01284 0.184 0.482 1.000
v 0.00000 1.93798 0.01284 0.184 0.482 1.000
v 0.00000 1.93798 0.01284 0.184 0.482 1.000
v 0.00000 1.93798 0.01284 0.184 0.482 1.000
v 0.00000 1.93798 0.01284 0.184 0.482 1.000
v 0.00000 1.93798 0.01284 0.184 0.482 1.000
v 0.00000 1.93798 0.01284 0.184 0.482 1.000
v 0.00000 1.93798 0.01284 0.184 0.482 1.000
v 0.00000 1.93798 0.01284 0.184 0.482 1.000
v 0.00000 1.93798 0.01284 0.184 0.482 1.000
v 0.00000 1.93798 0.01284 0.184 0.482 1.000
v 0.00000 1.93798 0.01284 0.184 0.482 1.000
v 0.00000 1.93798 0.01284 0.184 0.482 1.000
v 0.00000 1.93798 0.01284 0.184 0.482 1.000
v 0.00000 1.93798 0.01284 0.184 0.482 1.000
v 0.00000 1.93798 0.01284 0.184 0.482 1.000
v 0.00000 1.93798 0.01284 0.184 0.482 1.000
v 0.00000 1.93798 0.01284 0.184 0.482 1.000
v 0.00000 1.93798 0.01284 0.184 0.482 1.000
v 0.00000 1.93798 0.01284 0.184 0.482 1.000
v 0.00000 1.93798 0.01284 0.184 0.482 1.000
v 0.00000 1.93798 0.01284 0.184 0.482 1.000
v 0.00000 1.93798 0.01284 0.184 0.482 1.000
v 0.00000 1.93798 0.01284 0.184 0.482 1.000
v 0.00000 1.93798 0.01284 0.184 0.482 1.000
v 0.00000 1.93798 0.01284 0.184 0.482 1.000
v 0.00000 1.93798 0.01284 0.184 0.482 1.000
v 0.00000 1.93695 0.02807 0.184 0.482 1.000
v 0.00275 1.93695 0.02774 0.184 0.482 1.000
v 0.00538 1.93695 0.02676 0.184 0.482 1.000
v 0.00777 1.93695 0.02517 0.184 0.482 1.000
v 0.00983 1.93695 0.02303 0.184 0.482 1.000
v 0.01145 1.93695 0.02046 0.184 0.482 1.000
v 0.01258 1.93695 0.01755 0.184 0.482 1.000
v 0.01315 1.93695 0.01443 0.184 0.482 1.000
v 0.01315 1.93695 0.00269 0.184 0.482 1.000
v 0.01258 1.93695 -0.00043 0.184 0.482 1.000
v 0.01145 1.93695 -0.00334 0.184 0.482 1.000
v 0.00983 1.93695 -0.00591 0.184 0.482 1.000
v 0.00777 1.93695 -0.00805 0.184 0.482 1.000
v 0.00538 1.93695 -0.00964 0.184 0.482 1.000
v 0.00275 1.93695 -0.01062 0.184 0.482 1.000
v 0.00000 1.93695 -0.01095 0.184 0.482 1.000
v -0.00275 1.93695 -0.01062 0.184 0.482 1.000
v -0.00538 1.93695 -0.00964 0.184 0.482 1.000
v -0.00777 1.93695 -0.00805 0.184 0.482 1.000
v -0.00983 1.93695 -0.00591 0.184 0.482 1.000
v -0.01145 1.93695 -0.00334 0.184 0.482 1.000
v -0.01258 1.93695 -0.00043 0.184 0.482 1.000
v -0.01315 1.93695 0.00269 0.184 0.482 1.000
v -0.01315 1.93695 0.01443 0.184 0.482 1.000
v -0.01258 1.93695 0.01755 0.184 0.482 1.000
v -0.01145 1.93695 0.02046 0.184 0.482 1.000
v -0.00983 1.93695 0.02303 0.184 0.482 1.000
v -0.00777 1.93695 0.02517 0.184 0.482 1.000
v -0.00538 1.93695 0.02676 0.184 0.482 1.000
v -0.00275 1.93695 0.02774 0.184 0.482 1.000
v 0.00000 1.93389 0.04308 0.184 0.482 1.000
v 0.00546 1.93389 0.04242 0.184 0.482 1.000
v 0.01068 1.93389 0.04047 0.184 0.482 1.000
v 0.01543 1.93389 0.03730 0.184 0.482 1.000
v 0.01950 1.93389 0.03307 0.184 0.482 1.000
v 0.02273 1.93389 0.02796 0.184 0.482 1.000
v 0.02496 1.93389 0.02218 0.184 0.482 1.000
v 0.02610 1.93389 0.01600 0.184 0.482 1.000
v 0.02610 1.93389 0.00112 0.184 0.482 1.000
v 0.02496 1.93389 -0.00506 0.184 0.482 1.000
v 0.02273 1.93389 -0.01084 0.184 0.482 1.000
v 0.01950 1.93389 -0.01595 0.184 0.482 1.000
v 0.01543 1.93389 -0.02018 0.184 0.482 1.000
v 0.01068 1.93389 -0.02335 0.184 0.482 1.000
v 0.00546 1.93389 -0.02530 0.184 0.482 1.000
v 0.00000 1.93389 -0.02596 0.184 0.482 1.000
v -0.00546 1.93389 -0.02530 0.184 0.482 1.000
v -0.01068 1.93389 -0.02335 0.184 0.482 1.000
v -0.01543 1.93389 -0.02018 0.184 0.482 1.000
v -0.01950 1.93389 -0.01595 0.184 0.482 1.000
v -0.02273 1.93389 -0.01084 0.184 0.482 1.000
v -0.02496 1.93389 -0.00506 0.184 0.482 1.000
v -0.02610 1.93389 0.00112 0.184 0.482 1.000
v -0.02610 1.93389 0.01600 0.184 0.482 1.000
v -0.02496 1.93389 0.02218 0.184 0.482 1.000
v -0.02273 1.93389 0.02796 0.184 0.482 1.000
v -0.01950 1.93389 0.03307 0.184 0.482 1.000
v -0.01543 1.93389 0.03730 0.184 0.482 1.000
v -0.01068 1.93389 0.04047 0.184 0.482 1.000
v -0.00546 1.93389 0.04242 0.184 0.482 1.000
v 0.00000 1.92884 0.05763 0.185 0.483 1.000
v 0.00808 1.92884 0.05665 0.185 0.483 1.000
v 0.01581 1.92884 0.05376 0.185 0.483 1.000
v 0.02285 1.92884 0.04908 0.185 0.483 1.000
v 0.02889 1.92884 0.04281 0.185 0.483 1.000
v 0.03367 1.92884 0.03523 0.185 0.483 1.000
v 0.03697 1.92884 0.02668 0.185 0.483 1.000
v 0.03866 1.92884 0.01752 0.185 0.483 1.000
v 0.03866 1.92884 -0.00040 0.185 0.483 1.000
v 0.03697 1.92884 -0.00956 0.185 0.483 1.000
v 0.03367 1.92884 -0.01811 0.185 0.483 1.000
v 0.02889 1.92884 -0.02569 0.185 0.483 1.000
v 0.02285 1.92884 -0.03196 0.185 0.483 1.000
v 0.01581 1.92884 -0.03664 0.185 0.483 1.000
v 0.00808 1.92884 -0.03953 0.185 0.483 1.000
v 0.00000 1.92884 -0.04051 0.185 0.483 1.000
v -0.00808 1.92884 -0.03953 0.185 0.483 1.000
v -0.01581 1.92884 -0.03664 0.185 0.483 1.000
v -0.02285 1.92884 -0.03196 0.185 0.483 1.000
v -0.02889 1.92884 -0.02569 0.185 0.483 1.000
v -0.03367 1.92884 -0.01811 0.185 0.483 1.000
v -0.03697 1.92884 -0.00956 0.185 0.483 1.000
v -0.03866 1.92884 -0.00040 0.185 0.483 1.000
v -0.03866 1.92884 0.01752 0.185 0.483 1.000
v -0.03697 1.92884 0.02668 0.185 0.483 1.000
v -0.03367 1.92884 0.03523 0.185 0.483 1.000
v -0.02889 1.92884 0.04281 0.185 0.483 1.000
v -0.02285 1.92884 0.04908 0.185 0.483 1.000
v -0.01581 1.92884 0.05376 0.185 0.483 1.000
v -0.00808 1.92884 0.05665 0.185 0.483 1.000
v 0.00000 1.92188 0.07150 0.185 0.483 1.000
v 0.01059 1.92188 0.07022 0.185 0.483 1.000
v 0.02071 1.92188 0.06643 0.185 0.483 1.000
v 0.02993 1.92188 0.06030 0.185 0.483 1.000
v 0.03784 1.92188 0.05209 0.185 0.483 1.000
v 0.04409 1.92188 0.04217 0.185 0.483 1.000
v 0.04842 1.92188 0.03097 0.185 0.483 1.000
v 0.05064 1.92188 0.01897 0.185 0.483 1.000
v 0.05064 1.92188 -0.00185 0.185 0.483 1.000
v 0.04842 1.92188 -0.01385 0.185 0.483 1.000
v 0.04409 1.92188 -0.02505 0.185 0.483 1.000
v 0.03784 1.92188 -0.03497 0.185 0.483 1.000
v 0.02993 1.92188 -0.04318 0.185 0.483 1.000
v 0.02071 1.92188 -0.04931 0.185 0.483 1.000
v 0.01059 1.92188 -0.05310 0.185 0.483 1.000
v 0.00000 1.92188 -0.05438 0.185 0.483 1.000
v -0.01059 1.92188 -0.05310 0.185 0.483 1.000
v -0.02071 1.92188 -0.04931 0.185 0.483 1.000
v -0.02993 1.92188 -0.04318 0.185 0.483 1.000
v -0.03784 1.92188 -0.03497 0.185 0.483 1.000
v -0.04409 1.92188 -0.02505 0.185 0.483 1.000
v -0.04842 1.92188 -0.01385 0.185 0.483 1.000
v -0.05064 1.92188 -0.00185 0.185 0.483 1.000
v -0.05064 1.92188 0.01897 0.185 0.483 1.000
v -0.04842 1.92188 0.03097 0.185 0.483 1.000
v -0.04409 1.92188 0.04217 0.185 0.483 1.000
v -0.03784 1.92188 0.05209 0.185 0.483 1.000
v -0.02993 1.92188 0.06030 0.185 0.483 1.000
v -0.02071 1.92188 0.06643 0.185 0.483 1.000
v -0.01059 1.92188 0.07022 0.185 0.483 1.000
v 0.00000 1.91312 0.08450 0.186 0.484 1.000
v 0.01293 1.91312 0.08293 0.186 0.484 1.000
v 0.02530 1.91312 0.07830 0.186 0.484 1.000
v 0.03656 1.91312 0.07081 0.186 0.484 1.000
v 0.04622 1.91312 0.06079 0.186 0.484 1.000
v 0.05386 1.91312 0.04867 0.186 0.484 1.000
v 0.05915 1.91312 0.03498 0.186 0.484 1.000
v 0.06185 1.91312 0.02033 0.186 0.484 1.000
v 0.06185 1.91312 -0.00321 0.186 0.484 1.000
v 0.05915 1.91312 -0.01786 0.186 0.484 1.000
v 0.05386 1.91312 -0.03155 0.186 0.484 1.000
v 0.04622 1.91312 -0.04367 0.186 0.484 1.000
v 0.03656 1.91312 -0.05369 0.186 0.484 1.000
v 0.02530 1.91312 -0.06118 0.186 0.484 1.000
v 0.01293 1.91312 -0.06581 0.186 0.484 1.000
v 0.00000 1.91312 -0.06738 0.186 0.484 1.000
v -0.01293 1.91312 -0.06581 0.186 0.484 1.000
v -0.02530 1.91312 -0.06118 0.186 0.484 1.000
v -0.03656 1.91312 -0.05369 0.186 0.484 1.000
v -0.04622 1.91312 -0.04367 0.186 0.484 1.000
v -0.05386 1.91312 -0.03155 0.186 0.484 1.000
v -0.05915 1.91312 -0.01786 0.186 0.484 1.000
v -0.06185 1.91312 -0.00321 0.186 0.484 1.000
v -0.06185 1.91312 0.02033 0.186 0.484 1.000
v -0.05915 1.91312 0.03498 0.186 0.484 1.000
v -0.05386 1.91312 0.04867 0.186 0.484 1.000
v -0.04622 1.91312 0.06079 0.186 0.484 1.000
v -0.03656 1.91312 0.07081 0.186 0.484 1.000
v -0.02530 1.91312 0.07830 0.186 0.484 1.000
v -0.01293 1.91312 0.08293 0.186 0.484 1.000
v 0.00000 1.90267 0.09641 0.188 0.486 1.000
v 0.01508 1.90267 0.09458 0.188 0.486 1.000
v 0.02950 1.90267 0.08918 0.188 0.486 1.000
v 0.04263 1.90267 0.08045 0.188 0.486 1.000
v 0.05390 1.90267 0.06876 0.188 0.486 1.000
v 0.06281 1.90267 0.05462 0.188 0.486 1.000
v 0.06898 1.90267 0.03866 0.188 0.486 1.000
v 0.07213 1.90267 0.02158 0.188 0.486 1.000
v 0.07213 1.90267 -0.00446 0.188 0.486 1.000
v 0.06898 1.90267 -0.02154 0.188 0.486 1.000
v 0.06281 1.90267 -0.03750 0.188 0.486 1.000
v 0.05390 1.90267 -0.05164 0.188 0.486 1.000
v 0.04263 1.90267 -0.06333 0.188 0.486 1.000
v 0.02950 1.90267 -0.07206 0.188 0.486 1.000
v 0.01508 1.90267 -0.07746 0.188 0.486 1.000
v 0.00000 1.90267 -0.07929 0.188 0.486 1.000
v -0.01508 1.90267 -0.07746 0.188 0.486 1.000
v -0.02950 1.90267 -0.07206 0.188 0.486 1.000
v -0.04263 1.90267 -0.06333 0.188 0.486 1.000
v -0.05390 1.90267 -0.05164 0.188 0.486 1.000
v -0.06281 1.90267 -0.03750 0.188 0.486 1.000
v -0.06898 1.90267 -0.02154 0.188 0.486 1.000
v -0.07213 1.90267 -0.00446 0.188 0.486 1.000
v -0.07213 1.90267 0.02158 0.188 0.486 1.000
v -0.06898 1.90267 0.03866 0.188 0.486 1.000
v -0.06281 1.90267 0.05462 0.188 0.486 1.000
v -0.05390 1.90267 0.06876 0.188 0.486 1.000
v -0.04263 1.90267 0.08045 0.188 0.486 1.000
v -0.02950 1.90267 0.08918 0.188 0.486 1.000
v -0.01508 1.90267 0.09458 0.188 0.486 1.000
v 0.00000 1.89071 0.10706 0.192 0.489 1.000
v 0.01700 1.89071 0.10500 0.192 0.489 1.000
v 0.03326 1.89071 0.09892 0.192 0.489 1.000
v 0.04807 1.89071 0.08907 0.192 0.489 1.000
v 0.06077 1.89071 0.07589 0.192 0.489 1.000
v 0.07082 1.89071 0.05995 0.192 0.489 1.000
v 0.07777 1.89071 0.04196 0.192 0.489 1.000
v 0.08133 1.89071 0.02269 0.192 0.489 1.000
v 0.08133 1.89071 -0.00557 0.192 0.489 1.000
v 0.07777 1.89071 -0.02484 0.192 0.489 1.000
v 0.07082 1.89071 -0.04283 0.192 0.489 1.000
v 0.06077 1.89071 -0.05877 0.192 0.489 1.000
v 0.04807 1.89071 -0.07195 0.192 0.489 1.000
v 0.03326 1.89071 -0.08180 0.192 0.489 1.000
v 0.01700 1.89071 -0.08788 0.192 0.489 1.000
v 0.00000 1.89071 -0.08994 0.192 0.489 1.000
v -0.01700 1.89071 -0.08788 0.192 0.489 1.000
v -0.03326 1.89071 -0.08180 0.192 0.489 1.000
v -0.04807 1.89071 -0.07195 0.192 0.489 1.000
v -0.06077 1.89071 -0.05877 0.192 0.489 1.000
v -0.07082 1.89071 -0.04283 0.192 0.489 1.000
v -0.07777 1.89071 -0.02484 0.192 0.489 1.000
v -0.08133 1.89071 -0.00557 0.192 0.489 1.000
v -0.08133 1.89071 0.02269 0.192 0.489 1.000
v -0.07777 1.89071 0.04196 0.192 0.489 1.000
v -0.07082 1.89071 0.05995 0.192 0.489 1.000
v -0.06077 1.89071 0.07589 0.192 0.489 1.000
v -0.04807 1.89071 0.08907 0.192 0.489 1.000
v -0.03326 1.89071 0.09892 0.192 0.489 1.000
v -0.01700 1.89071 0.10500 0.192 0.489 1.000
v 0.00000 1.87741 0.11630 0.197 0.494 1.000
v 0.01867 1.87741 0.11403 0.197 0.494 1.000
v 0.03652 1.87741 0.10735 0.197 0.494 1.000
v 0.05278 1.87741 0.09654 0.197 0.494 1.000
v 0.06673 1.87741 0.08206 0.197 0.494 1.000
v 0.07776 1.87741 0.06457 0.197 0.494 1.000
v 0.08540 1.87741 0.04481 0.197 0.494 1.000
v 0.08930 1.87741 0.02365 0.197 0.494 1.000
v 0.08930 1.87741 -0.00653 0.197 0.494 1.000
v 0.08540 1.87741 -0.02769 0.197 0.494 1.000
v 0.07776 1.87741 -0.04745 0.197 0.494 1.000
v 0.06673 1.87741 -0.06494 0.197 0.494 1.000
v 0.05278 1.87741 -0.07942 0.197 0.494 1.000
v 0.03652 1.87741 -0.09023 0.197 0.494 1.000
v 0.01867 1.87741 -0.09691 0.197 0.494 1.000
v 0.00000 1.87741 -0.09918 0.197 0.494 1.000
v -0.01867 1.87741 -0.09691 0.197 0.494 1.000
v -0.03652 1.87741 -0.09023 0.197 0.494 1.000
v -0.05278 1.87741 -0.07942 0.197 0.494 1.000
v -0.06673 1.87741 -0.06494 0.197 0.494 1.000
v -0.07776 1.87741 -0.04745 0.197 0.494 1.000
v -0.08540 1.87741 -0.02769 0.197 0.494 1.000
v -0.08930 1.87741 -0.00653 0.197 0.494 1.000
v -0.08930 1.87741 0.02365 0.197 0.494 1.000
v -0.08540 1.87741 0.04481 0.197 0.494 1.000
v -0.07776 1.87741 0.06457 0.197 0.494 1.000
v -0.06673 1.87741 0.08206 0.197 0.494 1.000
v -0.05278 1.87741 0.09654 0.197 0.494 1.000
v -0.03652 1.87741 0.10735 0.197 0.494 1.000
v -0.01867 1.87741 0.11403 0.197 0.494 1.000
v 0.00000 1.86297 0.12397 0.205 0.501 1.000
v 0.02005 1.86297 0.12154 0.205 0.501 1.000
v 0.03923 1.86297 0.11436 0.205 0.501 1.000
v 0.05669 1.86297 0.10275 0.205 0.501 1.000
v 0.07168 1.86297 0.08720 0.205 0.501 1.000
v 0.08353 1.86297 0.06841 0.205 0.501 1.000
v 0.09173 1.86297 0.04718 0.205 0.501 1.000
v 0.09592 1.86297 0.02446 0.205 0.501 1.000
v 0.09592 1.86297 -0.00734 0.205 0.501 1.000
v 0.09173 1.86297 -0.03006 0.205 0.501 1.000
v 0.08353 1.86297 -0.05129 0.205 0.501 1.000
v 0.07168 1.86297 -0.07008 0.205 0.501 1.000
v 0.05669 1.86297 -0.08563 0.205 0.501 1.000
v 0.03923 1.86297 -0.09724 0.205 0.501 1.000
v 0.02005 1.86297 -0.10442 0.205 0.501 1.000
v 0.00000 1.86297 -0.10685 0.205 0.501 1.000
v -0.02005 1.86297 -0.10442 0.205 0.501 1.000
v -0.03923 1.86297 -0.09724 0.205 0.501 1.000
v -0.05669 1.86297 -0.08563 0.205 0.501 1.000
v -0.07168 1.86297 -0.07008 0.205 0.501 1.000
v -0.08353 1.86297 -0.05129 0.205 0.501 1.000
v -0.09173 1.86297 -0.03006 0.205 0.501 1.000
v -0.09592 1.86297 -0.00734 0.205 0.501 1.000
v -0.09592 1.86297 0.02446 0.205 0.501 1.000
v -0.09173 1.86297 0.04718 0.205 0.501 1.000
v -0.08353 1.86297 0.06841 0.205 0.501 1.000
v -0.07168 1.86297 0.08720 0.205 0.501 1.000
v -0.05669 1.86297 0.10275 0.205 0.501 1.000
v -0.03923 1.86297 0.11436 0.205 0.501 1.000
v -0.02005 1.86297 0.12154 0.205 0.501 1.000
v 0.00000 1.84762 0.12997 0.216 0.511 1.000
v 0.02114 1.84762 0.12741 0.216 0.511 1.000
v 0.04135 1.84762 0.11985 0.216 0.511 1.000
v 0.05976 1.84762 0.10760 0.216 0.511 1.000
v 0.07555 1.84762 0.09122 0.216 0.511 1.000
v 0.08804 1.84762 0.07141 0.216 0.511 1.000
v 0.09669 1.84762 0.04904 0.216 0.511 1.000
v 0.10111 1.84762 0.02508 0.216 0.511 1.000
v 0.10111 1.84762 -0.00796 0.216 0.511 1.000
v 0.09669 1.84762 -0.03192 0.216 0.511 1.000
v 0.08804 1.84762 -0.05429 0.216 0.511 1.000
v 0.07555 1.84762 -0.07410 0.216 0.511 1.000
v 0.05976 1.84762 -0.09048 0.216 0.511 1.000
v 0.04135 1.84762 -0.10273 0.216 0.511 1.000
v 0.02114 1.84762 -0.11029 0.216 0.511 1.000
v 0.00000 1.84762 -0.11285 0.216 0.511 1.000
v -0.02114 1.84762 -0.11029 0.216 0.511 1.000
v -0.04135 1.84762 -0.10273 0.216 0.511 1.000
v -0.05976 1.84762 -0.09048 0.216 0.511 1.000
v -0.07555 1.84762 -0.07410 0.216 0.511 1.000
v -0.08804 1.84762 -0.05429 0.216 0.511 1.000
v -0.09669 1.84762 -0.03192 0.216 0.511 1.000
v -0.10111 1.84762 -0.00796 0.216 0.511 1.000
v -0.10111 1.84762 0.02508 0.216 0.511 1.000
v -0.09669 1.84762 0.04904 0.216 0.511 1.000
v -0.08804 1.84762 0.07141 0.216 0.511 1.000
v -0.07555 1.84762 0.09122 0.216 0.511 1.000
v -0.05976 1.84762 0.10760 0.216 0.511 1.000
v -0.04135 1.84762 0.11985 0.216 0.511 1.000
v -0.02114 1.84762 0.12741 0.216 0.511 1.000
v 0.00000 1.83157 0.13421 0.229 0.524 1.000
v 0.02190 1.83157 0.13156 0.229 0.524 1.000
v 0.04285 1.83157 0.12372 0.229 0.524 1.000
v 0.06192 1.83157 0.11103 0.229 0.524 1.000
v 0.07828 1.83157 0.09405 0.229 0.524 1.000
v 0.09123 1.83157 0.07352 0.229 0.524 1.000
v 0.10018 1.83157 0.05035 0.229 0.524 1.000
v 0.10476 1.83157 0.02553 0.229 0.524 1.000
v 0.10476 1.83157 -0.00841 0.229 0.524 1.000
v 0.10018 1.83157 -0.03323 0.229 0.524 1.000
v 0.09123 1.83157 -0.05640 0.229 0.524 1.000
v 0.07828 1.83157 -0.07693 0.229 0.524 1.000
v 0.06192 1.83157 -0.09391 0.229 0.524 1.000
v 0.04285 1.83157 -0.10660 0.229 0.524 1.000
v 0.02190 1.83157 -0.11444 0.229 0.524 1.000
v 0.00000 1.83157 -0.11709 0.229 0.524 1.000
v -0.02190 1.83157 -0.11444 0.229 0.524 1.000
v -0.04285 1.83157 -0.10660 0.229 0.524 1.000
v -0.06192 1.83157 -0.09391 0.229 0.524 1.000
v -0.07828 1.83157 -0.07693 0.229 0.524 1.000
v -0.09123 1.83157 -0.05640 0.229 0.524 1.000
v -0.10018 1.83157 -0.03323 0.229 0.524 1.000
v -0.10476 1.83157 -0.00841 0.229 0.524 1.000
v -0.10476 1.83157 0.02553 0.229 0.524 1.000
v -0.10018 1.83157 0.05035 0.229 0.524 1.000
v -0.09123 1.83157 0.07352 0.229 0.524 1.000
v -0.07828 1.83157 0.09405 0.229 0.524 1.000
v -0.06192 1.83157 0.11103 0.229 0.524 1.000
v -0.04285 1.83157 0.12372 0.229 0.524 1.000
v -0.02190 1.83157 0.13156 0.229 0.524 1.000
v 0.00000 1.81507 0.13662 0.246 0.539 1.000
v 0.02234 1.81507 0.13391 0.246 0.539 1.000
v 0.04370 1.81507 0.12592 0.246 0.539 1.000
v 0.06315 1.81507 0.11298 0.246 0.539 1.000
v 0.07984 1.81507 0.09566 0.246 0.539 1.000
v 0.09304 1.81507 0.07473 0.246 0.539 1.000
v 0.10217 1.81507 0.05109 0.246 0.539 1.000
v 0.10684 1.81507 0.02578 0.246 0.539 1.000
v 0.10684 1.81507 -0.00866 0.246 0.539 1.000
v 0.10217 1.81507 -0.03397 0.246 0.539 1.000
v 0.09304 1.81507 -0.05761 0.246 0.539 1.000
v 0.07984 1.81507 -0.07854 0.246 0.539 1.000
v 0.06315 1.81507 -0.09586 0.246 0.539 1.000
v 0.04370 1.81507 -0.10880 0.246 0.539 1.000
v 0.02234 1.81507 -0.11679 0.246 0.539 1.000
v 0.00000 1.81507 -0.11950 0.246 0.539 1.000
v -0.02234 1.81507 -0.11679 0.246 0.539 1.000
v -0.04370 1.81507 -0.10880 0.246 0.539 1.000
v -0.06315 1.81507 -0.09586 0.246 0.539 1.000
v -0.07984 1.81507 -0.07854 0.246 0.539 1.000
v -0.09304 1.81507 -0.05761 0.246 0.539 1.000
v -0.10217 1.81507 -0.03397 0.246 0.539 1.000
v -0.10684 1.81507 -0.00866 0.246 0.539 1.000
v -0.10684 1.81507 0.02578 0.246 0.539 1.000
v -0.10217 1.81507 0.05109 0.246 0.539 1.000
v -0.09304 1.81507 0.07473 0.246 0.539 1.000
v -0.07984 1.81507 0.09566 0.246 0.539 1.000
v -0.06315 1.81507 0.11298 0.246 0.539 1.000
v -0.04370 1.81507 0.12592 0.246 0.539 1.000
v -0.02234 1.81507 0.13391 0.246 0.539 1.000
v 0.00000 1.79838 0.13716 0.266 0.557 1.000
v 0.02243 1.79838 0.13445 0.266 0.557 1.000
v 0.04389 1.79838 0.12642 0.266 0.557 1.000
v 0.06342 1.79838 0.11342 0.266 0.557 1.000
v 0.08019 1.79838 0.09603 0.266 0.557 1.000
v 0.09345 1.79838 0.07500 0.266 0.557 1.000
v 0.10262 1.79838 0.05126 0.266 0.557 1.000
v 0.10731 1.79838 0.02584 0.266 0.557 1.000
v 0.10731 1.79838 -0.00872 0.266 0.557 1.000
v 0.10262 1.79838 -0.03414 0.266 0.557 1.000
v 0.09345 1.79838 -0.05788 0.266 0.557 1.000
v 0.08019 1.79838 -0.07891 0.266 0.557 1.000
v 0.06342 1.79838 -0.09630 0.266 0.557 1.000
v 0.04389 1.79838 -0.10930 0.266 0.557 1.000
v 0.02243 1.79838 -0.11733 0.266 0.557 1.000
v 0.00000 1.79838 -0.12004 0.266 0.557 1.000
v -0.02243 1.79838 -0.11733 0.266 0.557 1.000
v -0.04389 1.79838 -0.10930 0.266 0.557 1.000
v -0.06342 1.79838 -0.09630 0.266 0.557 1.000
v -0.08019 1.79838 -0.07891 0.266 0.557 1.000
v -0.09345 1.79838 -0.05788 0.266 0.557 1.000
v -0.10262 1.79838 -0.03414 0.266 0.557 1.000
v -0.10731 1.79838 -0.00872 0.266 0.557 1.000
v -0.10731 1.79838 0.02584 0.266 0.557 1.000
v -0.10262 1.79838 0.05126 0.266 0.557 1.000
v -0.09345 1.79838 0.07500 0.266 0.557 1.000
v -0.08019 1.79838 0.09603 0.266 0.557 1.000
v -0.06342 1.79838 0.11342 0.266 0.557 1.000
v -0.04389 1.79838 0.12642 0.266 0.557 1.000
v -0.02243 1.79838 0.13445 0.266 0.557 1.000
v 0.00000 1.78174 0.13584 0.289 0.578 1.000
v 0.02154 1.78174 0.13315 0.289 0.578 1.000
v 0.04215 1.78174 0.12520 0.289 0.578 1.000
v 0.06091 1.78174 0.11235 0.289 0.578 1.000
v 0.07700 1.78174 0.09514 0.289 0.578 1.000
v 0.08974 1.78174 0.07434 0.289 0.578 1.000
v 0.09855 1.78174 0.05085 0.289 0.578 1.000
v 0.10305 1.78174 0.02570 0.289 0.578 1.000
v 0.10305 1.78174 -0.00858 0.289 0.578 1.000
v 0.09855 1.78174 -0.03373 0.289 0.578 1.000
v 0.08974 1.78174 -0.05722 0.289 0.578 1.000
v 0.07700 1.78174 -0.07802 0.289 0.578 1.000
v 0.06091 1.78174 -0.09523 0.289 0.578 1.000
v 0.04215 1.78174 -0.10808 0.289 0.578 1.000
v 0.02154 1.78174 -0.11603 0.289 0.578 1.000
v 0.00000 1.78174 -0.11872 0.289 0.578 1.000
v -0.02154 1.78174 -0.11603 0.289 0.578 1.000
v -0.04215 1.78174 -0.10808 0.289 0.578 1.000
v -0.06091 1.78174 -0.09523 0.289 0.578 1.000
v -0.07700 1.78174 -0.07802 0.289 0.578 1.000
v -0.08974 1.78174 -0.05722 0.289 0.578 1.000
v -0.09855 1.78174 -0.03373 0.289 0.578 1.000
v -0.10305 1.78174 -0.00858 0.289 0.578 1.000
v -0.10305 1.78174 0.02570 0.289 0.578 1.000
v -0.09855 1.78174 0.05085 0.289 0.578 1.000
v -0.08974 1.78174 0.07434 0.289 0.578 1.000
v -0.07700 1.78174 0.09514 0.289 0.578 1.000
v -0.06091 1.78174 0.11235 0.289 0.578 1.000
v -0.04215 1.78174 0.12520 0.289 0.578 1.000
v -0.02154 1.78174 0.13315 0.289 0.578 1.000
v 0.00000 1.76541 0.13266 0.314 0.602 1.000
v 0.02003 1.76541 0.13004 0.314 0.602 1.000
v 0.03918 1.76541 0.12230 0.314 0.602 1.000
v 0.05663 1.76541 0.10977 0.314 0.602 1.000
v 0.07159 1.76541 0.09301 0.314 0.602 1.000
v 0.08343 1.76541 0.07275 0.314 0.602 1.000
v 0.09162 1.76541 0.04987 0.314 0.602 1.000
v 0.09581 1.76541 0.02536 0.314 0.602 1.000
v 0.09581 1.76541 -0.00824 0.314 0.602 1.000
v 0.09162 1.76541 -0.03275 0.314 0.602 1.000
v 0.08343 1.76541 -0.05563 0.314 0.602 1.000
v 0.07159 1.76541 -0.07589 0.314 0.602 1.000
v 0.05663 1.76541 -0.09265 0.314 0.602 1.000
v 0.03918 1.76541 -0.10518 0.314 0.602 1.000
v 0.02003 1.76541 -0.11292 0.314 0.602 1.000
v 0.00000 1.76541 -0.11554 0.314 0.602 1.000
v -0.02003 1.76541 -0.11292 0.314 0.602 1.000
v -0.03918 1.76541 -0.10518 0.314 0.602 1.000
v -0.05663 1.76541 -0.09265 0.314 0.602 1.000
v -0.07159 1.76541 -0.07589 0.314 0.602 1.000
v -0.08343 1.76541 -0.05563 0.314 0.602 1.000
v -0.09162 1.76541 -0.03275 0.314 0.602 1.000
v -0.09581 1.76541 -0.00824 0.314 0.602 1.000
v -0.09581 1.76541 0.02536 0.314 0.602 1.000
v -0.09162 1.76541 0.04987 0.314 0.602 1.000
v -0.08343 1.76541 0.07275 0.314 0.602 1.000
v -0.07159 1.76541 0.09301 0.314 0.602 1.000
v -0.05663 1.76541 0.10977 0.314 0.602 1.000
v -0.03918 1.76541 0.12230 0.314 0.602 1.000
v -0.02003 1.76541 0.13004 0.314 0.602 1.000
v 0.00000 1.74962 0.12767 0.342 0.627 1.000
v 0.01823 1.74962 0.12516 0.342 0.627 1.000
v 0.03566 1.74962 0.11774 0.342 0.627 1.000
v 0.05154 1.74962 0.10574 0.342 0.627 1.000
v 0.06516 1.74962 0.08968 0.342 0.627 1.000
v 0.07593 1.74962 0.07026 0.342 0.627 1.000
v 0.08339 1.74962 0.04832 0.342 0.627 1.000
v 0.08720 1.74962 0.02484 0.342 0.627 1.000
v 0.08720 1.74962 -0.00772 0.342 0.627 1.000
v 0.08339 1.74962 -0.03120 0.342 0.627 1.000
v 0.07593 1.74962 -0.05314 0.342 0.627 1.000
v 0.06516 1.74962 -0.07256 0.342 0.627 1.000
v 0.05154 1.74962 -0.08862 0.342 0.627 1.000
v 0.03566 1.74962 -0.10062 0.342 0.627 1.000
v 0.01823 1.74962 -0.10804 0.342 0.627 1.000
v 0.00000 1.74962 -0.11055 0.342 0.627 1.000
v -0.01823 1.74962 -0.10804 0.342 0.627 1.000
v -0.03566 1.74962 -0.10062 0.342 0.627 1.000
v -0.05154 1.74962 -0.08862 0.342 0.627 1.000
v -0.06516 1.74962 -0.07256 0.342 0.627 1.000
v -0.07593 1.74962 -0.05314 0.342 0.627 1.000
v -0.08339 1.74962 -0.03120 0.342 0.627 1.000
v -0.08720 1.74962 -0.00772 0.342 0.627 1.000
v -0.08720 1.74962 0.02484 0.342 0.627 1.000
v -0.08339 1.74962 0.04832 0.342 0.627 1.000
v -0.07593 1.74962 0.07026 0.342 0.627 1.000
v -0.06516 1.74962 0.08968 0.342 0.627 1.000
v -0.05154 1.74962 0.10574 0.342 0.627 1.000
v -0.03566 1.74962 0.11774 0.342 0.627 1.000
v -0.01823 1.74962 0.12516 0.342 0.627 1.000
v 0.00000 1.73462 0.12096 0.371 0.653 1.000
v 0.01625 1.73462 0.11859 0.371 0.653 1.000
v 0.03180 1.73462 0.11161 0.371 0.653 1.000
v 0.04595 1.73462 0.10031 0.371 0.653 1.000
v 0.05810 1.73462 0.08518 0.371 0.653 1.000
v 0.06770 1.73462 0.06690 0.371 0.653 1.000
v 0.07435 1.73462 0.04625 0.371 0.653 1.000
v 0.07775 1.73462 0.02414 0.371 0.653 1.000
v 0.07775 1.73462 -0.00702 0.371 0.653 1.000
v 0.07435 1.73462 -0.02913 0.371 0.653 1.000
v 0.06770 1.73462 -0.04978 0.371 0.653 1.000
v 0.05810 1.73462 -0.06806 0.371 0.653 1.000
v 0.04595 1.73462 -0.08319 0.371 0.653 1.000
v 0.03180 1.73462 -0.09449 0.371 0.653 1.000
v 0.01625 1.73462 -0.10147 0.371 0.653 1.000
v 0.00000 1.73462 -0.10384 0.371 0.653 1.000
v -0.01625 1.73462 -0.10147 0.371 0.653 1.000
v -0.03180 1.73462 -0.09449 0.371 0.653 1.000
v -0.04595 1.73462 -0.08319 0.371 0.653 1.000
v -0.05810 1.73462 -0.06806 0.371 0.653 1.000
v -0.06770 1.73462 -0.04978 0.371 0.653 1.000
v -0.07435 1.73462 -0.02913 0.371 0.653 1.000
v -0.07775 1.73462 -0.00702 0.371 0.653 1.000
v -0.07775 1.73462 0.02414 0.371 0.653 1.000
v -0.07435 1.73462 0.04625 0.371 0.653 1.000
v -0.06770 1.73462 0.06690 0.371 0.653 1.000
v -0.05810 1.73462 0.08518 0.371 0.653 1.000
v -0.04595 1.73462 0.10031 0.371 0.653 1.000
v -0.03180 1.73462 0.11161 0.371 0.653 1.000
v -0.01625 1.73462 0.11859 0.371 0.653 1.000
v 0.00000 1.72063 0.11261 0.373 0.655 1.000
v 0.01419 1.72063 0.11043 0.373 0.655 1.000
v 0.02775 1.72063 0.10399 0.373 0.655 1.000
v 0.04011 1.72063 0.09356 0.373 0.655 1.000
v 0.05071 1.72063 0.07960 0.373 0.655 1.000
v 0.05909 1.72063 0.06273 0.373 0.655 1.000
v 0.06490 1.72063 0.04367 0.373 0.655 1.000
v 0.06786 1.72063 0.02327 0.373 0.655 1.000
v 0.06786 1.72063 -0.00615 0.373 0.655 1.000
v 0.06490 1.72063 -0.02655 0.373 0.655 1.000
v 0.05909 1.72063 -0.04561 0.373 0.655 1.000
v 0.05071 1.72063 -0.06248 0.373 0.655 1.000
v 0.04011 1.72063 -0.07644 0.373 0.655 1.000
v 0.02775 1.72063 -0.08687 0.373 0.655 1.000
v 0.01419 1.72063 -0.09331 0.373 0.655 1.000
v 0.00000 1.72063 -0.09549 0.373 0.655 1.000
v -0.01419 1.72063 -0.09331 0.373 0.655 1.000
v -0.02775 1.72063 -0.08687 0.373 0.655 1.000
v -0.04011 1.72063 -0.07644 0.373 0.655 1.000
v -0.05071 1.72063 -0.06248 0.373 0.655 1.000
v -0.05909 1.72063 -0.04561 0.373 0.655 1.000
v -0.06490 1.72063 -0.02655 0.373 0.655 1.000
v -0.06786 1.72063 -0.00615 0.373 0.655 1.000
v -0.06786 1.72063 0.02327 0.373 0.655 1.000
v -0.06490 1.72063 0.04367 0.373 0.655 1.000
v -0.05909 1.72063 0.06273 0.373 0.655 1.000
v -0.05071 1.72063 0.07960 0.373 0.655 1.000
v -0.04011 1.72063 0.09356 0.373 0.655 1.000
v -0.02775 1.72063 0.10399 0.373 0.655 1.000
v -0.01419 1.72063 0.11043 0.373 0.655 1.000
v 0.00000 1.70787 0.10277 0.373 0.655 1.000
v 0.01210 1.70787 0.10080 0.373 0.655 1.000
v 0.02367 1.70787 0.09499 0.373 0.655 1.000
v 0.03421 1.70787 0.08559 0.373 0.655 1.000
v 0.04325 1.70787 0.07301 0.373 0.655 1.000
v 0.05040 1.70787 0.05780 0.373 0.655 1.000
v 0.05535 1.70787 0.04063 0.373 0.655 1.000
v 0.05788 1.70787 0.02224 0.373 0.655 1.000
v 0.05788 1.70787 -0.00512 0.373 0.655 1.000
v 0.05535 1.70787 -0.02351 0.373 0.655 1.000
v 0.05040 1.70787 -0.04068 0.373 0.655 1.000
v 0.04325 1.70787 -0.05589 0.373 0.655 1.000
v 0.03421 1.70787 -0.06847 0.373 0.655 1.000
v 0.02367 1.70787 -0.07787 0.373 0.655 1.000
v 0.01210 1.70787 -0.08368 0.373 0.655 1.000
v 0.00000 1.70787 -0.08565 0.373 0.655 1.000
v -0.01210 1.70787 -0.08368 0.373 0.655 1.000
v -0.02367 1.70787 -0.07787 0.373 0.655 1.000
v -0.03421 1.70787 -0.06847 0.373 0.655 1.000
v -0.04325 1.70787 -0.05589 0.373 0.655 1.000
v -0.05040 1.70787 -0.04068 0.373 0.655 1.000
v -0.05535 1.70787 -0.02351 0.373 0.655 1.000
v -0.05788 1.70787 -0.00512 0.373 0.655 1.000
v -0.05788 1.70787 0.02224 0.373 0.655 1.000
v -0.05535 1.70787 0.04063 0.373 0.655 1.000
v -0.05040 1.70787 0.05780 0.373 0.655 1.000
v -0.04325 1.70787 0.07301 0.373 0.655 1.000
v -0.03421 1.70787 0.08559 0.373 0.655 1.000
v -0.02367 1.70787 0.09499 0.373 0.655 1.000
v -0.01210 1.70787 0.10080 0.373 0.655 1.000
v 0.00000 1.69652 0.09156 0.373 0.655 1.000
v 0.01005 1.69652 0.08984 0.373 0.655 1.000
v 0.01966 1.69652 0.08476 0.373 0.655 1.000
v 0.02840 1.69652 0.07653 0.373 0.655 1.000
v 0.03591 1.69652 0.06552 0.373 0.655 1.000
v 0.04185 1.69652 0.05220 0.373 0.655 1.000
v 0.04596 1.69652 0.03717 0.373 0.655 1.000
v 0.04806 1.69652 0.02107 0.373 0.655 1.000
v 0.04806 1.69652 -0.00395 0.373 0.655 1.000
v 0.04596 1.69652 -0.02005 0.373 0.655 1.000
v 0.04185 1.69652 -0.03508 0.373 0.655 1.000
v 0.03591 1.69652 -0.04840 0.373 0.655 1.000
v 0.02840 1.69652 -0.05941 0.373 0.655 1.000
v 0.01966 1.69652 -0.06764 0.373 0.655 1.000
v 0.01005 1.69652 -0.07272 0.373 0.655 1.000
v 0.00000 1.69652 -0.07444 0.373 0.655 1.000
v -0.01005 1.69652 -0.07272 0.373 0.655 1.000
v -0.01966 1.69652 -0.06764 0.373 0.655 1.000
v -0.02840 1.69652 -0.05941 0.373 0.655 1.000
v -0.03591 1.69652 -0.04840 0.373 0.655 1.000
v -0.04185 1.69652 -0.03508 0.373 0.655 1.000
v -0.04596 1.69652 -0.02005 0.373 0.655 1.000
v -0.04806 1.69652 -0.00395 0.373 0.655 1.000
v -0.04806 1.69652 0.02107 0.373 0.655 1.000
v -0.04596 1.69652 0.03717 0.373 0.655 1.000
v -0.04185 1.69652 0.05220 0.373 0.655 1.000
v -0.03591 1.69652 0.06552 0.373 0.655 1.000
v -0.02840 1.69652 0.07653 0.373 0.655 1.000
v -0.01966 1.69652 0.08476 0.373 0.655 1.000
v -0.01005 1.69652 0.08984 0.373 0.655 1.000
v 0.00000 1.68676 0.07918 0.373 0.655 1.000
v 0.00806 1.68676 0.07773 0.373 0.655 1.000
v 0.01578 1.68676 0.07344 0.373 0.655 1.000
v 0.02280 1.68676 0.06651 0.373 0.655 1.000
v 0.02883 1.68676 0.05723 0.373 0.655 1.000
v 0.03359 1.68676 0.04601 0.373 0.655 1.000
v 0.03689 1.68676 0.03334 0.373 0.655 1.000
v 0.03858 1.68676 0.01977 0.373 0.655 1.000
v 0.03858 1.68676 -0.00265 0.373 0.655 1.000
v 0.03689 1.68676 -0.01622 0.373 0.655 1.000
v 0.03359 1.68676 -0.02889 0.373 0.655 1.000
v 0.02883 1.68676 -0.04011 0.373 0.655 1.000
v 0.02280 1.68676 -0.04939 0.373 0.655 1.000
v 0.01578 1.68676 -0.05632 0.373 0.655 1.000
v 0.00806 1.68676 -0.06061 0.373 0.655 1.000
v 0.00000 1.68676 -0.06206 0.373 0.655 1.000
v -0.00806 1.68676 -0.06061 0.373 0.655 1.000
v -0.01578 1.68676 -0.05632 0.373 0.655 1.000
v -0.02280 1.68676 -0.04939 0.373 0.655 1.000
v -0.02883 1.68676 -0.04011 0.373 0.655 1.000
v -0.03359 1.68676 -0.02889 0.373 0.655 1.000
v -0.03689 1.68676 -0.01622 0.373 0.655 1.000
v -0.03858 1.68676 -0.00265 0.373 0.655 1.000
v -0.03858 1.68676 0.01977 0.373 0.655 1.000
v -0.03689 1.68676 0.03334 0.373 0.655 1.000
v -0.03359 1.68676 0.04601 0.373 0.655 1.000
v -0.02883 1.68676 0.05723 0.373 0.655 1.000
v -0.02280 1.68676 0.06651 0.373 0.655 1.000
v -0.01578 1.68676 0.07344 0.373 0.655 1.000
v -0.00806 1.68676 0.07773 0.373 0.655 1.000
v 0.00000 1.67874 0.06579 0.373 0.655 1.000
v 0.00617 1.67874 0.06463 0.373 0.655 1.000
v 0.01207 1.67874 0.06121 0.373 0.655 1.000
v 0.01744 1.67874 0.05568 0.373 0.655 1.000
v 0.02205 1.67874 0.04827 0.373 0.655 1.000
v 0.02570 1.67874 0.03932 0.373 0.655 1.000
v 0.02822 1.67874 0.02920 0.373 0.655 1.000
v 0.02951 1.67874 0.01837 0.373 0.655 1.000
v 0.02951 1.67874 -0.00125 0.373 0.655 1.000
v 0.02822 1.67874 -0.01208 0.373 0.655 1.000
v 0.02570 1.67874 -0.02220 0.373 0.655 1.000
v 0.02205 1.67874 -0.03115 0.373 0.655 1.000
v 0.01744 1.67874 -0.03856 0.373 0.655 1.000
v 0.01207 1.67874 -0.04409 0.373 0.655 1.000
v 0.00617 1.67874 -0.04751 0.373 0.655 1.000
v 0.00000 1.67874 -0.04867 0.373 0.655 1.000
v -0.00617 1.67874 -0.04751 0.373 0.655 1.000
v -0.01207 1.67874 -0.04409 0.373 0.655 1.000
v -0.01744 1.67874 -0.03856 0.373 0.655 1.000
v -0.02205 1.67874 -0.03115 0.373 0.655 1.000
v -0.02570 1.67874 -0.02220 0.373 0.655 1.000
v -0.02822 1.67874 -0.01208 0.373 0.655 1.000
v -0.02951 1.67874 -0.00125 0.373 0.655 1.000
v -0.02951 1.67874 0.01837 0.373 0.655 1.000
v -0.02822 1.67874 0.02920 0.373 0.655 1.000
v -0.02570 1.67874 0.03932 0.373 0.655 1.000
v -0.02205 1.67874 0.04827 0.373 0.655 1.000
v -0.01744 1.67874 0.05568 0.373 0.655 1.000
v -0.01207 1.67874 0.06121 0.373 0.655 1.000
v -0.00617 1.67874 0.06463 0.373 0.655 1.000
vn 0.6181 -0.7841 0.0558
vn 0.5046 -0.7867 0.3556
vn 0.2581 -0.7884 0.5584
vn -0.0559 -0.7887 0.6123
vn -0.3556 -0.7874 0.5035
vn -0.5625 -0.7850 0.2594
vn -0.6205 -0.7822 -0.0570
vn -0.5116 -0.7796 -0.3613
vn -0.2634 -0.7779 -0.5705
vn 0.0569 -0.7777 -0.6261
vn 0.3613 -0.7789 -0.5127
vn 0.5665 -0.7812 -0.2622
vn 0.9996 -0.0134 0.0238
vn 0.8537 -0.0090 0.5206
vn 0.4788 -0.0059 0.8779
vn -0.0245 -0.0051 0.9997
vn -0.5211 -0.0067 0.8535
vn -0.8779 -0.0103 0.4787
vn -0.9996 -0.0150 -0.0242
vn -0.8537 -0.0194 -0.5205
vn -0.4792 -0.0224 -0.8774
vn 0.0235 -0.0232 -0.9995
vn 0.5201 -0.0216 -0.8538
vn 0.8774 -0.0180 -0.4794
vn 0.9998 -0.0211 0.0013
vn 0.8653 -0.0140 0.5011
vn 0.4988 -0.0088 0.8667
vn -0.0014 -0.0069 1.0000
vn -0.5012 -0.0088 0.8653
vn -0.8666 -0.0141 0.4989
vn -0.9998 -0.0212 -0.0011
vn -0.8652 -0.0283 -0.5006
vn -0.4989 -0.0335 -0.8660
vn 0.0010 -0.0354 -0.9994
vn 0.5007 -0.0334 -0.8650
vn 0.8663 -0.0282 -0.4987
vn 0.9965 -0.0830 -0.0115
vn 0.8693 -0.0758 0.4884
vn 0.5092 -0.0705 0.8577
vn 0.0127 -0.0685 0.9976
vn -0.4873 -0.0704 0.8704
vn -0.8566 -0.0755 0.5103
vn -0.9965 -0.0826 0.0139
vn -0.8693 -0.0897 -0.4860
vn -0.5092 -0.0950 -0.8554
vn -0.0127 -0.0970 -0.9952
vn 0.4873 -0.0952 -0.8680
vn 0.8566 -0.0900 -0.5080
vn 0.9779 -0.2028 -0.0508
vn 0.8736 -0.1948 0.4459
vn 0.5347 -0.1889 0.8236
vn 0.0526 -0.1866 0.9810
vn -0.4432 -0.1885 0.8764
vn -0.8202 -0.1941 0.5382
vn -0.9777 -0.2020 0.0571
vn -0.8740 -0.2100 -0.4383
vn -0.5365 -0.2161 -0.8158
vn -0.0553 -0.2184 -0.9743
vn 0.4411 -0.2165 -0.8710
vn 0.8195 -0.2108 -0.5330
vn 0.9965 -0.0817 0.0168
vn 0.8550 -0.0817 0.5122
vn 0.4852 -0.0813 0.8706
vn -0.0141 -0.0806 0.9966
vn -0.5099 -0.0799 0.8565
vn -0.8698 -0.0792 0.4871
vn -0.9968 -0.0789 -0.0133
vn -0.8562 -0.0789 -0.5105
vn -0.4854 -0.0793 -0.8707
vn 0.0161 -0.0800 -0.9967
vn 0.5129 -0.0807 -0.8546
vn 0.8716 -0.0813 -0.4834
vn 0.9989 0.0373 0.0292
vn 0.8509 0.0301 0.5244
vn 0.4753 0.0249 0.8795
vn -0.0277 0.0232 0.9993
vn -0.5234 0.0253 0.8517
vn -0.8790 0.0307 0.4759
vn -0.9989 0.0380 -0.0276
vn -0.8508 0.0452 -0.5235
vn -0.4744 0.0504 -0.8788
vn 0.0291 0.0522 -0.9982
vn 0.5247 0.0500 -0.8498
vn 0.8795 0.0446 -0.4737
vn 0.9999 -0.0098 0.0034
vn 0.8642 -0.0170 0.5029
vn 0.4969 -0.0222 0.8675
vn -0.0036 -0.0241 0.9997
vn -0.5031 -0.0221 0.8640
vn -0.8678 -0.0169 0.4967
vn -0.9999 -0.0097 -0.0037
vn -0.8642 -0.0026 -0.5031
vn -0.4969 0.0026 -0.8678
vn 0.0036 0.0045 -1.0000
vn 0.5031 0.0026 -0.8642
vn 0.8678 -0.0027 -0.4970
vn 0.8961 0.4370 -0.0774
vn 0.8179 0.4304 0.3818
vn 0.5205 0.4253 0.7404
vn 0.0837 0.4230 0.9023
vn -0.3756 0.4241 0.8241
vn -0.7342 0.4283 0.5267
vn -0.8961 0.4346 0.0899
vn -0.8179 0.4412 -0.3693
vn -0.5205 0.4463 -0.7279
vn -0.0837 0.4486 -0.8898
vn 0.3756 0.4475 -0.8116
vn 0.7342 0.4432 -0.5143
vn 0.0000 -1.0000 0.0000
vn 0.0000 0.9999 0.0143
vn 0.9901 -0.1116 0.0849
vn 0.8142 -0.1185 0.5683
vn 0.4201 -0.1232 0.8991
vn -0.0865 -0.1245 0.9884
vn -0.5700 -0.1220 0.8126
vn -0.9007 -0.1164 0.4185
vn -0.9901 -0.1091 -0.0881
vn -0.8142 -0.1022 -0.5715
vn -0.4201 -0.0975 -0.9022
vn 0.0865 -0.0962 -0.9916
vn 0.5700 -0.0987 -0.8157
vn 0.9007 -0.1044 -0.4217
vn 0.9862 -0.1637 -0.0235
vn 0.8647 -0.1708 0.4724
vn 0.5114 -0.1760 0.8411
vn 0.0211 -0.1781 0.9838
vn -0.4748 -0.1764 0.8622
vn -0.8435 -0.1713 0.5090
vn -0.9862 -0.1643 0.0188
vn -0.8647 -0.1572 -0.4771
vn -0.5114 -0.1520 -0.8458
vn -0.0211 -0.1499 -0.9885
vn 0.4748 -0.1516 -0.8669
vn 0.8435 -0.1567 -0.5137
vn 0.9882 -0.1455 0.0473
vn 0.8312 -0.1526 0.5347
vn 0.4514 -0.1575 0.8783
vn -0.0493 -0.1591 0.9860
vn -0.5368 -0.1568 0.8290
vn -0.8805 -0.1513 0.4493
vn -0.9882 -0.1441 -0.0514
vn -0.8312 -0.1370 -0.5389
vn -0.4514 -0.1321 -0.8825
vn 0.0494 -0.1305 -0.9902
vn 0.5369 -0.1328 -0.8332
vn 0.8805 -0.1383 -0.4534
vn 0.9952 -0.0871 -0.0455
vn 0.8841 -0.0938 0.4579
vn 0.5361 -0.0988 0.8383
vn 0.0445 -0.1009 0.9939
vn -0.4592 -0.0996 0.8828
vn -0.8397 -0.0951 0.5346
vn -0.9951 -0.0886 0.0429
vn -0.8838 -0.0820 -0.4606
vn -0.5356 -0.0770 -0.8409
vn -0.0440 -0.0749 -0.9962
vn 0.4594 -0.0762 -0.8850
vn 0.8397 -0.0807 -0.5370
vn 0.5758 0.8164 -0.0441
vn 0.5230 0.8148 0.2500
vn 0.3309 0.8136 0.4780
vn 0.0512 0.8131 0.5798
vn -0.2420 0.8135 0.5288
vn -0.4710 0.8146 0.3384
vn -0.5748 0.8162 0.0586
vn -0.5247 0.8178 -0.2363
vn -0.3333 0.8190 -0.4670
vn -0.0516 0.8195 -0.5707
vn 0.2443 0.8192 -0.5190
vn 0.4740 0.8180 -0.3259
vn 0.0000 1.0000 0.0091
vn 0.7965 0.0823 0.5990
vn 0.5928 0.4480 0.6693
vn 0.2774 0.6360 0.7201
vn -0.0556 0.6789 0.7322
vn -0.3921 0.5926 0.7036
vn -0.6901 0.3358 0.6411
vn -0.8115 -0.0838 0.5783
vn -0.6625 -0.5006 0.5572
vn -0.3293 -0.7549 0.5671
vn 0.0670 -0.8183 0.5708
vn 0.4578 -0.6921 0.5581
vn 0.7475 -0.3637 0.5559
vn 0.9983 0.0348 -0.0466
vn 0.7976 0.5955 0.0963
vn 0.4039 0.8863 0.2266
vn -0.0076 0.9622 0.2722
vn -0.4270 0.8768 0.2211
vn -0.8281 0.5540 0.0850
vn -0.9981 -0.0348 -0.0518
vn -0.7986 -0.5962 -0.0821
vn -0.4143 -0.9091 -0.0442
vn 0.0079 -0.9997 -0.0239
vn 0.4372 -0.8979 -0.0514
vn 0.8278 -0.5538 -0.0894
vn 0.9981 -0.0227 0.0566
vn 0.7619 0.6290 0.1545
vn 0.3703 0.8992 0.2332
vn 0.0219 0.9636 0.2666
vn -0.3276 0.9109 0.2508
vn -0.7293 0.6601 0.1799
vn -0.9975 0.0226 0.0662
vn -0.7711 -0.6367 0.0082
vn -0.3807 -0.9244 0.0215
vn -0.0227 -0.9990 0.0389
vn 0.3382 -0.9405 0.0338
vn 0.7413 -0.6709 0.0201
vn 0.9838 -0.0229 0.1778
vn 0.7074 0.6723 0.2181
vn 0.3233 0.9203 0.2205
vn 0.0089 0.9745 0.2243
vn -0.3030 0.9246 0.2307
vn -0.6829 0.6929 0.2314
vn -0.9833 0.0228 0.1806
vn -0.7229 -0.6870 0.0742
vn -0.3314 -0.9432 0.0232
vn -0.0091 -0.9998 0.0158
vn 0.3112 -0.9497 0.0341
vn 0.6994 -0.7095 0.0863
vn 0.9782 -0.1845 -0.0955
vn 0.8088 0.5881 -0.0068
vn 0.4027 0.9149 0.0271
vn 0.0642 0.9974 0.0325
vn -0.2562 0.9662 0.0299
vn -0.6323 0.7746 0.0122
vn -0.9813 0.1851 -0.0535
vn -0.8009 -0.5823 -0.1398
vn -0.3964 -0.9004 -0.1792
vn -0.0631 -0.9794 -0.1920
vn 0.2518 -0.9494 -0.1877
vn 0.6239 -0.7644 -0.1626
vn 0.0000 0.0000 1.0000
vn 0.0000 0.0000 -1.0000
vn 0.5388 -0.8416 0.0361
vn 0.4426 -0.8454 0.2990
vn 0.2277 -0.8480 0.4786
vn -0.0481 -0.8487 0.5268
vn -0.3111 -0.8473 0.4305
vn -0.4907 -0.8442 0.2157
vn -0.5388 -0.8403 -0.0601
vn -0.4426 -0.8365 -0.3231
vn -0.2277 -0.8339 -0.5027
vn 0.0481 -0.8333 -0.5508
vn 0.3111 -0.8346 -0.4545
vn 0.4907 -0.8377 -0.2397
vn 0.5388 0.8416 -0.0361
vn 0.4907 0.8377 0.2397
vn 0.3111 0.8346 0.4545
vn 0.0481 0.8333 0.5508
vn -0.2277 0.8339 0.5027
vn -0.4426 0.8365 0.3231
vn -0.5388 0.8403 0.0601
vn -0.4907 0.8442 -0.2157
vn -0.3111 0.8473 -0.4305
vn -0.0481 0.8487 -0.5268
vn 0.2277 0.8480 -0.4786
vn 0.4426 0.8454 -0.2990
vn -0.0000 -0.9999 -0.0143
vn 0.0000 0.9999 0.0143
vn 0.6181 -0.7841 0.0558
vn 0.5046 -0.7867 0.3556
vn 0.2581 -0.7884 0.5584
vn -0.0559 -0.7887 0.6123
vn -0.3556 -0.7874 0.5035
vn -0.5625 -0.7850 0.2594
vn -0.6205 -0.7822 -0.0570
vn -0.5116 -0.7796 -0.3613
vn -0.2634 -0.7779 -0.5705
vn 0.0569 -0.7777 -0.6261
vn 0.3613 -0.7789 -0.5127
vn 0.5665 -0.7812 -0.2622
vn 0.9996 -0.0134 0.0238
vn 0.8537 -0.0090 0.5206
vn 0.4788 -0.0059 0.8779
vn -0.0245 -0.0051 0.9997
vn -0.5211 -0.0067 0.8535
vn -0.8779 -0.0103 0.4787
vn -0.9996 -0.0150 -0.0242
vn -0.8537 -0.0194 -0.5205
vn -0.4792 -0.0224 -0.8774
vn 0.0235 -0.0232 -0.9995
vn 0.5201 -0.0216 -0.8538
vn 0.8774 -0.0180 -0.4794
vn 0.9998 -0.0211 0.0013
vn 0.8653 -0.0140 0.5011
vn 0.4988 -0.0088 0.8667
vn -0.0014 -0.0069 1.0000
vn -0.5012 -0.0088 0.8653
vn -0.8666 -0.0141 0.4989
vn -0.9998 -0.0212 -0.0011
vn -0.8652 -0.0283 -0.5006
vn -0.4989 -0.0335 -0.8660
vn 0.0010 -0.0354 -0.9994
vn 0.5007 -0.0334 -0.8650
vn 0.8663 -0.0282 -0.4987
vn 0.9965 -0.0830 -0.0115
vn 0.8693 -0.0758 0.4884
vn 0.5092 -0.0705 0.8577
vn 0.0127 -0.0685 0.9976
vn -0.4873 -0.0704 0.8704
vn -0.8566 -0.0755 0.5103
vn -0.9965 -0.0826 0.0139
vn -0.8693 -0.0897 -0.4860
vn -0.5092 -0.0950 -0.8554
vn -0.0127 -0.0970 -0.9952
vn 0.4873 -0.0952 -0.8680
vn 0.8566 -0.0900 -0.5080
vn 0.9779 -0.2028 -0.0508
vn 0.8736 -0.1948 0.4459
vn 0.5347 -0.1889 0.8236
vn 0.0526 -0.1866 0.9810
vn -0.4432 -0.1885 0.8764
vn -0.8202 -0.1941 0.5382
vn -0.9777 -0.2020 0.0571
vn -0.8740 -0.2100 -0.4383
vn -0.5365 -0.2161 -0.8158
vn -0.0553 -0.2184 -0.9743
vn 0.4411 -0.2165 -0.8710
vn 0.8195 -0.2108 -0.5330
vn 0.9965 -0.0817 0.0168
vn 0.8550 -0.0817 0.5122
vn 0.4852 -0.0813 0.8706
vn -0.0141 -0.0806 0.9966
vn -0.5099 -0.0799 0.8565
vn -0.8698 -0.0792 0.4871
vn -0.9968 -0.0789 -0.0133
vn -0.8562 -0.0789 -0.5105
vn -0.4854 -0.0793 -0.8707
vn 0.0161 -0.0800 -0.9967
vn 0.5129 -0.0807 -0.8546
vn 0.8716 -0.0813 -0.4834
vn 0.9989 0.0373 0.0292
vn 0.8509 0.0301 0.5244
vn 0.4753 0.0249 0.8795
vn -0.0277 0.0232 0.9993
vn -0.5234 0.0253 0.8517
vn -0.8790 0.0307 0.4759
vn -0.9989 0.0380 -0.0276
vn -0.8508 0.0452 -0.5235
vn -0.4744 0.0504 -0.8788
vn 0.0291 0.0522 -0.9982
vn 0.5247 0.0500 -0.8498
vn 0.8795 0.0446 -0.4737
vn 0.9999 -0.0098 0.0034
vn 0.8642 -0.0170 0.5029
vn 0.4969 -0.0222 0.8675
vn -0.0036 -0.0241 0.9997
vn -0.5031 -0.0221 0.8640
vn -0.8678 -0.0169 0.4967
vn -0.9999 -0.0097 -0.0037
vn -0.8642 -0.0026 -0.5031
vn -0.4969 0.0026 -0.8678
vn 0.0036 0.0045 -1.0000
vn 0.5031 0.0026 -0.8642
vn 0.8678 -0.0027 -0.4970
vn 0.8961 0.4370 -0.0774
vn 0.8179 0.4304 0.3818
vn 0.5205 0.4253 0.7404
vn 0.0837 0.4230 0.9023
vn -0.3756 0.4241 0.8241
vn -0.7342 0.4283 0.5267
vn -0.8961 0.4346 0.0899
vn -0.8179 0.4412 -0.3693
vn -0.5205 0.4463 -0.7279
vn -0.0837 0.4486 -0.8898
vn 0.3756 0.4475 -0.8116
vn 0.7342 0.4432 -0.5143
vn 0.0000 -1.0000 0.0000
vn 0.0000 0.9999 0.0143
vn 0.9901 -0.1116 0.0849
vn 0.8142 -0.1185 0.5683
vn 0.4201 -0.1232 0.8991
vn -0.0865 -0.1245 0.9884
vn -0.5700 -0.1220 0.8126
vn -0.9007 -0.1164 0.4185
vn -0.9901 -0.1091 -0.0881
vn -0.8142 -0.1022 -0.5715
vn -0.4201 -0.0975 -0.9022
vn 0.0865 -0.0962 -0.9916
vn 0.5700 -0.0987 -0.8157
vn 0.9007 -0.1044 -0.4217
vn 0.9862 -0.1637 -0.0235
vn 0.8647 -0.1708 0.4724
vn 0.5114 -0.1760 0.8411
vn 0.0211 -0.1781 0.9838
vn -0.4748 -0.1764 0.8622
vn -0.8435 -0.1713 0.5090
vn -0.9862 -0.1643 0.0188
vn -0.8647 -0.1572 -0.4771
vn -0.5114 -0.1520 -0.8458
vn -0.0211 -0.1499 -0.9885
vn 0.4748 -0.1516 -0.8669
vn 0.8435 -0.1567 -0.5137
vn 0.9882 -0.1455 0.0473
vn 0.8312 -0.1526 0.5347
vn 0.4514 -0.1575 0.8783
vn -0.0493 -0.1591 0.9860
vn -0.5368 -0.1568 0.8290
vn -0.8805 -0.1513 0.4493
vn -0.9882 -0.1441 -0.0514
vn -0.8312 -0.1370 -0.5389
vn -0.4514 -0.1321 -0.8825
vn 0.0494 -0.1305 -0.9902
vn 0.5369 -0.1328 -0.8332
vn 0.8805 -0.1383 -0.4534
vn 0.9952 -0.0871 -0.0455
vn 0.8841 -0.0938 0.4579
vn 0.5361 -0.0988 0.8383
vn 0.0445 -0.1009 0.9939
vn -0.4592 -0.0996 0.8828
vn -0.8397 -0.0951 0.5346
vn -0.9951 -0.0886 0.0429
vn -0.8838 -0.0820 -0.4606
vn -0.5356 -0.0770 -0.8409
vn -0.0440 -0.0749 -0.9962
vn 0.4594 -0.0762 -0.8850
vn 0.8397 -0.0807 -0.5370
vn 0.5758 0.8164 -0.0441
vn 0.5230 0.8148 0.2500
vn 0.3309 0.8136 0.4780
vn 0.0512 0.8131 0.5798
vn -0.2420 0.8135 0.5288
vn -0.4710 0.8146 0.3384
vn -0.5748 0.8162 0.0586
vn -0.5247 0.8178 -0.2363
vn -0.3333 0.8190 -0.4670
vn -0.0516 0.8195 -0.5707
vn 0.2443 0.8192 -0.5190
vn 0.4740 0.8180 -0.3259
vn 0.0000 1.0000 0.0091
vn 0.7965 0.0823 0.5990
vn 0.5928 0.4480 0.6693
vn 0.2774 0.6360 0.7201
vn -0.0556 0.6789 0.7322
vn -0.3921 0.5926 0.7036
vn -0.6901 0.3358 0.6411
vn -0.8115 -0.0838 0.5783
vn -0.6625 -0.5006 0.5572
vn -0.3293 -0.7549 0.5671
vn 0.0670 -0.8183 0.5708
vn 0.4578 -0.6921 0.5581
vn 0.7475 -0.3637 0.5559
vn 0.9983 0.0348 -0.0466
vn 0.7976 0.5955 0.0963
vn 0.4039 0.8863 0.2266
vn -0.0076 0.9622 0.2722
vn -0.4270 0.8768 0.2211
vn -0.8281 0.5540 0.0850
vn -0.9981 -0.0348 -0.0518
vn -0.7986 -0.5962 -0.0821
vn -0.4143 -0.9091 -0.0442
vn 0.0079 -0.9997 -0.0239
vn 0.4372 -0.8979 -0.0514
vn 0.8278 -0.5538 -0.0894
vn 0.9981 -0.0227 0.0566
vn 0.7619 0.6290 0.1545
vn 0.3703 0.8992 0.2332
vn 0.0219 0.9636 0.2666
vn -0.3276 0.9109 0.2508
vn -0.7293 0.6601 0.1799
vn -0.9975 0.0226 0.0662
vn -0.7711 -0.6367 0.0082
vn -0.3807 -0.9244 0.0215
vn -0.0227 -0.9990 0.0389
vn 0.3382 -0.9405 0.0338
vn 0.7413 -0.6709 0.0201
vn 0.9838 -0.0229 0.1778
vn 0.7074 0.6723 0.2181
vn 0.3233 0.9203 0.2205
vn 0.0089 0.9745 0.2243
vn -0.3030 0.9246 0.2307
vn -0.6829 0.6929 0.2314
vn -0.9833 0.0228 0.1806
vn -0.7229 -0.6870 0.0742
vn -0.3314 -0.9432 0.0232
vn -0.0091 -0.9998 0.0158
vn 0.3112 -0.9497 0.0341
vn 0.6994 -0.7095 0.0863
vn 0.9782 -0.1845 -0.0955
vn 0.8088 0.5881 -0.0068
vn 0.4027 0.9149 0.0271
vn 0.0642 0.9974 0.0325
vn -0.2562 0.9662 0.0299
vn -0.6323 0.7746 0.0122
vn -0.9813 0.1851 -0.0535
vn -0.8009 -0.5823 -0.1398
vn -0.3964 -0.9004 -0.1792
vn -0.0631 -0.9794 -0.1920
vn 0.2518 -0.9494 -0.1877
vn 0.6239 -0.7644 -0.1626
vn 0.0000 0.0000 1.0000
vn 0.0000 0.0000 -1.0000
vn 0.5388 -0.8416 0.0361
vn 0.4426 -0.8454 0.2990
vn 0.2277 -0.8480 0.4786
vn -0.0481 -0.8487 0.5268
vn -0.3111 -0.8473 0.4305
vn -0.4907 -0.8442 0.2157
vn -0.5388 -0.8403 -0.0601
vn -0.4426 -0.8365 -0.3231
vn -0.2277 -0.8339 -0.5027
vn 0.0481 -0.8333 -0.5508
vn 0.3111 -0.8346 -0.4545
vn 0.4907 -0.8377 -0.2397
vn 0.5388 0.8416 -0.0361
vn 0.4907 0.8377 0.2397
vn 0.3111 0.8346 0.4545
vn 0.0481 0.8333 0.5508
vn -0.2277 0.8339 0.5027
vn -0.4426 0.8365 0.3231
vn -0.5388 0.8403 0.0601
vn -0.4907 0.8442 -0.2157
vn -0.3111 0.8473 -0.4305
vn -0.0481 0.8487 -0.5268
vn 0.2277 0.8480 -0.4786
vn 0.4426 0.8454 -0.2990
vn -0.0000 -0.9999 -0.0143
vn 0.0000 0.9999 0.0143
vn -0.7344 0.6764 0.0559
vn -0.6654 0.6590 0.3506
vn -0.5220 0.6271 0.5782
vn -0.3441 0.5966 0.7250
vn -0.1562 0.5772 0.8015
vn 0.0334 0.5723 0.8194
vn 0.2230 0.5823 0.7818
vn 0.4092 0.6062 0.6820
vn 0.5789 0.6387 0.5069
vn 0.7007 0.6676 0.2514
vn 0.7344 0.6764 -0.0559
vn 0.6654 0.6590 -0.3506
vn 0.5220 0.6271 -0.5782
vn 0.3441 0.5966 -0.7250
vn 0.1562 0.5772 -0.8015
vn -0.0334 0.5723 -0.8194
vn -0.2230 0.5823 -0.7818
vn -0.4092 0.6062 -0.6820
vn -0.5789 0.6387 -0.5069
vn -0.7007 0.6676 -0.2514
vn -0.9930 0.1181 -0.0023
vn -0.9123 0.1025 0.3964
vn -0.7141 0.0749 0.6960
vn -0.4750 0.0495 0.8786
vn -0.2344 0.0342 0.9715
vn 0.0007 0.0316 0.9995
vn 0.2353 0.0414 0.9710
vn 0.4747 0.0618 0.8780
vn 0.7121 0.0882 0.6965
vn 0.9100 0.1113 0.3993
vn 0.9930 0.1181 0.0023
vn 0.9123 0.1025 -0.3964
vn 0.7141 0.0749 -0.6960
vn 0.4750 0.0495 -0.8786
vn 0.2344 0.0342 -0.9715
vn -0.0007 0.0316 -0.9995
vn -0.2353 0.0414 -0.9710
vn -0.4747 0.0618 -0.8780
vn -0.7121 0.0882 -0.6965
vn -0.9100 0.1113 -0.3993
vn -1.0000 -0.0011 0.0003
vn -0.9223 0.0148 0.3862
vn -0.7300 0.0323 0.6826
vn -0.4917 0.0442 0.8697
vn -0.2457 0.0473 0.9682
vn -0.0016 0.0420 0.9991
vn 0.2429 0.0299 0.9696
vn 0.4901 0.0143 0.8715
vn 0.7296 0.0001 0.6838
vn 0.9224 -0.0067 0.3861
vn 1.0000 -0.0011 -0.0003
vn 0.9223 0.0148 -0.3862
vn 0.7300 0.0323 -0.6826
vn 0.4917 0.0442 -0.8697
vn 0.2457 0.0473 -0.9682
vn 0.0016 0.0420 -0.9991
vn -0.2429 0.0299 -0.9696
vn -0.4901 0.0143 -0.8715
vn -0.7296 0.0001 -0.6838
vn -0.9224 -0.0067 -0.3861
vn -0.9275 -0.3735 0.0176
vn -0.8416 -0.3389 0.4205
vn -0.6504 -0.2622 0.7129
vn -0.4282 -0.1850 0.8846
vn -0.2090 -0.1320 0.9690
vn 0.0034 -0.1127 0.9936
vn 0.2170 -0.1299 0.9675
vn 0.4397 -0.1822 0.8794
vn 0.6657 -0.2607 0.6992
vn 0.8546 -0.3392 0.3932
vn 0.9275 -0.3735 -0.0176
vn 0.8416 -0.3389 -0.4205
vn 0.6504 -0.2622 -0.7129
vn 0.4282 -0.1850 -0.8846
vn 0.2090 -0.1320 -0.9690
vn -0.0034 -0.1127 -0.9936
vn -0.2170 -0.1299 -0.9675
vn -0.4397 -0.1822 -0.8794
vn -0.6657 -0.2607 -0.6992
vn -0.8546 -0.3392 -0.3932
vn -0.9472 -0.3206 0.0022
vn -0.8464 -0.2704 0.4587
vn -0.6284 -0.1741 0.7581
vn -0.4007 -0.0885 0.9119
vn -0.1945 -0.0357 0.9803
vn -0.0032 -0.0202 0.9998
vn 0.1885 -0.0420 0.9812
vn 0.3960 -0.0998 0.9128
vn 0.6254 -0.1872 0.7575
vn 0.8450 -0.2798 0.4557
vn 0.9472 -0.3206 -0.0022
vn 0.8464 -0.2704 -0.4587
vn 0.6284 -0.1741 -0.7581
vn 0.4007 -0.0885 -0.9119
vn 0.1945 -0.0357 -0.9803
vn 0.0032 -0.0202 -0.9998
vn -0.1885 -0.0420 -0.9812
vn -0.3960 -0.0998 -0.9128
vn -0.6254 -0.1872 -0.7575
vn -0.8450 -0.2798 -0.4557
vn -0.8231 0.5670 -0.0307
vn -0.7458 0.5190 0.4176
vn -0.5503 0.4422 0.7083
vn -0.3497 0.3887 0.8524
vn -0.1723 0.3657 0.9147
vn -0.0107 0.3666 0.9303
vn 0.1485 0.3864 0.9103
vn 0.3187 0.4233 0.8481
vn 0.5100 0.4773 0.7156
vn 0.7084 0.5393 0.4554
vn 0.8231 0.5670 0.0307
vn 0.7458 0.5190 -0.4176
vn 0.5503 0.4422 -0.7083
vn 0.3497 0.3887 -0.8524
vn 0.1723 0.3657 -0.9147
vn 0.0107 0.3666 -0.9303
vn -0.1485 0.3864 -0.9103
vn -0.3187 0.4233 -0.8481
vn -0.5100 0.4773 -0.7156
vn -0.7084 0.5393 -0.4554
vn -0.4411 0.8967 -0.0370
vn -0.4303 0.8836 0.1850
vn -0.3845 0.8304 0.4031
vn -0.2964 0.7461 0.5962
vn -0.1686 0.6614 0.7308
vn -0.0183 0.6192 0.7851
vn 0.1337 0.6426 0.7545
vn 0.2673 0.7179 0.6428
vn 0.3651 0.8055 0.4668
vn 0.4211 0.8699 0.2569
vn 0.4411 0.8967 0.0370
vn 0.4303 0.8836 -0.1850
vn 0.3845 0.8304 -0.4031
vn 0.2964 0.7461 -0.5962
vn 0.1686 0.6614 -0.7308
vn 0.0183 0.6192 -0.7851
vn -0.1337 0.6426 -0.7545
vn -0.2673 0.7179 -0.6428
vn -0.3651 0.8055 -0.4668
vn -0.4211 0.8699 -0.2569
vn -0.8708 0.4843 -0.0844
vn -0.8516 0.4564 0.2579
vn -0.7495 0.3184 0.5804
vn -0.5537 0.1174 0.8244
vn -0.3048 -0.0544 0.9509
vn -0.0520 -0.1341 0.9896
vn 0.1971 -0.1070 0.9745
vn 0.4474 0.0223 0.8940
vn 0.6712 0.2185 0.7084
vn 0.8162 0.3973 0.4195
vn 0.8708 0.4843 0.0844
vn 0.8516 0.4564 -0.2579
vn 0.7495 0.3184 -0.5804
vn 0.5537 0.1174 -0.8244
vn 0.3048 -0.0544 -0.9509
vn 0.0520 -0.1341 -0.9896
vn -0.1971 -0.1070 -0.9745
vn -0.4474 0.0223 -0.8940
vn -0.6712 0.2185 -0.7084
vn -0.8162 0.3973 -0.4195
vn 0.0000 1.0000 0.0000
vn 0.0000 -1.0000 0.0000
vn -0.4674 0.8836 0.0292
vn -0.4341 0.8786 0.1990
vn -0.3564 0.8684 0.3447
vn -0.2460 0.8572 0.4525
vn -0.1157 0.8491 0.5154
vn 0.0232 0.8469 0.5312
vn 0.1604 0.8512 0.4997
vn 0.2855 0.8607 0.4215
vn 0.3866 0.8721 0.3000
vn 0.4506 0.8810 0.1443
vn 0.4674 0.8836 -0.0292
vn 0.4341 0.8786 -0.1990
vn 0.3564 0.8684 -0.3447
vn 0.2460 0.8572 -0.4525
vn 0.1157 0.8491 -0.5154
vn -0.0232 0.8469 -0.5312
vn -0.1604 0.8512 -0.4997
vn -0.2855 0.8607 -0.4215
vn -0.3866 0.8721 -0.3000
vn -0.4506 0.8810 -0.1443
vn -0.4916 -0.8703 -0.0313
vn -0.4742 -0.8673 0.1516
vn -0.4076 -0.8567 0.3162
vn -0.3019 -0.8429 0.4454
vn -0.1702 -0.8313 0.5291
vn -0.0251 -0.8260 0.5631
vn 0.1218 -0.8286 0.5464
vn 0.2595 -0.8384 0.4793
vn 0.3756 -0.8520 0.3647
vn 0.4568 -0.8643 0.2105
vn 0.4916 -0.8703 0.0313
vn 0.4742 -0.8673 -0.1516
vn 0.4076 -0.8567 -0.3162
vn 0.3019 -0.8429 -0.4454
vn 0.1702 -0.8313 -0.5291
vn 0.0251 -0.8260 -0.5631
vn -0.1218 -0.8286 -0.5464
vn -0.2595 -0.8384 -0.4793
vn -0.3756 -0.8520 -0.3647
vn -0.4568 -0.8643 -0.2105
vn 0.0000 1.0000 0.0000
vn 0.0000 -1.0000 0.0000
vn 0.1510 -0.2760 0.9492
vn 0.6707 -0.0673 0.7387
vn 0.7430 0.1364 0.6553
vn 0.6017 0.3864 0.6991
vn -0.1510 0.5734 0.8053
vn -0.6707 0.3069 0.6753
vn -0.7430 0.0872 0.6636
vn -0.6017 -0.1344 0.7874
vn -0.3874 -0.8593 -0.3338
vn 0.8963 -0.4235 -0.1313
vn 0.9982 -0.0588 0.0066
vn 0.9741 0.2009 -0.1034
vn 0.3874 0.7014 -0.5983
vn -0.8963 0.3566 -0.2636
vn -0.9982 0.0577 -0.0131
vn -0.9741 -0.2238 -0.0315
vn 0.0000 0.1671 0.9859
vn 0.0000 -0.1671 -0.9859
vn -0.9912 0.1173 0.0610
vn -0.8664 0.1404 0.4792
vn -0.6048 0.1453 0.7830
vn -0.2831 0.1431 0.9484
vn 0.0550 0.1427 0.9882
vn 0.3899 0.1461 0.9092
vn 0.6978 0.1479 0.7009
vn 0.9243 0.1373 0.3562
vn 0.9912 0.1052 -0.0801
vn 0.8664 0.0568 -0.4961
vn 0.6048 0.0099 -0.7963
vn 0.2831 -0.0203 -0.9589
vn -0.0550 -0.0275 -0.9981
vn -0.3899 -0.0108 -0.9208
vn -0.6978 0.0265 -0.7159
vn -0.9243 0.0747 -0.3743
vn -0.9905 0.1043 -0.0892
vn -0.9294 0.1365 0.3428
vn -0.7080 0.1475 0.6906
vn -0.3996 0.1460 0.9050
vn -0.0603 0.1427 0.9879
vn 0.2821 0.1431 0.9487
vn 0.6050 0.1452 0.7828
vn 0.8650 0.1405 0.4816
vn 0.9905 0.1180 0.0702
vn 0.9294 0.0761 -0.3610
vn 0.7080 0.0279 -0.7056
vn 0.3996 -0.0101 -0.9166
vn 0.0603 -0.0275 -0.9978
vn -0.2821 -0.0204 -0.9592
vn -0.6050 0.0099 -0.7961
vn -0.8650 0.0565 -0.4985
vn -0.9945 0.0579 0.0873
vn -0.8191 0.0341 0.5726
vn -0.4242 0.0177 0.9054
vn 0.0843 0.0132 0.9964
vn 0.5703 0.0218 0.8212
vn 0.9034 0.0411 0.4267
vn 0.9945 0.0661 -0.0812
vn 0.8191 0.0900 -0.5666
vn 0.4242 0.1065 -0.8993
vn -0.0843 0.1110 -0.9902
vn -0.5702 0.1024 -0.8151
vn -0.9034 0.0829 -0.4207
vn -0.9992 0.0402 0.0069
vn -0.8631 0.0075 0.5050
vn -0.4955 -0.0160 0.8685
vn 0.0050 -0.0239 0.9997
vn 0.5041 -0.0143 0.8635
vn 0.8679 0.0104 0.4966
vn 0.9990 0.0435 -0.0025
vn 0.8626 0.0761 -0.5001
vn 0.4953 0.0996 -0.8630
vn -0.0046 0.1075 -0.9942
vn -0.5034 0.0979 -0.8585
vn -0.8674 0.0733 -0.4921
vn -0.9350 -0.3360 -0.1133
vn -0.8524 -0.3754 0.3640
vn -0.5415 -0.4063 0.7360
vn -0.0858 -0.4202 0.9034
vn 0.3929 -0.4135 0.8214
vn 0.7664 -0.3880 0.5119
vn 0.9348 -0.3505 0.0577
vn 0.8527 -0.3111 -0.4197
vn 0.5419 -0.2803 -0.7923
vn 0.0858 -0.2663 -0.9601
vn -0.3934 -0.2730 -0.8779
vn -0.7671 -0.2985 -0.5679
vn 0.0000 -0.9968 -0.0797
vn 0.7111 -0.7024 0.0307
vn 0.6551 -0.7285 0.2003
vn 0.5297 -0.7871 0.3162
vn 0.3685 -0.8623 0.3474
vn 0.2149 -0.9340 0.2855
vn 0.1098 -0.9830 0.1471
vn 0.0815 -0.9962 -0.0307
vn 0.1376 -0.9700 -0.2003
vn 0.2630 -0.9115 -0.3162
vn 0.4241 -0.8363 -0.3474
vn 0.5778 -0.7646 -0.2855
vn 0.6829 -0.7156 -0.1471
vn 0.9398 0.3381 0.0507
vn 0.7960 0.2710 0.5412
vn 0.4493 0.1092 0.8867
vn -0.0074 -0.1039 0.9946
vn -0.4519 -0.3114 0.8360
vn -0.7650 -0.4575 0.4534
vn -0.8627 -0.5031 -0.0507
vn -0.7190 -0.4360 -0.5412
vn -0.3723 -0.2742 -0.8867
vn 0.0844 -0.0611 -0.9946
vn 0.5289 0.1464 -0.8360
vn 0.8420 0.2925 -0.4534
vn 0.9489 0.3154 -0.0108
vn 0.8332 0.2614 0.4873
vn 0.5074 0.1094 0.8548
vn 0.0586 -0.1000 0.9933
vn -0.3927 -0.3107 0.8656
vn -0.7258 -0.4661 0.5060
vn -0.8512 -0.5247 0.0108
vn -0.7356 -0.4707 -0.4873
vn -0.4097 -0.3186 -0.8548
vn 0.0390 -0.1092 -0.9933
vn 0.4904 0.1014 -0.8656
vn 0.8234 0.2568 -0.5060
vn 0.9514 0.3021 -0.0603
vn 0.8585 0.2588 0.4427
vn 0.5502 0.1149 0.8271
vn 0.1090 -0.0910 0.9899
vn -0.3468 -0.3037 0.8874
vn -0.6951 -0.4662 0.5472
vn -0.8426 -0.5351 0.0603
vn -0.7498 -0.4918 -0.4427
vn -0.4415 -0.3479 -0.8271
vn -0.0003 -0.1420 -0.9899
vn 0.4555 0.0707 -0.8874
vn 0.8038 0.2333 -0.5472
vn 0.9144 0.4048 -0.0061
vn 0.7958 0.3494 0.4946
vn 0.4662 0.1956 0.8628
vn 0.0139 -0.0154 0.9998
vn -0.4398 -0.2272 0.8689
vn -0.7734 -0.3829 0.5052
vn -0.8976 -0.4408 0.0061
vn -0.7790 -0.3854 -0.4946
vn -0.4494 -0.2316 -0.8628
vn 0.0029 -0.0206 -0.9998
vn 0.4566 0.1912 -0.8689
vn 0.7903 0.3469 -0.5052
vn 0.8630 0.5044 0.0292
vn 0.7289 0.4418 0.5229
vn 0.3891 0.2833 0.8766
vn -0.0654 0.0712 0.9953
vn -0.5129 -0.1376 0.8474
vn -0.8333 -0.2872 0.4724
vn -0.9409 -0.3374 -0.0292
vn -0.8068 -0.2748 -0.5229
vn -0.4670 -0.1163 -0.8766
vn -0.0125 0.0958 -0.9953
vn 0.4349 0.3046 -0.8474
vn 0.7554 0.4542 -0.4724
vn 0.9350 0.3545 0.0120
vn 0.8085 0.2954 0.5090
vn 0.4738 0.1392 0.8696
vn 0.0205 -0.0723 0.9972
vn -0.4299 -0.2825 0.8576
vn -0.7566 -0.4350 0.4882
vn -0.8722 -0.4889 -0.0120
vn -0.7457 -0.4299 -0.5090
vn -0.4110 -0.2737 -0.8696
vn 0.0423 -0.0621 -0.9972
vn 0.4926 0.1480 -0.8576
vn 0.8194 0.3005 -0.4882
vn 0.9598 0.2725 -0.0676
vn 0.8708 0.2310 0.4340
vn 0.5665 0.0890 0.8192
vn 0.1284 -0.1154 0.9850
vn -0.3261 -0.3275 0.8868
vn -0.6752 -0.4904 0.5510
vn -0.8254 -0.5605 0.0676
vn -0.7364 -0.5190 -0.4340
vn -0.4321 -0.3770 -0.8192
vn 0.0060 -0.1726 -0.9850
vn 0.4605 0.0395 -0.8868
vn 0.8096 0.2025 -0.5510
vn 0.5408 0.8374 -0.0798
vn 0.4745 0.8064 0.3529
vn 0.2209 0.6881 0.6911
vn -0.1518 0.5141 0.8442
vn -0.5440 0.3311 0.7710
vn -0.8505 0.1881 0.4912
vn -0.9891 0.1234 0.0798
vn -0.9228 0.1544 -0.3529
vn -0.6693 0.2727 -0.6911
vn -0.2965 0.4466 -0.8442
vn 0.0956 0.6296 -0.7710
vn 0.4021 0.7727 -0.4912
vn 0.4229 -0.9062 0.0000
vn -0.4229 0.9062 -0.0000
vn 0.9469 -0.3156 0.0610
vn 0.8313 -0.3696 0.4152
vn 0.5707 -0.4912 0.6580
vn 0.2350 -0.6479 0.7246
vn -0.0859 -0.7976 0.5970
vn -0.3060 -0.9003 0.3095
vn -0.3663 -0.9285 -0.0610
vn -0.2507 -0.8745 -0.4152
vn 0.0099 -0.7529 -0.6580
vn 0.3456 -0.5962 -0.7246
vn 0.6665 -0.4465 -0.5970
vn 0.8866 -0.3438 -0.3095
vn 0.9482 0.3154 -0.0387
vn 0.8452 0.2674 0.4628
vn 0.5288 0.1197 0.8403
vn 0.0837 -0.0880 0.9926
vn -0.3707 -0.3000 0.8790
vn -0.7128 -0.4597 0.5298
vn -0.8508 -0.5241 0.0387
vn -0.7478 -0.4760 -0.4628
vn -0.4314 -0.3284 -0.8403
vn 0.0136 -0.1207 -0.9926
vn 0.4681 0.0914 -0.8790
vn 0.8101 0.2510 -0.5298
vn 0.2063 0.9769 -0.0559
vn 0.1588 0.9547 0.2517
vn -0.0217 0.8705 0.4918
vn -0.2868 0.7467 0.6001
vn -0.5655 0.6167 0.5476
vn -0.7831 0.5152 0.3484
vn -0.8812 0.4693 0.0559
vn -0.8337 0.4915 -0.2517
vn -0.6532 0.5758 -0.4918
vn -0.3881 0.6995 -0.6001
vn -0.1094 0.8295 -0.5476
vn 0.1082 0.9311 -0.3484
vn 0.4229 -0.9062 0.0000
vn -0.4229 0.9062 0.0000
vn 0.1384 -0.6993 0.7013
vn -0.4738 -0.8180 0.3263
vn -0.5788 -0.8132 -0.0611
vn -0.3479 -0.8118 -0.4690
vn 0.4470 -0.5553 -0.7013
vn 0.9312 -0.1623 -0.3263
vn 0.9950 -0.0787 0.0611
vn 0.8457 -0.2548 0.4690
vn 0.0295 -0.0681 0.9972
vn -0.7710 -0.4316 0.4683
vn -0.8767 -0.4810 0.0032
vn -0.7726 -0.4327 -0.4646
vn 0.0332 -0.0663 -0.9972
vn 0.8260 0.3137 -0.4683
vn 0.9318 0.3630 -0.0032
vn 0.8279 0.3142 0.4646
vn 0.0065 0.5447 0.8386
vn -0.8510 0.0100 0.5251
vn -0.9830 -0.1685 0.0732
vn -0.9364 -0.0962 -0.3375
vn -0.4216 0.3449 -0.8386
vn 0.5390 0.6586 -0.5251
vn 0.7605 0.6452 -0.0732
vn 0.6752 0.6558 0.3375
vn 0.4229 -0.9062 0.0000
vn -0.4229 0.9062 0.0000
vn -0.1977 0.0428 0.9793
vn -0.6698 -0.5419 0.5077
vn -0.3123 -0.9271 -0.2071
vn 0.5174 -0.7278 -0.4502
vn 0.9895 -0.1431 0.0214
vn 0.6319 0.2422 0.7362
vn -0.1456 0.5169 0.8436
vn -0.8633 -0.0853 0.4975
vn -0.7005 -0.6391 -0.3176
vn 0.1799 -0.5905 -0.7867
vn 0.8976 0.0117 -0.4406
vn 0.7349 0.5654 0.3745
vn -0.2518 0.4477 0.8580
vn -0.8873 -0.1855 0.4222
vn -0.6104 -0.6870 -0.3943
vn 0.3020 -0.5552 -0.7750
vn 0.9375 0.0780 -0.3391
vn 0.6606 0.5795 0.4773
vn -0.1244 0.4285 0.8950
vn -0.8240 -0.1725 0.5396
vn -0.6470 -0.7138 -0.2681
vn 0.2297 -0.6542 -0.7206
vn 0.9294 -0.0532 -0.3653
vn 0.7523 0.4881 0.4425
vn -0.1137 0.7585 0.6417
vn -0.8867 0.2173 0.4081
vn -0.8542 -0.3672 -0.3680
vn -0.0488 -0.4104 -0.9106
vn 0.7243 0.1308 -0.6770
vn 0.6918 0.7152 0.0992
vn 0.3464 -0.7424 0.5735
vn -0.3464 0.7424 -0.5735
vn 0.0141 -0.4253 0.9050
vn -0.6204 -0.7214 0.3078
vn -0.4690 -0.6507 -0.5972
vn 0.3169 -0.2840 -0.9050
vn 0.9514 0.0121 -0.3078
vn 0.8000 -0.0585 0.5972
vn 0.0957 -0.0001 0.9954
vn -0.7247 -0.3830 0.5728
vn -0.8033 -0.4196 -0.4226
vn -0.0614 -0.0734 -0.9954
vn 0.7590 0.3095 -0.5728
vn 0.8376 0.3461 0.4226
vn -0.0055 -0.0700 0.9975
vn -0.7727 -0.4280 0.4688
vn -0.7414 -0.4134 -0.5287
vn 0.0572 -0.0407 -0.9975
vn 0.8243 0.3173 -0.4688
vn 0.7930 0.3027 0.5287
vn 0.1176 -0.0896 0.9890
vn -0.6897 -0.4664 0.5540
vn -0.7519 -0.4954 -0.4350
vn -0.0069 -0.1477 -0.9890
vn 0.8004 0.2290 -0.5540
vn 0.8626 0.2581 0.4350
vn 0.1130 0.2765 0.9543
vn -0.7353 -0.1194 0.6671
vn -0.9341 -0.2121 -0.2872
vn -0.2845 0.0910 -0.9543
vn 0.5638 0.4869 -0.6671
vn 0.7626 0.5796 0.2872
vn 0.4229 -0.9062 0.0000
vn -0.4229 0.9062 0.0000
vn -0.0025 -0.3956 0.9184
vn -0.6464 -0.6961 0.3124
vn -0.4928 -0.6244 -0.6060
vn 0.3048 -0.2522 -0.9184
vn 0.9487 0.0483 -0.3124
vn 0.7951 -0.0234 0.6060
vn 0.0940 0.0036 0.9956
vn -0.7266 -0.3794 0.5729
vn -0.8052 -0.4160 -0.4227
vn -0.0631 -0.0698 -0.9956
vn 0.7574 0.3132 -0.5729
vn 0.8360 0.3499 0.4227
vn 0.0021 -0.0637 0.9980
vn -0.7698 -0.4239 0.4773
vn -0.7471 -0.4133 -0.5207
vn 0.0475 -0.0425 -0.9980
vn 0.8193 0.3177 -0.4773
vn 0.7966 0.3071 0.5207
vn 0.1176 -0.0896 0.9890
vn -0.6897 -0.4664 0.5540
vn -0.7519 -0.4954 -0.4350
vn -0.0069 -0.1477 -0.9890
vn 0.8004 0.2290 -0.5540
vn 0.8626 0.2581 0.4350
vn 0.1130 0.2765 0.9543
vn -0.7353 -0.1194 0.6671
vn -0.9341 -0.2121 -0.2872
vn -0.2845 0.0910 -0.9543
vn 0.5638 0.4869 -0.6671
vn 0.7626 0.5796 0.2872
vn 0.4229 -0.9062 0.0000
vn -0.4229 0.9062 0.0000
vn 0.0417 -0.4734 0.8799
vn -0.5752 -0.7613 0.2993
vn -0.4280 -0.6926 -0.5806
vn 0.3361 -0.3360 -0.8799
vn 0.9530 -0.0482 -0.2993
vn 0.8058 -0.1168 0.5806
vn 0.0987 -0.0065 0.9951
vn -0.7215 -0.3892 0.5726
vn -0.8001 -0.4259 -0.4225
vn -0.0584 -0.0798 -0.9951
vn 0.7618 0.3030 -0.5726
vn 0.8403 0.3396 0.4225
vn -0.0010 -0.0795 0.9968
vn -0.7677 -0.4373 0.4685
vn -0.7363 -0.4227 -0.5283
vn 0.0616 -0.0503 -0.9968
vn 0.8282 0.3075 -0.4685
vn 0.7969 0.2928 0.5283
vn 0.1268 -0.1099 0.9858
vn -0.6778 -0.4854 0.5522
vn -0.7399 -0.5144 -0.4336
vn 0.0028 -0.1678 -0.9858
vn 0.8074 0.2077 -0.5522
vn 0.8695 0.2367 0.4336
vn 0.0973 0.3061 0.9470
vn -0.7445 -0.0868 0.6620
vn -0.9417 -0.1788 -0.2850
vn -0.2971 0.1220 -0.9470
vn 0.5447 0.5148 -0.6620
vn 0.7419 0.6069 0.2850
vn 0.4229 -0.9062 0.0000
vn -0.4229 0.9062 0.0000
vn -0.0815 -0.9962 0.0307
vn -0.1376 -0.9700 0.2003
vn -0.2630 -0.9115 0.3162
vn -0.4241 -0.8363 0.3474
vn -0.5778 -0.7646 0.2855
vn -0.6829 -0.7156 0.1471
vn -0.7111 -0.7024 -0.0307
vn -0.6551 -0.7285 -0.2003
vn -0.5297 -0.7871 -0.3162
vn -0.3685 -0.8623 -0.3474
vn -0.2149 -0.9340 -0.2855
vn -0.1098 -0.9830 -0.1471
vn 0.8627 -0.5031 0.0507
vn 0.7190 -0.4360 0.5412
vn 0.3723 -0.2742 0.8867
vn -0.0844 -0.0611 0.9946
vn -0.5289 0.1464 0.8360
vn -0.8420 0.2925 0.4534
vn -0.9398 0.3381 -0.0507
vn -0.7960 0.2710 -0.5412
vn -0.4493 0.1092 -0.8867
vn 0.0074 -0.1039 -0.9946
vn 0.4519 -0.3114 -0.8360
vn 0.7650 -0.4575 -0.4534
vn 0.8512 -0.5247 -0.0108
vn 0.7356 -0.4707 0.4873
vn 0.4097 -0.3186 0.8548
vn -0.0390 -0.1092 0.9933
vn -0.4904 0.1014 0.8656
vn -0.8234 0.2568 0.5060
vn -0.9489 0.3154 0.0108
vn -0.8332 0.2614 -0.4873
vn -0.5074 0.1094 -0.8548
vn -0.0586 -0.1000 -0.9933
vn 0.3927 -0.3107 -0.8656
vn 0.7258 -0.4661 -0.5060
vn 0.8426 -0.5351 -0.0603
vn 0.7498 -0.4918 0.4427
vn 0.4415 -0.3479 0.8271
vn 0.0003 -0.1420 0.9899
vn -0.4555 0.0707 0.8874
vn -0.8038 0.2333 0.5472
vn -0.9514 0.3021 0.0603
vn -0.8585 0.2588 -0.4427
vn -0.5502 0.1149 -0.8271
vn -0.1090 -0.0910 -0.9899
vn 0.3468 -0.3037 -0.8874
vn 0.6951 -0.4662 -0.5472
vn 0.8976 -0.4408 -0.0061
vn 0.7790 -0.3854 0.4946
vn 0.4494 -0.2316 0.8628
vn -0.0029 -0.0206 0.9998
vn -0.4566 0.1912 0.8689
vn -0.7903 0.3469 0.5052
vn -0.9144 0.4048 0.0061
vn -0.7958 0.3494 -0.4946
vn -0.4662 0.1956 -0.8628
vn -0.0139 -0.0154 -0.9998
vn 0.4398 -0.2272 -0.8689
vn 0.7734 -0.3829 -0.5052
vn 0.9409 -0.3374 0.0292
vn 0.8068 -0.2748 0.5229
vn 0.4670 -0.1163 0.8766
vn 0.0125 0.0958 0.9953
vn -0.4349 0.3046 0.8474
vn -0.7554 0.4542 0.4724
vn -0.8630 0.5044 -0.0292
vn -0.7289 0.4418 -0.5229
vn -0.3891 0.2833 -0.8766
vn 0.0654 0.0712 -0.9953
vn 0.5129 -0.1376 -0.8474
vn 0.8333 -0.2872 -0.4724
vn 0.8722 -0.4889 0.0120
vn 0.7457 -0.4299 0.5090
vn 0.4110 -0.2737 0.8696
vn -0.0423 -0.0621 0.9972
vn -0.4926 0.1480 0.8576
vn -0.8194 0.3005 0.4882
vn -0.9350 0.3545 -0.0120
vn -0.8085 0.2954 -0.5090
vn -0.4738 0.1392 -0.8696
vn -0.0205 -0.0723 -0.9972
vn 0.4299 -0.2825 -0.8576
vn 0.7566 -0.4350 -0.4882
vn 0.8254 -0.5605 -0.0676
vn 0.7364 -0.5190 0.4340
vn 0.4321 -0.3770 0.8192
vn -0.0060 -0.1726 0.9850
vn -0.4605 0.0395 0.8868
vn -0.8096 0.2025 0.5510
vn -0.9598 0.2725 0.0676
vn -0.8708 0.2310 -0.4340
vn -0.5665 0.0890 -0.8192
vn -0.1284 -0.1154 -0.9850
vn 0.3261 -0.3275 -0.8868
vn 0.6752 -0.4904 -0.5510
vn 0.9891 0.1234 -0.0798
vn 0.9228 0.1544 0.3529
vn 0.6693 0.2727 0.6911
vn 0.2965 0.4466 0.8442
vn -0.0956 0.6296 0.7710
vn -0.4021 0.7727 0.4912
vn -0.5408 0.8374 0.0798
vn -0.4745 0.8064 -0.3529
vn -0.2209 0.6881 -0.6911
vn 0.1518 0.5141 -0.8442
vn 0.5440 0.3311 -0.7710
vn 0.8505 0.1881 -0.4912
vn -0.4229 -0.9062 -0.0000
vn 0.4229 0.9062 0.0000
vn 0.3663 -0.9285 0.0610
vn 0.2507 -0.8745 0.4152
vn -0.0099 -0.7529 0.6580
vn -0.3456 -0.5962 0.7246
vn -0.6665 -0.4465 0.5970
vn -0.8866 -0.3438 0.3095
vn -0.9469 -0.3156 -0.0610
vn -0.8313 -0.3696 -0.4152
vn -0.5707 -0.4912 -0.6580
vn -0.2350 -0.6479 -0.7246
vn 0.0859 -0.7976 -0.5970
vn 0.3060 -0.9003 -0.3095
vn 0.8508 -0.5241 -0.0387
vn 0.7478 -0.4760 0.4628
vn 0.4314 -0.3284 0.8403
vn -0.0136 -0.1207 0.9926
vn -0.4681 0.0914 0.8790
vn -0.8101 0.2510 0.5298
vn -0.9482 0.3154 0.0387
vn -0.8452 0.2674 -0.4628
vn -0.5288 0.1197 -0.8403
vn -0.0837 -0.0880 -0.9926
vn 0.3707 -0.3000 -0.8790
vn 0.7128 -0.4597 -0.5298
vn 0.8812 0.4693 -0.0559
vn 0.8337 0.4915 0.2517
vn 0.6532 0.5758 0.4918
vn 0.3881 0.6995 0.6001
vn 0.1094 0.8295 0.5476
vn -0.1082 0.9311 0.3484
vn -0.2063 0.9769 0.0559
vn -0.1588 0.9547 -0.2517
vn 0.0217 0.8705 -0.4918
vn 0.2868 0.7467 -0.6001
vn 0.5655 0.6167 -0.5476
vn 0.7831 0.5152 -0.3484
vn -0.4229 -0.9062 0.0000
vn 0.4229 0.9062 -0.0000
vn 0.1384 0.6993 -0.7013
vn -0.4738 0.8180 -0.3263
vn -0.5788 0.8132 0.0611
vn -0.3479 0.8118 0.4690
vn 0.4470 0.5553 0.7013
vn 0.9312 0.1623 0.3263
vn 0.9950 0.0787 -0.0611
vn 0.8457 0.2548 -0.4690
vn 0.0295 0.0681 -0.9972
vn -0.7710 0.4316 -0.4683
vn -0.8767 0.4810 -0.0032
vn -0.7726 0.4327 0.4646
vn 0.0332 0.0663 0.9972
vn 0.8260 -0.3137 0.4683
vn 0.9318 -0.3630 0.0032
vn 0.8279 -0.3142 -0.4646
vn 0.0065 -0.5447 -0.8386
vn -0.8510 -0.0100 -0.5251
vn -0.9830 0.1685 -0.0732
vn -0.9364 0.0962 0.3375
vn -0.4216 -0.3449 0.8386
vn 0.5390 -0.6586 0.5251
vn 0.7605 -0.6452 0.0732
vn 0.6752 -0.6558 -0.3375
vn 0.4229 0.9062 -0.0000
vn -0.4229 -0.9062 0.0000
vn -0.2255 -0.8640 -0.4502
vn 0.5259 -0.8503 0.0214
vn 0.5915 -0.3288 0.7362
vn -0.0942 0.1790 0.9793
vn -0.8455 0.1653 0.5077
vn -0.9112 -0.3562 -0.2071
vn -0.3370 -0.5172 -0.7867
vn 0.5856 -0.6804 -0.4406
vn 0.9054 -0.2000 0.3745
vn 0.3027 0.4436 0.8436
vn -0.6199 0.6068 0.4975
vn -0.9397 0.1264 -0.3176
vn -0.2315 -0.5881 -0.7750
vn 0.6620 -0.6684 -0.3391
vn 0.8684 -0.1341 0.4773
vn 0.1814 0.4806 0.8580
vn -0.7121 0.5609 0.4222
vn -0.9186 0.0266 -0.3943
vn -0.3538 -0.5963 -0.7206
vn 0.5562 -0.7465 -0.3653
vn 0.8573 -0.2631 0.4425
vn 0.2485 0.3706 0.8950
vn -0.6615 0.5208 0.5396
vn -0.9627 0.0373 -0.2681
vn -0.3459 -0.2262 -0.9106
vn 0.5655 -0.4711 -0.6770
vn 0.9925 -0.0708 0.0992
vn 0.5083 0.5743 0.6417
vn -0.4030 0.8191 0.4081
vn -0.8301 0.4189 -0.3680
vn -0.3464 -0.7424 0.5735
vn 0.3464 0.7424 -0.5735
vn -0.0141 -0.4253 -0.9050
vn 0.6204 -0.7214 -0.3078
vn 0.4690 -0.6507 0.5972
vn -0.3169 -0.2840 0.9050
vn -0.9514 0.0121 0.3078
vn -0.8000 -0.0585 -0.5972
vn -0.0957 -0.0001 -0.9954
vn 0.7247 -0.3830 -0.5728
vn 0.8033 -0.4196 0.4226
vn 0.0614 -0.0734 0.9954
vn -0.7590 0.3095 0.5728
vn -0.8376 0.3461 -0.4226
vn 0.0055 -0.0700 -0.9975
vn 0.7727 -0.4280 -0.4688
vn 0.7414 -0.4134 0.5287
vn -0.0572 -0.0407 0.9975
vn -0.8243 0.3173 0.4688
vn -0.7930 0.3027 -0.5287
vn -0.1176 -0.0896 -0.9890
vn 0.6897 -0.4664 -0.5540
vn 0.7519 -0.4954 0.4350
vn 0.0069 -0.1477 0.9890
vn -0.8004 0.2290 0.5540
vn -0.8626 0.2581 -0.4350
vn -0.1130 0.2765 -0.9543
vn 0.7353 -0.1194 -0.6671
vn 0.9341 -0.2121 0.2872
vn 0.2845 0.0910 0.9543
vn -0.5638 0.4869 0.6671
vn -0.7626 0.5796 -0.2872
vn -0.4229 -0.9062 -0.0000
vn 0.4229 0.9062 0.0000
vn 0.0025 -0.3956 -0.9184
vn 0.6464 -0.6961 -0.3124
vn 0.4928 -0.6244 0.6060
vn -0.3048 -0.2522 0.9184
vn -0.9487 0.0483 0.3124
vn -0.7951 -0.0234 -0.6060
vn -0.0940 0.0036 -0.9956
vn 0.7266 -0.3794 -0.5729
vn 0.8052 -0.4160 0.4227
vn 0.0631 -0.0698 0.9956
vn -0.7574 0.3132 0.5729
vn -0.8360 0.3499 -0.4227
vn -0.0021 -0.0637 -0.9980
vn 0.7698 -0.4239 -0.4773
vn 0.7471 -0.4133 0.5207
vn -0.0475 -0.0425 0.9980
vn -0.8193 0.3177 0.4773
vn -0.7966 0.3071 -0.5207
vn -0.1176 -0.0896 -0.9890
vn 0.6897 -0.4664 -0.5540
vn 0.7519 -0.4954 0.4350
vn 0.0069 -0.1477 0.9890
vn -0.8004 0.2290 0.5540
vn -0.8626 0.2581 -0.4350
vn -0.1130 0.2765 -0.9543
vn 0.7353 -0.1194 -0.6671
vn 0.9341 -0.2121 0.2872
vn 0.2845 0.0910 0.9543
vn -0.5638 0.4869 0.6671
vn -0.7626 0.5796 -0.2872
vn -0.4229 -0.9062 0.0000
vn 0.4229 0.9062 0.0000
vn -0.0417 -0.4734 -0.8799
vn 0.5752 -0.7613 -0.2993
vn 0.4280 -0.6926 0.5806
vn -0.3361 -0.3360 0.8799
vn -0.9530 -0.0482 0.2993
vn -0.8058 -0.1168 -0.5806
vn -0.0987 -0.0065 -0.9951
vn 0.7215 -0.3892 -0.5726
vn 0.8001 -0.4259 0.4225
vn 0.0584 -0.0798 0.9951
vn -0.7618 0.3030 0.5726
vn -0.8403 0.3396 -0.4225
vn 0.0010 -0.0795 -0.9968
vn 0.7677 -0.4373 -0.4685
vn 0.7363 -0.4227 0.5283
vn -0.0616 -0.0503 0.9968
vn -0.8282 0.3075 0.4685
vn -0.7969 0.2928 -0.5283
vn -0.1268 -0.1099 -0.9858
vn 0.6778 -0.4854 -0.5522
vn 0.7399 -0.5144 0.4336
vn -0.0028 -0.1678 0.9858
vn -0.8074 0.2077 0.5522
vn -0.8695 0.2367 -0.4336
vn -0.0973 0.3061 -0.9470
vn 0.7445 -0.0868 -0.6620
vn 0.9417 -0.1788 0.2850
vn 0.2971 0.1220 0.9470
vn -0.5447 0.5148 0.6620
vn -0.7419 0.6069 -0.2850
vn -0.4229 -0.9062 0.0000
vn 0.4229 0.9062 0.0000
vn 0.8293 0.5526 0.0827
vn 0.7770 0.4009 0.4853
vn 0.6716 0.0942 0.7349
vn 0.5682 -0.2634 0.7796
vn 0.5256 -0.5697 0.6318
vn 0.5903 -0.7268 0.3512
vn 0.7211 -0.6878 0.0831
vn 0.7495 -0.6593 -0.0596
vn 0.6204 -0.7417 -0.2550
vn 0.4966 -0.6819 -0.5370
vn 0.4918 -0.4406 -0.7510
vn 0.5777 -0.1035 -0.8096
vn 0.6989 0.2405 -0.6735
vn 0.7986 0.4899 -0.3496
vn 0.7405 0.6716 0.0239
vn 0.6074 0.6005 0.5200
vn 0.3452 0.4264 0.8361
vn 0.0446 0.2329 0.9715
vn -0.2805 0.0684 0.9574
vn -0.6453 0.0130 0.7638
vn -0.9163 0.2054 0.3438
vn -0.9253 0.3791 -0.0113
vn -0.9012 0.2436 -0.3584
vn -0.6372 0.0621 -0.7682
vn -0.2498 0.0714 -0.9657
vn 0.1000 0.2045 -0.9738
vn 0.4089 0.3917 -0.8242
vn 0.6544 0.5792 -0.4862
vn 0.9995 0.0153 -0.0285
vn 0.8853 0.0050 0.4651
vn 0.5933 -0.0532 0.8032
vn 0.2478 -0.1537 0.9566
vn -0.0898 -0.3085 0.9470
vn -0.3684 -0.5392 0.7573
vn -0.4789 -0.7911 0.3805
vn -0.4400 -0.8979 -0.0117
vn -0.4406 -0.8148 -0.3768
vn -0.3524 -0.5791 -0.7351
vn -0.0976 -0.3544 -0.9300
vn 0.2264 -0.2031 -0.9526
vn 0.5646 -0.0987 -0.8194
vn 0.8614 -0.0240 -0.5074
vn 0.9165 0.3910 -0.0846
vn 0.8478 0.3951 0.3539
vn 0.5976 0.4269 0.6787
vn 0.2698 0.4873 0.8305
vn -0.0548 0.5749 0.8164
vn -0.3211 0.6816 0.6576
vn -0.4843 0.7831 0.3902
vn -0.5366 0.8404 0.0766
vn -0.5077 0.8275 -0.2398
vn -0.3896 0.7503 -0.5341
vn -0.1641 0.6431 -0.7480
vn 0.1406 0.5419 -0.8286
vn 0.4737 0.4641 -0.7485
vn 0.7661 0.4138 -0.4917
vn 0.7682 -0.6402 0.0000
vn 0.0000 1.0000 0.0000
vn -0.0111 -0.9962 -0.0858
vn -0.0329 -0.9961 -0.0815
vn -0.0529 -0.9959 -0.0731
vn -0.0703 -0.9957 -0.0610
vn -0.0842 -0.9954 -0.0459
vn -0.0938 -0.9952 -0.0285
vn -0.0987 -0.9951 -0.0097
vn -0.0987 -0.9951 0.0097
vn -0.0938 -0.9952 0.0285
vn -0.0842 -0.9954 0.0459
vn -0.0703 -0.9957 0.0610
vn -0.0529 -0.9959 0.0731
vn -0.0329 -0.9961 0.0815
vn -0.0111 -0.9962 0.0858
vn 0.0111 -0.9962 0.0858
vn 0.0329 -0.9961 0.0815
vn 0.0529 -0.9959 0.0731
vn 0.0703 -0.9957 0.0610
vn 0.0842 -0.9954 0.0459
vn 0.0938 -0.9952 0.0285
vn 0.0987 -0.9951 0.0097
vn 0.0987 -0.9951 -0.0097
vn 0.0938 -0.9952 -0.0285
vn 0.0842 -0.9954 -0.0459
vn 0.0703 -0.9957 -0.0610
vn 0.0529 -0.9959 -0.0731
vn 0.0329 -0.9961 -0.0815
vn 0.0111 -0.9962 -0.0858
vn -0.0110 -0.9800 -0.1986
vn -0.0616 -0.9796 -0.1914
vn -0.1090 -0.9786 -0.1745
vn -0.1508 -0.9773 -0.1489
vn -0.1849 -0.9759 -0.1159
vn -0.2098 -0.9747 -0.0772
vn -0.2241 -0.9739 -0.0347
vn -0.2273 -0.9738 0.0094
vn -0.2193 -0.9742 0.0531
vn -0.2004 -0.9752 0.0943
vn -0.1714 -0.9765 0.1308
vn -0.1338 -0.9779 0.1608
vn -0.0893 -0.9791 0.1829
vn -0.0402 -0.9798 0.1957
vn 0.0110 -0.9800 0.1986
vn 0.0616 -0.9796 0.1914
vn 0.1090 -0.9786 0.1745
vn 0.1508 -0.9773 0.1489
vn 0.1849 -0.9759 0.1159
vn 0.2098 -0.9747 0.0772
vn 0.2241 -0.9739 0.0347
vn 0.2273 -0.9738 -0.0094
vn 0.2193 -0.9742 -0.0531
vn 0.2004 -0.9752 -0.0943
vn 0.1714 -0.9765 -0.1308
vn 0.1338 -0.9779 -0.1608
vn 0.0893 -0.9791 -0.1829
vn 0.0402 -0.9798 -0.1957
vn -0.0105 -0.9375 -0.3478
vn -0.0993 -0.9364 -0.3366
vn -0.1826 -0.9337 -0.3081
vn -0.2560 -0.9299 -0.2641
vn -0.3159 -0.9259 -0.2071
vn -0.3597 -0.9224 -0.1404
vn -0.3857 -0.9202 -0.0673
vn -0.3930 -0.9195 0.0089
vn -0.3813 -0.9206 0.0847
vn -0.3510 -0.9232 0.1567
vn -0.3033 -0.9268 0.2214
vn -0.2399 -0.9308 0.2756
vn -0.1639 -0.9344 0.3163
vn -0.0789 -0.9368 0.3408
vn 0.0105 -0.9375 0.3478
vn 0.0993 -0.9364 0.3366
vn 0.1826 -0.9337 0.3081
vn 0.2560 -0.9299 0.2641
vn 0.3159 -0.9259 0.2071
vn 0.3597 -0.9224 0.1404
vn 0.3857 -0.9202 0.0673
vn 0.3930 -0.9195 -0.0089
vn 0.3813 -0.9206 -0.0847
vn 0.3510 -0.9232 -0.1567
vn 0.3033 -0.9268 -0.2214
vn 0.2399 -0.9308 -0.2756
vn 0.1639 -0.9344 -0.3163
vn 0.0789 -0.9368 -0.3408
vn -0.0097 -0.8692 -0.4944
vn -0.1359 -0.8672 -0.4790
vn -0.2539 -0.8623 -0.4382
vn -0.3570 -0.8554 -0.3752
vn -0.4405 -0.8481 -0.2943
vn -0.5011 -0.8418 -0.2004
vn -0.5373 -0.8377 -0.0981
vn -0.5481 -0.8364 0.0081
vn -0.5334 -0.8381 0.1140
vn -0.4935 -0.8427 0.2153
vn -0.4292 -0.8492 0.3076
vn -0.3425 -0.8565 0.3861
vn -0.2367 -0.8632 0.4460
vn -0.1171 -0.8677 0.4831
vn 0.0097 -0.8692 0.4944
vn 0.1359 -0.8672 0.4790
vn 0.2539 -0.8623 0.4382
vn 0.3570 -0.8554 0.3752
vn 0.4405 -0.8481 0.2943
vn 0.5011 -0.8418 0.2004
vn 0.5373 -0.8377 0.0981
vn 0.5481 -0.8364 -0.0081
vn 0.5334 -0.8381 -0.1140
vn 0.4935 -0.8427 -0.2153
vn 0.4292 -0.8492 -0.3076
vn 0.3425 -0.8565 -0.3861
vn 0.2367 -0.8632 -0.4460
vn 0.1171 -0.8677 -0.4831
vn -0.0087 -0.7791 -0.6269
vn -0.1686 -0.7764 -0.6073
vn -0.3172 -0.7694 -0.5545
vn -0.4458 -0.7598 -0.4733
vn -0.5485 -0.7496 -0.3704
vn -0.6224 -0.7409 -0.2522
vn -0.6663 -0.7352 -0.1247
vn -0.6798 -0.7333 0.0071
vn -0.6630 -0.7356 0.1387
vn -0.6159 -0.7417 0.2654
vn -0.5388 -0.7507 0.3823
vn -0.4331 -0.7609 0.4832
vn -0.3021 -0.7703 0.5616
vn -0.1518 -0.7769 0.6111
vn 0.0087 -0.7791 0.6269
vn 0.1686 -0.7764 0.6073
vn 0.3172 -0.7694 0.5545
vn 0.4458 -0.7598 0.4733
vn 0.5485 -0.7496 0.3704
vn 0.6224 -0.7409 0.2522
vn 0.6663 -0.7352 0.1247
vn 0.6798 -0.7333 -0.0071
vn 0.6630 -0.7356 -0.1387
vn 0.6159 -0.7417 -0.2654
vn 0.5388 -0.7507 -0.3823
vn 0.4331 -0.7609 -0.4832
vn 0.3021 -0.7703 -0.5616
vn 0.1518 -0.7769 -0.6111
vn -0.0075 -0.6715 -0.7410
vn -0.1963 -0.6683 -0.7175
vn -0.3707 -0.6600 -0.6534
vn -0.5199 -0.6487 -0.5557
vn -0.6375 -0.6370 -0.4334
vn -0.7212 -0.6270 -0.2947
vn -0.7705 -0.6204 -0.1465
vn -0.7860 -0.6182 0.0060
vn -0.7679 -0.6208 0.1583
vn -0.7159 -0.6276 0.3060
vn -0.6295 -0.6378 0.4437
vn -0.5093 -0.6497 0.5644
vn -0.3579 -0.6608 0.6597
vn -0.1819 -0.6688 0.7209
vn 0.0075 -0.6715 0.7410
vn 0.1963 -0.6683 0.7175
vn 0.3707 -0.6600 0.6534
vn 0.5199 -0.6487 0.5557
vn 0.6375 -0.6370 0.4334
vn 0.7212 -0.6270 0.2947
vn 0.7705 -0.6204 0.1465
vn 0.7860 -0.6182 -0.0060
vn 0.7679 -0.6208 -0.1583
vn 0.7159 -0.6276 -0.3060
vn 0.6295 -0.6378 -0.4437
vn 0.5093 -0.6497 -0.5644
vn 0.3579 -0.6608 -0.6597
vn 0.1819 -0.6688 -0.7209
vn -0.0062 -0.5507 -0.8347
vn -0.2187 -0.5474 -0.8078
vn -0.4138 -0.5389 -0.7337
vn -0.5789 -0.5274 -0.6218
vn -0.7075 -0.5156 -0.4833
vn -0.7980 -0.5056 -0.3281
vn -0.8510 -0.4991 -0.1636
vn -0.8678 -0.4969 0.0048
vn -0.8489 -0.4993 0.1731
vn -0.7938 -0.5061 0.3372
vn -0.7012 -0.5162 0.4918
vn -0.5704 -0.5281 0.6290
vn -0.4034 -0.5395 0.7391
vn -0.2069 -0.5478 0.8106
vn 0.0062 -0.5507 0.8347
vn 0.2187 -0.5474 0.8078
vn 0.4138 -0.5389 0.7337
vn 0.5789 -0.5274 0.6218
vn 0.7075 -0.5156 0.4833
vn 0.7980 -0.5056 0.3281
vn 0.8510 -0.4991 0.1636
vn 0.8678 -0.4969 -0.0048
vn 0.8489 -0.4993 -0.1731
vn 0.7938 -0.5061 -0.3372
vn 0.7012 -0.5162 -0.4918
vn 0.5704 -0.5281 -0.6290
vn 0.4034 -0.5395 -0.7391
vn 0.2069 -0.5478 -0.8106
vn -0.0047 -0.4203 -0.9074
vn -0.2356 -0.4174 -0.8777
vn -0.4464 -0.4098 -0.7954
vn -0.6233 -0.3996 -0.6721
vn -0.7597 -0.3892 -0.5210
vn -0.8547 -0.3805 -0.3531
vn -0.9101 -0.3749 -0.1766
vn -0.9278 -0.3730 0.0036
vn -0.9086 -0.3751 0.1837
vn -0.8517 -0.3808 0.3601
vn -0.7550 -0.3896 0.5274
vn -0.6170 -0.4001 0.6777
vn -0.4386 -0.4102 0.7996
vn -0.2266 -0.4176 0.8799
vn 0.0047 -0.4203 0.9074
vn 0.2356 -0.4174 0.8777
vn 0.4464 -0.4098 0.7954
vn 0.6233 -0.3996 0.6721
vn 0.7597 -0.3892 0.5210
vn 0.8547 -0.3805 0.3531
vn 0.9101 -0.3749 0.1766
vn 0.9278 -0.3730 -0.0036
vn 0.9086 -0.3751 -0.1837
vn 0.8517 -0.3808 -0.3601
vn 0.7550 -0.3896 -0.5274
vn 0.6170 -0.4001 -0.6777
vn 0.4386 -0.4102 -0.7996
vn 0.2266 -0.4176 -0.8799
vn -0.0032 -0.2834 -0.9590
vn -0.2471 -0.2813 -0.9273
vn -0.4690 -0.2756 -0.8391
vn -0.6539 -0.2681 -0.7075
vn -0.7954 -0.2604 -0.5473
vn -0.8934 -0.2540 -0.3707
vn -0.9503 -0.2499 -0.1858
vn -0.9686 -0.2485 0.0024
vn -0.9493 -0.2499 0.1905
vn -0.8914 -0.2541 0.3753
vn -0.7923 -0.2606 0.5516
vn -0.6497 -0.2683 0.7113
vn -0.4637 -0.2758 0.8419
vn -0.2410 -0.2814 0.9288
vn 0.0032 -0.2834 0.9590
vn 0.2471 -0.2813 0.9273
vn 0.4690 -0.2756 0.8391
vn 0.6539 -0.2681 0.7075
vn 0.7954 -0.2604 0.5473
vn 0.8934 -0.2540 0.3707
vn 0.9503 -0.2499 0.1858
vn 0.9686 -0.2485 -0.0024
vn 0.9493 -0.2499 -0.1905
vn 0.8914 -0.2541 -0.3753
vn 0.7923 -0.2606 -0.5516
vn 0.6497 -0.2683 -0.7113
vn 0.4637 -0.2758 -0.8419
vn 0.2410 -0.2814 -0.9288
vn -0.0016 -0.1426 -0.9898
vn -0.2533 -0.1415 -0.9570
vn -0.4818 -0.1385 -0.8653
vn -0.6715 -0.1345 -0.7287
vn -0.8160 -0.1304 -0.5632
vn -0.9157 -0.1270 -0.3814
vn -0.9735 -0.1249 -0.1916
vn -0.9923 -0.1241 0.0012
vn -0.9730 -0.1249 0.1940
vn -0.9147 -0.1271 0.3837
vn -0.8145 -0.1305 0.5654
vn -0.6694 -0.1345 0.7306
vn -0.4792 -0.1385 0.8667
vn -0.2502 -0.1415 0.9578
vn 0.0016 -0.1426 0.9898
vn 0.2533 -0.1415 0.9570
vn 0.4818 -0.1385 0.8653
vn 0.6715 -0.1345 0.7287
vn 0.8160 -0.1304 0.5632
vn 0.9157 -0.1270 0.3814
vn 0.9735 -0.1249 0.1916
vn 0.9923 -0.1241 -0.0012
vn 0.9730 -0.1249 -0.1940
vn 0.9147 -0.1271 -0.3837
vn 0.8145 -0.1305 -0.5654
vn 0.6694 -0.1345 -0.7306
vn 0.4792 -0.1385 -0.8667
vn 0.2502 -0.1415 -0.9578
vn 0.0004 0.0323 -0.9995
vn -0.2546 0.0365 -0.9664
vn -0.4856 0.0450 -0.8730
vn -0.6765 0.0556 -0.7344
vn -0.8211 0.0660 -0.5670
vn -0.9204 0.0743 -0.3840
vn -0.9779 0.0792 -0.1937
vn -0.9968 0.0801 -0.0006
vn -0.9783 0.0767 0.1925
vn -0.9211 0.0697 0.3830
vn -0.8220 0.0600 0.5663
vn -0.6774 0.0494 0.7340
vn -0.4865 0.0398 0.8728
vn -0.2554 0.0336 0.9663
vn -0.0004 0.0323 0.9995
vn 0.2546 0.0365 0.9664
vn 0.4856 0.0450 0.8730
vn 0.6765 0.0556 0.7344
vn 0.8211 0.0660 0.5670
vn 0.9204 0.0743 0.3840
vn 0.9779 0.0792 0.1937
vn 0.9968 0.0801 0.0006
vn 0.9783 0.0767 -0.1925
vn 0.9211 0.0697 -0.3830
vn 0.8220 0.0600 -0.5663
vn 0.6774 0.0494 -0.7340
vn 0.4865 0.0398 -0.8728
vn 0.2554 0.0336 -0.9663
vn 0.0026 0.2185 -0.9758
vn -0.2510 0.2262 -0.9412
vn -0.4771 0.2444 -0.8442
vn -0.6585 0.2682 -0.7032
vn -0.7911 0.2920 -0.5375
vn -0.8788 0.3115 -0.3614
vn -0.9284 0.3238 -0.1822
vn -0.9449 0.3274 -0.0027
vn -0.9301 0.3219 0.1770
vn -0.8820 0.3079 0.3568
vn -0.7953 0.2873 0.5339
vn -0.6633 0.2631 0.7005
vn -0.4821 0.2401 0.8426
vn -0.2561 0.2237 0.9404
vn -0.0026 0.2185 0.9758
vn 0.2510 0.2262 0.9412
vn 0.4771 0.2444 0.8442
vn 0.6585 0.2682 0.7032
vn 0.7911 0.2920 0.5375
vn 0.8788 0.3115 0.3614
vn 0.9284 0.3238 0.1822
vn 0.9449 0.3274 0.0027
vn 0.9301 0.3219 -0.1770
vn 0.8820 0.3079 -0.3568
vn 0.7953 0.2873 -0.5339
vn 0.6633 0.2631 -0.7005
vn 0.4821 0.2401 -0.8426
vn 0.2561 0.2237 -0.9404
vn 0.0043 0.3635 -0.9316
vn -0.2470 0.3703 -0.8955
vn -0.4660 0.3887 -0.7948
vn -0.6348 0.4131 -0.6530
vn -0.7522 0.4378 -0.4925
vn -0.8263 0.4580 -0.3278
vn -0.8665 0.4711 -0.1648
vn -0.8796 0.4756 -0.0040
vn -0.8679 0.4712 0.1570
vn -0.8292 0.4582 0.3202
vn -0.7566 0.4380 0.4855
vn -0.6407 0.4134 0.6470
vn -0.4732 0.3889 0.7904
vn -0.2552 0.3705 0.8931
vn -0.0043 0.3635 0.9316
vn 0.2470 0.3703 0.8955
vn 0.4660 0.3887 0.7948
vn 0.6348 0.4131 0.6530
vn 0.7522 0.4378 0.4925
vn 0.8263 0.4580 0.3278
vn 0.8665 0.4711 0.1648
vn 0.8796 0.4756 0.0040
vn 0.8679 0.4712 -0.1570
vn 0.8292 0.4582 -0.3202
vn 0.7566 0.4380 -0.4855
vn 0.6407 0.4134 -0.6470
vn 0.4732 0.3889 -0.7904
vn 0.2552 0.3705 -0.8931
vn 0.0061 0.4844 -0.8748
vn -0.2415 0.4881 -0.8387
vn -0.4536 0.4987 -0.7386
vn -0.6125 0.5135 -0.6010
vn -0.7198 0.5290 -0.4495
vn -0.7858 0.5422 -0.2976
vn -0.8210 0.5510 -0.1496
vn -0.8324 0.5542 -0.0047
vn -0.8224 0.5514 0.1402
vn -0.7887 0.5430 0.2883
vn -0.7246 0.5301 0.4405
vn -0.6195 0.5147 0.5927
vn -0.4630 0.4998 0.7321
vn -0.2529 0.4887 0.8350
vn -0.0061 0.4844 0.8748
vn 0.2415 0.4881 0.8387
vn 0.4536 0.4987 0.7386
vn 0.6125 0.5135 0.6010
vn 0.7198 0.5290 0.4495
vn 0.7858 0.5422 0.2976
vn 0.8210 0.5510 0.1496
vn 0.8324 0.5542 0.0047
vn 0.8224 0.5514 -0.1402
vn 0.7887 0.5430 -0.2883
vn 0.7246 0.5301 -0.4405
vn 0.6195 0.5147 -0.5927
vn 0.4630 0.4998 -0.7321
vn 0.2529 0.4887 -0.8350
vn 0.0086 0.4783 -0.8781
vn -0.2524 0.4850 -0.8373
vn -0.4689 0.5023 -0.7265
vn -0.6218 0.5263 -0.5799
vn -0.7168 0.5717 -0.3993
vn -0.7457 0.6096 -0.2687
vn -0.7780 0.6135 -0.1354
vn -0.7885 0.6150 -0.0054
vn -0.7795 0.6139 0.1247
vn -0.7488 0.6105 0.2579
vn -0.6902 0.6058 0.3957
vn -0.5932 0.6013 0.5353
vn -0.4465 0.5983 0.6654
vn -0.2462 0.5971 0.7635
vn -0.0079 0.5967 0.8024
vn 0.2317 0.5965 0.7684
vn 0.4350 0.5973 0.6738
vn 0.5850 0.6001 0.5456
vn 0.6849 0.6047 0.4066
vn 0.7457 0.6096 0.2687
vn 0.7780 0.6135 0.1354
vn 0.7885 0.6150 0.0054
vn 0.7795 0.6139 -0.1247
vn 0.7625 0.5974 -0.2485
vn 0.7249 0.5492 -0.4157
vn 0.6324 0.5237 -0.5708
vn 0.4824 0.5005 -0.7189
vn 0.2686 0.4840 -0.8328
vn 0.0111 0.5830 -0.8124
vn -0.2442 0.5832 -0.7748
vn -0.4540 0.5880 -0.6694
vn -0.6079 0.6226 -0.4928
vn -0.6858 0.6472 -0.3329
vn -0.7250 0.6534 -0.2180
vn -0.7332 0.6690 -0.1220
vn -0.7433 0.6689 -0.0059
vn -0.7347 0.6694 0.1100
vn -0.7056 0.6708 0.2285
vn -0.6501 0.6740 0.3510
vn -0.5588 0.6798 0.4749
vn -0.4213 0.6883 0.5906
vn -0.2336 0.6966 0.6783
vn -0.0098 0.7003 0.7138
vn 0.2157 0.6966 0.6843
vn 0.4073 0.6881 0.6005
vn 0.5491 0.6794 0.4868
vn 0.6439 0.6733 0.3633
vn 0.7020 0.6702 0.2407
vn 0.7332 0.6690 0.1220
vn 0.7433 0.6689 0.0059
vn 0.7347 0.6694 -0.1100
vn 0.7077 0.6773 -0.2012
vn 0.6852 0.6637 -0.3000
vn 0.6065 0.6054 -0.5154
vn 0.4674 0.5935 -0.6552
vn 0.2638 0.5862 -0.7660
vn 0.0117 0.7940 -0.6079
vn -0.1914 0.7883 -0.5848
vn -0.3928 0.7861 -0.4773
vn -0.5240 0.7742 -0.3550
vn -0.5950 0.7579 -0.2676
vn -0.6456 0.7388 -0.1932
vn -0.6786 0.7265 -0.1085
vn -0.6890 0.7247 -0.0066
vn -0.6806 0.7265 0.0952
vn -0.6518 0.7319 0.1987
vn -0.5979 0.7416 0.3043
vn -0.5112 0.7557 0.4095
vn -0.3836 0.7725 0.5060
vn -0.2129 0.7875 0.5784
vn -0.0117 0.7940 0.6079
vn 0.1914 0.7883 0.5848
vn 0.3666 0.7736 0.5169
vn 0.4992 0.7565 0.4225
vn 0.5902 0.7420 0.3179
vn 0.6474 0.7320 0.2122
vn 0.6786 0.7265 0.1085
vn 0.6890 0.7247 0.0066
vn 0.6806 0.7265 -0.0952
vn 0.6518 0.7319 -0.1987
vn 0.6038 0.7613 -0.2361
vn 0.5395 0.7786 -0.3205
vn 0.3836 0.7725 -0.5060
vn 0.2129 0.7875 -0.5784
vn 0.0118 0.9064 -0.4222
vn -0.1377 0.9011 -0.4111
vn -0.3743 0.8603 -0.3460
vn -0.4601 0.8415 -0.2832
vn -0.5229 0.8190 -0.2362
vn -0.5695 0.8020 -0.1802
vn -0.6013 0.7935 -0.0936
vn -0.6123 0.7906 -0.0073
vn -0.6041 0.7930 0.0788
vn -0.5755 0.8009 0.1654
vn -0.5233 0.8141 0.2517
vn -0.4424 0.8319 0.3350
vn -0.3285 0.8515 0.4086
vn -0.1820 0.8679 0.4621
vn -0.0135 0.8750 0.4840
vn 0.1568 0.8695 0.4684
vn 0.3079 0.8539 0.4196
vn 0.4273 0.8342 0.3485
vn 0.5132 0.8159 0.2663
vn 0.5695 0.8020 0.1802
vn 0.6013 0.7935 0.0936
vn 0.6123 0.7906 0.0073
vn 0.6041 0.7930 -0.0788
vn 0.5755 0.8009 -0.1654
vn 0.5233 0.8141 -0.2517
vn 0.4870 0.8377 -0.2473
vn 0.3630 0.8775 -0.3135
vn 0.1597 0.9001 -0.4053
vn 0.0124 0.9589 -0.2834
vn -0.0921 0.9563 -0.2775
vn -0.1912 0.9473 -0.2571
vn -0.3620 0.9049 -0.2237
vn -0.3990 0.8942 -0.2031
vn -0.4508 0.8815 -0.1404
vn -0.4816 0.8732 -0.0749
vn -0.4931 0.8699 -0.0082
vn -0.4859 0.8721 0.0585
vn -0.4596 0.8794 0.1244
vn -0.4128 0.8912 0.1880
vn -0.3438 0.9061 0.2464
vn -0.2520 0.9215 0.2955
vn -0.1399 0.9336 0.3297
vn -0.0151 0.9389 0.3439
vn 0.1113 0.9355 0.3353
vn 0.2274 0.9246 0.3057
vn 0.3245 0.9095 0.2598
vn 0.3990 0.8942 0.2031
vn 0.4508 0.8815 0.1404
vn 0.4816 0.8732 0.0749
vn 0.4931 0.8699 0.0082
vn 0.4859 0.8721 -0.0585
vn 0.4596 0.8794 -0.1244
vn 0.4128 0.8912 -0.1880
vn 0.3438 0.9061 -0.2464
vn 0.2884 0.9261 -0.2434
vn 0.1164 0.9546 -0.2742
vn 0.0161 0.9801 -0.1977
vn -0.0588 0.9791 -0.1946
vn -0.1298 0.9749 -0.1807
vn -0.1926 0.9686 -0.1574
vn -0.2441 0.9615 -0.1266
vn -0.2823 0.9550 -0.0904
vn -0.3067 0.9505 -0.0506
vn -0.3168 0.9484 -0.0091
vn -0.3127 0.9493 0.0328
vn -0.2944 0.9529 0.0735
vn -0.2620 0.9586 0.1114
vn -0.2161 0.9656 0.1448
vn -0.1579 0.9724 0.1717
vn -0.0899 0.9777 0.1898
vn -0.0161 0.9801 0.1977
vn 0.0588 0.9791 0.1946
vn 0.1298 0.9749 0.1807
vn 0.1926 0.9686 0.1574
vn 0.2441 0.9615 0.1266
vn 0.2823 0.9550 0.0904
vn 0.3067 0.9505 0.0506
vn 0.3168 0.9484 0.0091
vn 0.3127 0.9493 -0.0328
vn 0.2944 0.9529 -0.0735
vn 0.2620 0.9586 -0.1114
vn 0.2161 0.9656 -0.1448
vn 0.1579 0.9724 -0.1717
vn 0.0899 0.9777 -0.1898
vn 0.0165 0.9962 -0.0855
vn -0.0165 0.9962 -0.0855
vn -0.0487 0.9955 -0.0811
vn -0.0783 0.9943 -0.0727
vn -0.1039 0.9927 -0.0606
vn -0.1242 0.9912 -0.0455
vn -0.1383 0.9900 -0.0282
vn -0.1455 0.9893 -0.0096
vn -0.1455 0.9893 0.0096
vn -0.1383 0.9900 0.0282
vn -0.1242 0.9912 0.0455
vn -0.1039 0.9927 0.0606
vn -0.0783 0.9943 0.0727
vn -0.0487 0.9955 0.0811
vn -0.0165 0.9962 0.0855
vn 0.0165 0.9962 0.0855
vn 0.0487 0.9955 0.0811
vn 0.0783 0.9943 0.0727
vn 0.1039 0.9927 0.0606
vn 0.1242 0.9912 0.0455
vn 0.1383 0.9900 0.0282
vn 0.1455 0.9893 0.0096
vn 0.1455 0.9893 -0.0096
vn 0.1383 0.9900 -0.0282
vn 0.1242 0.9912 -0.0455
vn 0.1039 0.9927 -0.0606
vn 0.0783 0.9943 -0.0727
vn 0.0487 0.9955 -0.0811
vn 0.7449 0.3623 0.5603
vn 0.8810 -0.2143 0.4218
vn 0.8971 -0.4310 0.0976
vn 0.8610 -0.3806 -0.3374
vn 0.6574 0.1636 -0.7356
vn 0.4127 0.6994 -0.5835
vn 0.3540 0.9001 -0.2540
vn 0.4544 0.8739 0.1729
vn -0.2945 0.4526 0.8417
vn 0.1860 -0.5159 0.8362
vn 0.4035 -0.8266 0.3923
vn 0.3317 -0.9400 -0.0793
vn -0.1033 -0.6018 -0.7920
vn -0.3797 0.4433 -0.8120
vn -0.3266 0.8555 -0.4019
vn -0.3505 0.9330 0.0817
vn 0.9300 0.3487 -0.1162
vn -0.9300 -0.3487 0.1162
vn -0.6574 0.5722 0.4903
vn -0.4127 0.9096 0.0472
vn -0.3540 0.8725 -0.3369
vn -0.4544 0.5953 -0.6627
vn -0.7449 -0.0463 -0.6656
vn -0.8810 -0.4245 -0.2089
vn -0.8971 -0.4033 0.1805
vn -0.8610 -0.1021 0.4983
vn 0.1033 -0.0062 0.9946
vn 0.3797 0.8418 0.3836
vn 0.3266 0.9255 -0.1918
vn 0.3505 0.6974 -0.6251
vn 0.2945 -0.1430 -0.9449
vn -0.1860 -0.9145 -0.3594
vn -0.4035 -0.8967 0.1822
vn -0.3317 -0.7044 0.6275
vn -0.9300 0.3487 -0.1162
vn 0.9300 -0.3487 0.1162
vn -0.0081 -0.9977 -0.0671
vn -0.0240 -0.9976 -0.0642
vn -0.0389 -0.9975 -0.0584
vn -0.0520 -0.9974 -0.0501
vn -0.0629 -0.9972 -0.0397
vn -0.0710 -0.9971 -0.0274
vn -0.0760 -0.9970 -0.0140
vn -0.0777 -0.9970 -0.0000
vn -0.0681 -0.9976 0.0126
vn -0.0578 -0.9981 0.0223
vn -0.0473 -0.9984 0.0298
vn -0.0367 -0.9987 0.0354
vn -0.0261 -0.9989 0.0393
vn -0.0157 -0.9990 0.0418
vn -0.0052 -0.9991 0.0430
vn 0.0052 -0.9991 0.0430
vn 0.0157 -0.9990 0.0418
vn 0.0261 -0.9989 0.0393
vn 0.0367 -0.9987 0.0354
vn 0.0473 -0.9984 0.0298
vn 0.0578 -0.9981 0.0223
vn 0.0681 -0.9976 0.0126
vn 0.0777 -0.9970 0.0000
vn 0.0760 -0.9970 -0.0140
vn 0.0710 -0.9971 -0.0274
vn 0.0629 -0.9972 -0.0397
vn 0.0520 -0.9974 -0.0501
vn 0.0389 -0.9975 -0.0584
vn 0.0240 -0.9976 -0.0642
vn 0.0081 -0.9977 -0.0671
vn -0.0080 -0.9877 -0.1559
vn -0.0452 -0.9875 -0.1510
vn -0.0803 -0.9870 -0.1394
vn -0.1119 -0.9862 -0.1218
vn -0.1385 -0.9854 -0.0989
vn -0.1590 -0.9847 -0.0717
vn -0.1726 -0.9841 -0.0414
vn -0.1794 -0.9838 -0.0040
vn -0.1648 -0.9863 0.0121
vn -0.1587 -0.9860 0.0517
vn -0.1383 -0.9874 0.0767
vn -0.1138 -0.9887 0.0972
vn -0.0860 -0.9898 0.1131
vn -0.0562 -0.9907 0.1241
vn -0.0249 -0.9912 0.1303
vn 0.0068 -0.9913 0.1315
vn 0.0383 -0.9911 0.1278
vn 0.0687 -0.9905 0.1193
vn 0.0973 -0.9896 0.1060
vn 0.1233 -0.9885 0.0880
vn 0.1456 -0.9872 0.0656
vn 0.1633 -0.9858 0.0391
vn 0.1780 -0.9840 0.0039
vn 0.1665 -0.9860 -0.0122
vn 0.1677 -0.9843 -0.0546
vn 0.1511 -0.9850 -0.0837
vn 0.1278 -0.9858 -0.1093
vn 0.0989 -0.9866 -0.1300
vn 0.0657 -0.9872 -0.1451
vn 0.0295 -0.9876 -0.1539
vn -0.0078 -0.9614 -0.2750
vn -0.0735 -0.9608 -0.2674
vn -0.1357 -0.9592 -0.2479
vn -0.1917 -0.9571 -0.2175
vn -0.2390 -0.9546 -0.1777
vn -0.2757 -0.9524 -0.1304
vn -0.3004 -0.9507 -0.0776
vn -0.3180 -0.9480 -0.0129
vn -0.2978 -0.9544 0.0209
vn -0.2957 -0.9510 0.0905
vn -0.2681 -0.9529 0.1421
vn -0.2287 -0.9552 0.1878
vn -0.1792 -0.9576 0.2256
vn -0.1215 -0.9597 0.2535
vn -0.0582 -0.9610 0.2703
vn 0.0078 -0.9614 0.2750
vn 0.0735 -0.9608 0.2674
vn 0.1357 -0.9592 0.2479
vn 0.1917 -0.9571 0.2175
vn 0.2390 -0.9546 0.1777
vn 0.2757 -0.9524 0.1304
vn 0.3004 -0.9507 0.0776
vn 0.3180 -0.9480 0.0129
vn 0.2978 -0.9544 -0.0209
vn 0.2957 -0.9510 -0.0905
vn 0.2681 -0.9529 -0.1421
vn 0.2287 -0.9552 -0.1878
vn 0.1792 -0.9576 -0.2256
vn 0.1215 -0.9597 -0.2535
vn 0.0582 -0.9610 -0.2703
vn -0.0075 -0.9184 -0.3956
vn -0.1019 -0.9172 -0.3851
vn -0.1913 -0.9143 -0.3571
vn -0.2714 -0.9100 -0.3133
vn -0.3388 -0.9053 -0.2561
vn -0.3908 -0.9009 -0.1885
vn -0.4259 -0.8976 -0.1134
vn -0.4487 -0.8934 -0.0233
vn -0.4342 -0.9003 0.0320
vn -0.4216 -0.8981 0.1256
vn -0.3838 -0.9016 0.1997
vn -0.3292 -0.9061 0.2659
vn -0.2596 -0.9108 0.3211
vn -0.1778 -0.9148 0.3626
vn -0.0874 -0.9176 0.3879
vn 0.0075 -0.9184 0.3956
vn 0.1019 -0.9172 0.3851
vn 0.1913 -0.9143 0.3571
vn 0.2714 -0.9100 0.3133
vn 0.3388 -0.9053 0.2561
vn 0.3908 -0.9009 0.1885
vn 0.4259 -0.8976 0.1134
vn 0.4487 -0.8934 0.0233
vn 0.4342 -0.9003 -0.0320
vn 0.4216 -0.8981 -0.1256
vn 0.3838 -0.9016 -0.1997
vn 0.3292 -0.9061 -0.2659
vn 0.2596 -0.9108 -0.3211
vn 0.1778 -0.9148 -0.3626
vn 0.0874 -0.9176 -0.3879
vn -0.0070 -0.8605 -0.5095
vn -0.1286 -0.8587 -0.4961
vn -0.2434 -0.8542 -0.4596
vn -0.3455 -0.8477 -0.4025
vn -0.4307 -0.8405 -0.3286
vn -0.4961 -0.8339 -0.2418
vn -0.5399 -0.8290 -0.1461
vn -0.5663 -0.8235 -0.0335
vn -0.5556 -0.8304 0.0422
vn -0.5360 -0.8294 0.1573
vn -0.4897 -0.8346 0.2522
vn -0.4219 -0.8414 0.3377
vn -0.3346 -0.8485 0.4100
vn -0.2308 -0.8548 0.4648
vn -0.1150 -0.8591 0.4988
vn 0.0070 -0.8605 0.5095
vn 0.1286 -0.8587 0.4961
vn 0.2434 -0.8542 0.4596
vn 0.3455 -0.8477 0.4025
vn 0.4307 -0.8405 0.3286
vn 0.4961 -0.8339 0.2418
vn 0.5399 -0.8290 0.1461
vn 0.5663 -0.8235 0.0335
vn 0.5556 -0.8304 -0.0422
vn 0.5360 -0.8294 -0.1573
vn 0.4897 -0.8346 -0.2522
vn 0.4219 -0.8414 -0.3377
vn 0.3346 -0.8485 -0.4100
vn 0.2308 -0.8548 -0.4648
vn 0.1150 -0.8591 -0.4988
vn -0.0064 -0.7895 -0.6137
vn -0.1529 -0.7872 -0.5974
vn -0.2904 -0.7813 -0.5525
vn -0.4119 -0.7728 -0.4828
vn -0.5123 -0.7635 -0.3931
vn -0.5887 -0.7550 -0.2888
vn -0.6395 -0.7486 -0.1748
vn -0.6686 -0.7423 -0.0429
vn -0.6606 -0.7490 0.0512
vn -0.6361 -0.7491 0.1850
vn -0.5830 -0.7557 0.2983
vn -0.5045 -0.7643 0.4016
vn -0.4021 -0.7736 0.4897
vn -0.2790 -0.7819 0.5575
vn -0.1404 -0.7876 0.6000
vn 0.0064 -0.7895 0.6137
vn 0.1529 -0.7872 0.5974
vn 0.2904 -0.7813 0.5525
vn 0.4119 -0.7728 0.4828
vn 0.5123 -0.7635 0.3931
vn 0.5887 -0.7550 0.2888
vn 0.6395 -0.7486 0.1748
vn 0.6686 -0.7423 0.0429
vn 0.6606 -0.7490 -0.0512
vn 0.6361 -0.7491 -0.1850
vn 0.5830 -0.7557 -0.2983
vn 0.5045 -0.7643 -0.4016
vn 0.4021 -0.7736 -0.4897
vn 0.2790 -0.7819 -0.5575
vn 0.1404 -0.7876 -0.6000
vn -0.0058 -0.7076 -0.7066
vn -0.1742 -0.7050 -0.6875
vn -0.3318 -0.6980 -0.6346
vn -0.4698 -0.6881 -0.5530
vn -0.5828 -0.6773 -0.4490
vn -0.6678 -0.6676 -0.3292
vn -0.7241 -0.6603 -0.1993
vn -0.7551 -0.6536 -0.0512
vn -0.7491 -0.6598 0.0588
vn -0.7212 -0.6607 0.2083
vn -0.6630 -0.6682 0.3377
vn -0.5760 -0.6781 0.4566
vn -0.4612 -0.6888 0.5593
vn -0.3217 -0.6985 0.6392
vn -0.1631 -0.7053 0.6899
vn 0.0058 -0.7076 0.7066
vn 0.1742 -0.7050 0.6875
vn 0.3318 -0.6980 0.6346
vn 0.4698 -0.6881 0.5530
vn 0.5828 -0.6773 0.4490
vn 0.6678 -0.6676 0.3292
vn 0.7241 -0.6603 0.1993
vn 0.7551 -0.6536 0.0512
vn 0.7491 -0.6598 -0.0588
vn 0.7212 -0.6607 -0.2083
vn 0.6630 -0.6682 -0.3377
vn 0.5760 -0.6781 -0.4566
vn 0.4612 -0.6888 -0.5593
vn 0.3217 -0.6985 -0.6392
vn 0.1631 -0.7053 -0.6899
vn -0.0050 -0.6169 -0.7870
vn -0.1926 -0.6141 -0.7654
vn -0.3672 -0.6065 -0.7052
vn -0.5189 -0.5960 -0.6127
vn -0.6419 -0.5847 -0.4961
vn -0.7337 -0.5745 -0.3629
vn -0.7940 -0.5669 -0.2197
vn -0.8264 -0.5601 -0.0583
vn -0.8219 -0.5660 0.0649
vn -0.7915 -0.5672 0.2274
vn -0.7296 -0.5750 0.3703
vn -0.6362 -0.5853 0.5027
vn -0.5116 -0.5966 0.6183
vn -0.3584 -0.6070 0.7093
vn -0.1829 -0.6143 0.7676
vn 0.0050 -0.6169 0.7870
vn 0.1926 -0.6141 0.7654
vn 0.3672 -0.6065 0.7052
vn 0.5189 -0.5960 0.6127
vn 0.6419 -0.5847 0.4961
vn 0.7337 -0.5745 0.3629
vn 0.7940 -0.5669 0.2197
vn 0.8264 -0.5601 0.0583
vn 0.8219 -0.5660 -0.0649
vn 0.7915 -0.5672 -0.2274
vn 0.7296 -0.5750 -0.3703
vn 0.6362 -0.5853 -0.5027
vn 0.5116 -0.5966 -0.6183
vn 0.3584 -0.6070 -0.7093
vn 0.1829 -0.6143 -0.7676
vn 0.0311 -0.5700 -0.8210
vn -0.1657 -0.5682 -0.8061
vn -0.3509 -0.5614 -0.7495
vn -0.5134 -0.5513 -0.6577
vn -0.6462 -0.5399 -0.5394
vn -0.7908 -0.4863 -0.3717
vn -0.8501 -0.4706 -0.2362
vn -0.8834 -0.4641 -0.0642
vn -0.8801 -0.4696 0.0698
vn -0.8482 -0.4708 0.2427
vn -0.7836 -0.4782 0.3966
vn -0.6854 -0.4881 0.5403
vn -0.5532 -0.4992 0.6669
vn -0.3892 -0.5094 0.7675
vn -0.1996 -0.5166 0.8326
vn 0.0042 -0.5191 0.8547
vn 0.2078 -0.5164 0.8308
vn 0.3965 -0.5090 0.7640
vn 0.5593 -0.4987 0.6622
vn 0.6901 -0.4877 0.5347
vn 0.7869 -0.4778 0.3904
vn 0.8501 -0.4706 0.2362
vn 0.8834 -0.4641 0.0642
vn 0.8801 -0.4696 -0.0698
vn 0.8482 -0.4708 -0.2427
vn 0.7917 -0.5007 -0.3500
vn 0.6812 -0.5365 -0.4982
vn 0.5585 -0.5477 -0.6230
vn 0.4048 -0.5585 -0.7241
vn 0.2257 -0.5665 -0.7925
vn 0.0000 0.0000 0.0000
vn 0.0000 0.0000 0.0000
vn 0.0000 0.0000 0.0000
vn 0.0000 0.0000 0.0000
vn 0.0000 0.0000 0.0000
vn -0.8710 -0.3580 -0.3366
vn -0.8938 -0.3729 -0.2493
vn -0.9277 -0.3670 -0.0690
vn -0.9253 -0.3721 0.0735
vn -0.8923 -0.3730 0.2544
vn -0.8259 -0.3795 0.4170
vn -0.7243 -0.3882 0.5697
vn -0.5865 -0.3981 0.7054
vn -0.4140 -0.4072 0.8141
vn -0.2133 -0.4138 0.8850
vn 0.0034 -0.4161 0.9093
vn 0.2198 -0.4136 0.8835
vn 0.4198 -0.4070 0.8113
vn 0.5913 -0.3978 0.7016
vn 0.7280 -0.3879 0.5652
vn 0.8285 -0.3792 0.4121
vn 0.8938 -0.3729 0.2493
vn 0.9277 -0.3670 0.0690
vn 0.9253 -0.3721 -0.0735
vn 0.8923 -0.3730 -0.2544
vn 0.8586 -0.3907 -0.3318
vn 0.0000 0.0000 0.0000
vn 0.0000 0.0000 0.0000
vn 0.0000 0.0000 0.0000
vn 0.0000 0.0000 0.0000
vn 0.0000 0.0000 0.0000
vn 0.0000 0.0000 0.0000
vn 0.0000 0.0000 0.0000
vn 0.0000 0.0000 0.0000
vn 0.0000 0.0000 0.0000
vn -0.9009 -0.2593 -0.3481
vn -0.9260 -0.2745 -0.2591
vn -0.9603 -0.2694 -0.0727
vn -0.9586 -0.2743 0.0760
vn -0.9249 -0.2746 0.2629
vn -0.8574 -0.2797 0.4319
vn -0.7535 -0.2867 0.5916
vn -0.6117 -0.2946 0.7342
vn -0.4330 -0.3020 0.8493
vn -0.2239 -0.3073 0.9249
vn 0.0025 -0.3092 0.9510
vn 0.2288 -0.3072 0.9237
vn 0.4373 -0.3018 0.8472
vn 0.6152 -0.2944 0.7314
vn 0.7562 -0.2865 0.5882
vn 0.8593 -0.2796 0.4283
vn 0.9260 -0.2745 0.2591
vn 0.9603 -0.2694 0.0727
vn 0.9586 -0.2743 -0.0760
vn 0.9249 -0.2746 -0.2629
vn 0.8921 -0.2921 -0.3447
vn 0.0000 0.0000 0.0000
vn 0.0000 0.0000 0.0000
vn 0.0000 0.0000 0.0000
vn 0.0000 0.0000 0.0000
vn 0.0000 0.0000 0.0000
vn 0.0000 0.0000 0.0000
vn 0.0000 0.0000 0.0000
vn 0.0000 0.0000 0.0000
vn 0.0000 0.0000 0.0000
vn -0.9207 -0.1604 -0.3558
vn -0.9478 -0.1761 -0.2660
vn -0.9822 -0.1720 -0.0754
vn -0.9812 -0.1767 0.0776
vn -0.9471 -0.1762 0.2684
vn -0.8789 -0.1796 0.4419
vn -0.7736 -0.1843 0.6063
vn -0.6291 -0.1896 0.7538
vn -0.4463 -0.1947 0.8734
vn -0.2316 -0.1983 0.9524
vn 0.0016 -0.1996 0.9799
vn 0.2347 -0.1983 0.9516
vn 0.4491 -0.1946 0.8720
vn 0.6314 -0.1895 0.7520
vn 0.7753 -0.1842 0.6041
vn 0.8801 -0.1795 0.4395
vn 0.9478 -0.1761 0.2660
vn 0.9822 -0.1720 0.0754
vn 0.9812 -0.1767 -0.0776
vn 0.9471 -0.1762 -0.2684
vn 0.9152 -0.1933 -0.3537
vn 0.0000 0.0000 0.0000
vn 0.0000 0.0000 0.0000
vn 0.0000 0.0000 0.0000
vn 0.0000 0.0000 0.0000
vn 0.0000 0.0000 0.0000
vn 0.0000 0.0000 0.0000
vn 0.0000 0.0000 0.0000
vn 0.0000 0.0000 0.0000
vn 0.0000 0.0000 0.0000
vn -0.9310 -0.0617 -0.3598
vn -0.9597 -0.0777 -0.2701
vn -0.9942 -0.0746 -0.0772
vn -0.9938 -0.0792 0.0781
vn -0.9594 -0.0778 0.2711
vn -0.8910 -0.0793 0.4471
vn -0.7849 -0.0814 0.6142
vn -0.6391 -0.0839 0.7645
vn -0.4541 -0.0862 0.8868
vn -0.2363 -0.0878 0.9677
vn 0.0007 -0.0884 0.9961
vn 0.2376 -0.0878 0.9674
vn 0.4553 -0.0861 0.8861
vn 0.6401 -0.0838 0.7637
vn 0.7857 -0.0814 0.6132
vn 0.8915 -0.0793 0.4461
vn 0.9597 -0.0777 0.2701
vn 0.9942 -0.0746 0.0772
vn 0.9938 -0.0792 -0.0781
vn 0.9594 -0.0778 -0.2711
vn 0.9286 -0.0945 -0.3588
vn 0.0000 0.0000 0.0000
vn 0.0000 0.0000 0.0000
vn 0.0000 0.0000 0.0000
vn 0.0000 0.0000 0.0000
vn 0.0000 0.0000 0.0000
vn 0.0000 0.0000 0.0000
vn 0.0000 0.0000 0.0000
vn 0.0000 0.0000 0.0000
vn 0.0000 0.0000 0.0000
vn -0.9324 -0.0288 -0.3603
vn -0.9532 -0.0287 -0.3011
vn -0.9936 -0.0284 -0.1090
vn -0.9984 -0.0283 0.0496
vn -0.9700 -0.0286 0.2414
vn -0.8848 0.0615 0.4619
vn -0.7877 0.0711 0.6120
vn -0.6431 0.0526 0.7640
vn -0.4581 0.0365 0.8881
vn -0.2391 0.0261 0.9706
vn -0.0002 0.0239 0.9997
vn 0.2386 0.0307 0.9706
vn 0.4575 0.0446 0.8881
vn 0.6422 0.0627 0.7640
vn 0.7865 0.0813 0.6122
vn 0.8707 0.0302 0.4908
vn 0.9532 -0.0287 0.3011
vn 0.9936 -0.0284 0.1090
vn 0.9984 -0.0283 -0.0496
vn 0.9700 -0.0286 -0.2414
vn 0.9324 -0.0288 -0.3603
vn 0.0000 0.0000 0.0000
vn 0.0000 0.0000 0.0000
vn 0.0000 0.0000 0.0000
vn 0.0000 0.0000 0.0000
vn 0.0000 0.0000 0.0000
vn 0.0000 0.0000 0.0000
vn 0.0000 0.0000 0.0000
vn 0.0000 0.0000 0.0000
vn 0.0000 0.0000 0.0000
vn 0.0000 0.0000 0.0000
vn 0.0000 0.0000 0.0000
vn 0.0000 0.0000 0.0000
vn 0.0000 0.0000 0.0000
vn 0.0000 0.0000 0.0000
vn -0.8172 0.2989 0.4928
vn -0.7727 0.2514 0.5829
vn -0.6403 0.2110 0.7386
vn -0.4621 0.1730 0.8698
vn -0.2437 0.1457 0.9589
vn -0.0011 0.1364 0.9907
vn 0.2413 0.1477 0.9591
vn 0.4596 0.1766 0.8704
vn 0.6375 0.2154 0.7398
vn 0.7699 0.2556 0.5847
vn 0.8233 0.2510 0.5091
vn 0.0000 0.0000 0.0000
vn 0.0000 0.0000 0.0000
vn 0.0000 0.0000 0.0000
vn 0.0000 0.0000 0.0000
vn 0.0000 0.0000 0.0000
vn 0.0000 0.0000 0.0000
vn 0.0000 0.0000 0.0000
vn 0.0000 0.0000 0.0000
vn 0.0000 0.0000 0.0000
vn 0.0000 0.0000 0.0000
vn 0.0000 0.0000 0.0000
vn 0.0000 0.0000 0.0000
vn 0.0000 0.0000 0.0000
vn 0.0000 0.0000 0.0000
vn 0.0000 0.0000 0.0000
vn 0.0000 0.0000 0.0000
vn 0.0000 0.0000 0.0000
vn 0.0000 0.0000 0.0000
vn 0.0000 0.0000 0.0000
vn -0.7928 0.4048 0.4557
vn -0.7541 0.3693 0.5431
vn -0.6348 0.3285 0.6993
vn -0.4657 0.2885 0.8366
vn -0.2489 0.2585 0.9334
vn -0.0022 0.2473 0.9689
vn 0.2447 0.2583 0.9346
vn 0.4617 0.2882 0.8389
vn 0.6314 0.3281 0.7026
vn 0.7513 0.3689 0.5472
vn 0.7967 0.3761 0.4731
vn 0.0000 0.0000 0.0000
vn 0.0000 0.0000 0.0000
vn 0.0000 0.0000 0.0000
vn 0.0000 0.0000 0.0000
vn 0.0000 0.0000 0.0000
vn 0.0000 0.0000 0.0000
vn 0.0000 0.0000 0.0000
vn 0.0000 0.0000 0.0000
vn 0.0000 0.0000 0.0000
vn 0.0000 0.0000 0.0000
vn 0.0000 0.0000 0.0000
vn 0.0000 0.0000 0.0000
vn 0.0000 0.0000 0.0000
vn 0.0000 0.0000 0.0000
vn 0.0000 0.0000 0.0000
vn 0.0000 0.0000 0.0000
vn 0.0000 0.0000 0.0000
vn 0.0000 0.0000 0.0000
vn 0.0000 0.0000 0.0000
vn -0.7847 0.4413 0.4353
vn -0.7308 0.4425 0.5197
vn -0.6277 0.4192 0.6560
vn -0.4665 0.3883 0.7947
vn -0.2525 0.3648 0.8962
vn -0.0033 0.3557 0.9346
vn 0.2463 0.3641 0.8982
vn 0.4612 0.3871 0.7984
vn 0.6235 0.4179 0.6608
vn 0.7162 0.4233 0.5549
vn 0.7849 0.4288 0.4472
vn 0.0000 0.0000 0.0000
vn 0.0000 0.0000 0.0000
vn 0.0000 0.0000 0.0000
vn 0.0000 0.0000 0.0000
vn 0.0000 0.0000 0.0000
vn 0.0000 0.0000 0.0000
vn 0.0000 0.0000 0.0000
vn 0.0000 0.0000 0.0000
vn 0.0000 0.0000 0.0000
vn 0.0000 0.0000 0.0000
vn 0.0000 0.0000 0.0000
vn 0.0000 0.0000 0.0000
vn 0.0000 0.0000 0.0000
vn 0.0000 0.0000 0.0000
vn 0.0000 0.0000 0.0000
vn 0.0000 0.0000 0.0000
vn 0.0000 0.0000 0.0000
vn 0.0000 0.0000 0.0000
vn 0.0000 0.0000 0.0000
vn 0.0000 0.0000 0.0000
vn -0.6818 0.4851 0.5475
vn -0.6065 0.4917 0.6248
vn -0.4627 0.4802 0.7452
vn -0.2532 0.4663 0.8476
vn -0.0045 0.4609 0.8874
vn 0.2449 0.4655 0.8505
vn 0.4560 0.4788 0.7502
vn 0.5835 0.4734 0.6599
vn 0.6795 0.4723 0.5614
vn 0.0000 0.0000 0.0000
vn 0.0000 0.0000 0.0000
vn 0.0000 0.0000 0.0000
vn 0.0000 0.0000 0.0000
vn 0.0000 0.0000 0.0000
vn 0.0000 0.0000 0.0000
vn 0.0000 0.0000 0.0000
vn 0.0000 0.0000 0.0000
vn 0.0000 0.0000 0.0000
vn 0.0000 0.0000 0.0000
vn 0.0000 0.0000 0.0000
vn 0.0000 0.0000 0.0000
vn 0.0000 0.0000 0.0000
vn 0.0000 0.0000 0.0000
vn 0.0000 0.0000 0.0000
vn 0.0000 0.0000 0.0000
vn 0.0000 0.0000 0.0000
vn 0.0000 0.0000 0.0000
vn 0.0000 0.0000 0.0000
vn 0.0000 0.0000 0.0000
vn 0.0000 0.0000 0.0000
vn 0.0000 0.0000 0.0000
vn -0.5438 0.5380 0.6441
vn -0.4880 0.5292 0.6941
vn -0.2899 0.5192 0.8040
vn -0.0454 0.5137 0.8568
vn 0.2078 0.5138 0.8324
vn 0.4261 0.5198 0.7405
vn 0.5385 0.5278 0.6569
vn 0.0000 0.0000 0.0000
vn 0.0000 0.0000 0.0000
vn 0.0000 0.0000 0.0000
vn 0.0000 0.0000 0.0000
vn 0.0000 0.0000 0.0000
vn 0.0000 0.0000 0.0000
vn 0.0000 0.0000 0.0000
vn 0.0000 0.0000 0.0000
vn 0.0000 0.0000 0.0000
vn 0.0000 0.0000 0.0000
vn 0.0000 0.0000 0.0000
vn 0.0000 0.0000 0.0000
vn 0.0000 0.0000 0.0000
vn 0.0000 0.0000 0.0000
vn 0.0000 0.0000 0.0000
vn 0.0000 0.0000 0.0000
vn 0.0000 0.0000 0.0000
vn 0.0000 0.0000 0.0000
vn 0.0000 0.0000 0.0000
vn 0.0000 0.0000 0.0000
vn 0.0000 0.0000 0.0000
vn 0.0000 0.0000 0.0000
vn 0.0000 0.0000 0.0000
vn 0.0000 0.0000 0.0000
vn 0.0000 0.0000 0.0000
vn 0.0000 0.0000 0.0000
vn 0.0000 0.0000 0.0000
vn 0.0000 0.0000 0.0000
vn 0.0000 0.0000 0.0000
vn 0.0000 0.0000 0.0000
vn 0.0000 0.0000 0.0000
vn 0.0000 0.0000 0.0000
vn 0.0000 0.0000 0.0000
vn 0.0000 0.0000 0.0000
vn 0.0000 0.0000 0.0000
vn 0.0000 0.0000 0.0000
vn 0.0000 0.0000 0.0000
vn 0.0000 0.0000 0.0000
vn 0.0000 0.0000 0.0000
vn 0.0000 0.0000 0.0000
vn 0.0000 0.0000 0.0000
vn 0.0000 0.0000 0.0000
vn 0.0000 0.0000 0.0000
vn 0.0000 0.0000 0.0000
vn 0.0000 0.0000 0.0000
vn 0.0000 0.0000 0.0000
vn 0.0000 0.0000 0.0000
vn 0.0000 0.0000 0.0000
vn 0.0000 0.0000 0.0000
vn 0.0000 0.0000 0.0000
vn 0.0000 0.0000 0.0000
vn 0.0000 0.0000 0.0000
vn 0.0000 0.0000 0.0000
vn 0.0000 0.0000 0.0000
vn 0.0000 0.0000 0.0000
vn 0.0000 0.0000 0.0000
vn 0.0000 0.0000 0.0000
vn 0.0000 0.0000 0.0000
vn 0.0000 0.0000 0.0000
vn 0.0000 0.0000 0.0000
vn 0.0000 0.0000 0.0000
vn 0.0000 0.0000 0.0000
vn 0.0000 0.0000 0.0000
vn 0.0000 0.0000 0.0000
vn 0.0000 0.0000 0.0000
vn 0.0000 0.0000 0.0000
vn 0.0000 0.0000 0.0000
vn 0.0000 0.0000 0.0000
vn 0.0000 0.0000 0.0000
vn 0.0000 0.0000 0.0000
vn 0.0000 0.0000 0.0000
vn 0.0000 0.0000 0.0000
vn 0.0000 0.0000 0.0000
vn 0.0000 0.0000 0.0000
vn 0.0000 0.0000 0.0000
vn 0.0000 0.0000 0.0000
vn 0.0000 0.0000 0.0000
vn 0.0000 0.0000 0.0000
vn 0.0000 0.0000 0.0000
vn 0.0000 0.0000 0.0000
vn 0.0000 0.0000 0.0000
vn 0.0000 0.0000 0.0000
vn 0.0000 0.0000 0.0000
vn 0.0000 0.0000 0.0000
vn 0.0000 0.0000 0.0000
vn 0.0000 0.0000 0.0000
vn 0.0000 0.0000 0.0000
vn 0.0000 0.0000 0.0000
vn 0.0000 0.0000 0.0000
vn 0.0000 0.0000 0.0000
vn 0.0000 0.0000 0.0000
vn 0.0000 0.0000 0.0000
vn 0.0000 0.0000 0.0000
vn 0.0000 0.0000 0.0000
vn 0.0000 0.0000 0.0000
vn 0.0000 0.0000 0.0000
vn 0.0000 0.0000 0.0000
vn 0.0000 0.0000 0.0000
vn 0.0000 0.0000 0.0000
vn 0.0000 0.0000 0.0000
vn 0.0000 0.0000 0.0000
vn 0.0000 0.0000 0.0000
vn 0.0000 0.0000 0.0000
vn 0.0000 0.0000 0.0000
vn 0.0000 0.0000 0.0000
vn 0.0000 0.0000 0.0000
vn 0.0000 0.0000 0.0000
vn 0.0000 0.0000 0.0000
vn 0.0000 0.0000 0.0000
vn 0.0000 0.0000 0.0000
vn 0.0000 0.0000 0.0000
vn 0.0000 0.0000 0.0000
vn 0.0000 0.0000 0.0000
vn 0.0000 0.0000 0.0000
vn 0.0000 0.0000 0.0000
vn 0.0000 0.0000 0.0000
vn 0.0000 0.0000 0.0000
vn 0.0000 0.0000 0.0000
vn 0.0000 0.0000 0.0000
vn 0.0000 0.0000 0.0000
vn 0.0000 0.0000 0.0000
vn 0.0000 0.0000 0.0000
vn 0.0000 0.0000 0.0000
vn 0.0000 0.0000 0.0000
vn 0.0000 0.0000 0.0000
vn 0.0000 0.0000 0.0000
vn 0.0000 0.0000 0.0000
vn 0.0000 0.0000 0.0000
vn 0.0000 0.0000 0.0000
vn 0.0000 0.0000 0.0000
vn 0.0000 0.0000 0.0000
f 1//1 2//2 14//14
f 1//1 14//14 13//13
f 2//2 3//3 15//15
f 2//2 15//15 14//14
f 3//3 4//4 16//16
f 3//3 16//16 15//15
f 4//4 5//5 17//17
f 4//4 17//17 16//16
f 5//5 6//6 18//18
f 5//5 18//18 17//17
f 6//6 7//7 19//19
f 6//6 19//19 18//18
f 7//7 8//8 20//20
f 7//7 20//20 19//19
f 8//8 9//9 21//21
f 8//8 21//21 20//20
f 9//9 10//10 22//22
f 9//9 22//22 21//21
f 10//10 11//11 23//23
f 10//10 23//23 22//22
f 11//11 12//12 24//24
f 11//11 24//24 23//23
f 12//12 1//1 13//13
f 12//12 13//13 24//24
f 13//13 14//14 26//26
f 13//13 26//26 25//25
f 14//14 15//15 27//27
f 14//14 27//27 26//26
f 15//15 16//16 28//28
f 15//15 28//28 27//27
f 16//16 17//17 29//29
f 16//16 29//29 28//28
f 17//17 18//18 30//30
f 17//17 30//30 29//29
f 18//18 19//19 31//31
f 18//18 31//31 30//30
f 19//19 20//20 32//32
f 19//19 32//32 31//31
f 20//20 21//21 33//33
f 20//20 33//33 32//32
f 21//21 22//22 34//34
f 21//21 34//34 33//33
f 22//22 23//23 35//35
f 22//22 35//35 34//34
f 23//23 24//24 36//36
f 23//23 36//36 35//35
f 24//24 13//13 25//25
f 24//24 25//25 36//36
f 25//25 26//26 38//38
f 25//25 38//38 37//37
f 26//26 27//27 39//39
f 26//26 39//39 38//38
f 27//27 28//28 40//40
f 27//27 40//40 39//39
f 28//28 29//29 41//41
f 28//28 41//41 40//40
f 29//29 30//30 42//42
f 29//29 42//42 41//41
f 30//30 31//31 43//43
f 30//30 43//43 42//42
f 31//31 32//32 44//44
f 31//31 44//44 43//43
f 32//32 33//33 45//45
f 32//32 45//45 44//44
f 33//33 34//34 46//46
f 33//33 46//46 45//45
f 34//34 35//35 47//47
f 34//34 47//47 46//46
f 35//35 36//36 48//48
f 35//35 48//48 47//47
f 36//36 25//25 37//37
f 36//36 37//37 48//48
f 37//37 38//38 50//50
f 37//37 50//50 49//49
f 38//38 39//39 51//51
f 38//38 51//51 50//50
f 39//39 40//40 52//52
f 39//39 52//52 51//51
f 40//40 41//41 53//53
f 40//40 53//53 52//52
f 41//41 42//42 54//54
f 41//41 54//54 53//53
f 42//42 43//43 55//55
f 42//42 55//55 54//54
f 43//43 44//44 56//56
f 43//43 56//56 55//55
f 44//44 45//45 57//57
f 44//44 57//57 56//56
f 45//45 46//46 58//58
f 45//45 58//58 57//57
f 46//46 47//47 59//59
f 46//46 59//59 58//58
f 47//47 48//48 60//60
f 47//47 60//60 59//59
f 48//48 37//37 49//49
f 48//48 49//49 60//60
f 49//49 50//50 62//62
f 49//49 62//62 61//61
f 50//50 51//51 63//63
f 50//50 63//63 62//62
f 51//51 52//52 64//64
f 51//51 64//64 63//63
f 52//52 53//53 65//65
f 52//52 65//65 64//64
f 53//53 54//54 66//66
f 53//53 66//66 65//65
f 54//54 55//55 67//67
f 54//54 67//67 66//66
f 55//55 56//56 68//68
f 55//55 68//68 67//67
f 56//56 57//57 69//69
f 56//56 69//69 68//68
f 57//57 58//58 70//70
f 57//57 70//70 69//69
f 58//58 59//59 71//71
f 58//58 71//71 70//70
f 59//59 60//60 72//72
f 59//59 72//72 71//71
f 60//60 49//49 61//61
f 60//60 61//61 72//72
f 61//61 62//62 74//74
f 61//61 74//74 73//73
f 62//62 63//63 75//75
f 62//62 75//75 74//74
f 63//63 64//64 76//76
f 63//63 76//76 75//75
f 64//64 65//65 77//77
f 64//64 77//77 76//76
f 65//65 66//66 78//78
f 65//65 78//78 77//77
f 66//66 67//67 79//79
f 66//66 79//79 78//78
f 67//67 68//68 80//80
f 67//67 80//80 79//79
f 68//68 69//69 81//81
f 68//68 81//81 80//80
f 69//69 70//70 82//82
f 69//69 82//82 81//81
f 70//70 71//71 83//83
f 70//70 83//83 82//82
f 71//71 72//72 84//84
f 71//71 84//84 83//83
f 72//72 61//61 73//73
f 72//72 73//73 84//84
f 73//73 74//74 86//86
f 73//73 86//86 85//85
f 74//74 75//75 87//87
f 74//74 87//87 86//86
f 75//75 76//76 88//88
f 75//75 88//88 87//87
f 76//76 77//77 89//89
f 76//76 89//89 88//88
f 77//77 78//78 90//90
f 77//77 90//90 89//89
f 78//78 79//79 91//91
f 78//78 91//91 90//90
f 79//79 80//80 92//92
f 79//79 92//92 91//91
f 80//80 81//81 93//93
f 80//80 93//93 92//92
f 81//81 82//82 94//94
f 81//81 94//94 93//93
f 82//82 83//83 95//95
f 82//82 95//95 94//94
f 83//83 84//84 96//96
f 83//83 96//96 95//95
f 84//84 73//73 85//85
f 84//84 85//85 96//96
f 85//85 86//86 98//98
f 85//85 98//98 97//97
f 86//86 87//87 99//99
f 86//86 99//99 98//98
f 87//87 88//88 100//100
f 87//87 100//100 99//99
f 88//88 89//89 101//101
f 88//88 101//101 100//100
f 89//89 90//90 102//102
f 89//89 102//102 101//101
f 90//90 91//91 103//103
f 90//90 103//103 102//102
f 91//91 92//92 104//104
f 91//91 104//104 103//103
f 92//92 93//93 105//105
f 92//92 105//105 104//104
f 93//93 94//94 106//106
f 93//93 106//106 105//105
f 94//94 95//95 107//107
f 94//94 107//107 106//106
f 95//95 96//96 108//108
f 95//95 108//108 107//107
f 96//96 85//85 97//97
f 96//96 97//97 108//108
f 109//109 1//1 2//2
f 109//109 2//2 3//3
f 109//109 3//3 4//4
f 109//109 4//4 5//5
f 109//109 5//5 6//6
f 109//109 6//6 7//7
f 109//109 7//7 8//8
f 109//109 8//8 9//9
f 109//109 9//9 10//10
f 109//109 10//10 11//11
f 109//109 11//11 12//12
f 109//109 12//12 1//1
f 110//110 98//98 97//97
f 110//110 99//99 98//98
f 110//110 100//100 99//99
f 110//110 101//101 100//100
f 110//110 102//102 101//101
f 110//110 103//103 102//102
f 110//110 104//104 103//103
f 110//110 105//105 104//104
f 110//110 106//106 105//105
f 110//110 107//107 106//106
f 110//110 108//108 107//107
f 110//110 97//97 108//108
f 111//111 112//112 124//124
f 111//111 124//124 123//123
f 112//112 113//113 125//125
f 112//112 125//125 124//124
f 113//113 114//114 126//126
f 113//113 126//126 125//125
f 114//114 115//115 127//127
f 114//114 127//127 126//126
f 115//115 116//116 128//128
f 115//115 128//128 127//127
f 116//116 117//117 129//129
f 116//116 129//129 128//128
f 117//117 118//118 130//130
f 117//117 130//130 129//129
f 118//118 119//119 131//131
f 118//118 131//131 130//130
f 119//119 120//120 132//132
f 119//119 132//132 131//131
f 120//120 121//121 133//133
f 120//120 133//133 132//132
f 121//121 122//122 134//134
f 121//121 134//134 133//133
f 122//122 111//111 123//123
f 122//122 123//123 134//134
f 123//123 124//124 136//136
f 123//123 136//136 135//135
f 124//124 125//125 137//137
f 124//124 137//137 136//136
f 125//125 126//126 138//138
f 125//125 138//138 137//137
f 126//126 127//127 139//139
f 126//126 139//139 138//138
f 127//127 128//128 140//140
f 127//127 140//140 139//139
f 128//128 129//129 141//141
f 128//128 141//141 140//140
f 129//129 130//130 142//142
f 129//129 142//142 141//141
f 130//130 131//131 143//143
f 130//130 143//143 142//142
f 131//131 132//132 144//144
f 131//131 144//144 143//143
f 132//132 133//133 145//145
f 132//132 145//145 144//144
f 133//133 134//134 146//146
f 133//133 146//146 145//145
f 134//134 123//123 135//135
f 134//134 135//135 146//146
f 135//135 136//136 148//148
f 135//135 148//148 147//147
f 136//136 137//137 149//149
f 136//136 149//149 148//148
f 137//137 138//138 150//150
f 137//137 150//150 149//149
f 138//138 139//139 151//151
f 138//138 151//151 150//150
f 139//139 140//140 152//152
f 139//139 152//152 151//151
f 140//140 141//141 153//153
f 140//140 153//153 152//152
f 141//141 142//142 154//154
f 141//141 154//154 153//153
f 142//142 143//143 155//155
f 142//142 155//155 154//154
f 143//143 144//144 156//156
f 143//143 156//156 155//155
f 144//144 145//145 157//157
f 144//144 157//157 156//156
f 145//145 146//146 158//158
f 145//145 158//158 157//157
f 146//146 135//135 147//147
f 146//146 147//147 158//158
f 147//147 148//148 160//160
f 147//147 160//160 159//159
f 148//148 149//149 161//161
f 148//148 161//161 160//160
f 149//149 150//150 162//162
f 149//149 162//162 161//161
f 150//150 151//151 163//163
f 150//150 163//163 162//162
f 151//151 152//152 164//164
f 151//151 164//164 163//163
f 152//152 153//153 165//165
f 152//152 165//165 164//164
f 153//153 154//154 166//166
f 153//153 166//166 165//165
f 154//154 155//155 167//167
f 154//154 167//167 166//166
f 155//155 156//156 168//168
f 155//155 168//168 167//167
f 156//156 157//157 169//169
f 156//156 169//169 168//168
f 157//157 158//158 170//170
f 157//157 170//170 169//169
f 158//158 147//147 159//159
f 158//158 159//159 170//170
f 171//171 160//160 159//159
f 171//171 161//161 160//160
f 171//171 162//162 161//161
f 171//171 163//163 162//162
f 171//171 164//164 163//163
f 171//171 165//165 164//164
f 171//171 166//166 165//165
f 171//171 167//167 166//166
f 171//171 168//168 167//167
f 171//171 169//169 168//168
f 171//171 170//170 169//169
f 171//171 159//159 170//170
f 172//172 173//173 185//185
f 172//172 185//185 184//184
f 173//173 174//174 186//186
f 173//173 186//186 185//185
f 174//174 175//175 187//187
f 174//174 187//187 186//186
f 175//175 176//176 188//188
f 175//175 188//188 187//187
f 176//176 177//177 189//189
f 176//176 189//189 188//188
f 177//177 178//178 190//190
f 177//177 190//190 189//189
f 178//178 179//179 191//191
f 178//178 191//191 190//190
f 179//179 180//180 192//192
f 179//179 192//192 191//191
f 180//180 181//181 193//193
f 180//180 193//193 192//192
f 181//181 182//182 194//194
f 181//181 194//194 193//193
f 182//182 183//183 195//195
f 182//182 195//195 194//194
f 183//183 172//172 184//184
f 183//183 184//184 195//195
f 184//184 185//185 197//197
f 184//184 197//197 196//196
f 185//185 186//186 198//198
f 185//185 198//198 197//197
f 186//186 187//187 199//199
f 186//186 199//199 198//198
f 187//187 188//188 200//200
f 187//187 200//200 199//199
f 188//188 189//189 201//201
f 188//188 201//201 200//200
f 189//189 190//190 202//202
f 189//189 202//202 201//201
f 190//190 191//191 203//203
f 190//190 203//203 202//202
f 191//191 192//192 204//204
f 191//191 204//204 203//203
f 192//192 193//193 205//205
f 192//192 205//205 204//204
f 193//193 194//194 206//206
f 193//193 206//206 205//205
f 194//194 195//195 207//207
f 194//194 207//207 206//206
f 195//195 184//184 196//196
f 195//195 196//196 207//207
f 196//196 197//197 209//209
f 196//196 209//209 208//208
f 197//197 198//198 210//210
f 197//197 210//210 209//209
f 198//198 199//199 211//211
f 198//198 211//211 210//210
f 199//199 200//200 212//212
f 199//199 212//212 211//211
f 200//200 201//201 213//213
f 200//200 213//213 212//212
f 201//201 202//202 214//214
f 201//201 214//214 213//213
f 202//202 203//203 215//215
f 202//202 215//215 214//214
f 203//203 204//204 216//216
f 203//203 216//216 215//215
f 204//204 205//205 217//217
f 204//204 217//217 216//216
f 205//205 206//206 218//218
f 205//205 218//218 217//217
f 206//206 207//207 219//219
f 206//206 219//219 218//218
f 207//207 196//196 208//208
f 207//207 208//208 219//219
f 208//208 209//209 221//221
f 208//208 221//221 220//220
f 209//209 210//210 222//222
f 209//209 222//222 221//221
f 210//210 211//211 223//223
f 210//210 223//223 222//222
f 211//211 212//212 224//224
f 211//211 224//224 223//223
f 212//212 213//213 225//225
f 212//212 225//225 224//224
f 213//213 214//214 226//226
f 213//213 226//226 225//225
f 214//214 215//215 227//227
f 214//214 227//227 226//226
f 215//215 216//216 228//228
f 215//215 228//228 227//227
f 216//216 217//217 229//229
f 216//216 229//229 228//228
f 217//217 218//218 230//230
f 217//217 230//230 229//229
f 218//218 219//219 231//231
f 218//218 231//231 230//230
f 219//219 208//208 220//220
f 219//219 220//220 231//231
f 232//232 172//172 173//173
f 232//232 173//173 174//174
f 232//232 174//174 175//175
f 232//232 175//175 176//176
f 232//232 176//176 177//177
f 232//232 177//177 178//178
f 232//232 178//178 179//179
f 232//232 179//179 180//180
f 232//232 180//180 181//181
f 232//232 181//181 182//182
f 232//232 182//182 183//183
f 232//232 183//183 172//172
f 233//233 221//221 220//220
f 233//233 222//222 221//221
f 233//233 223//223 222//222
f 233//233 224//224 223//223
f 233//233 225//225 224//224
f 233//233 226//226 225//225
f 233//233 227//227 226//226
f 233//233 228//228 227//227
f 233//233 229//229 228//228
f 233//233 230//230 229//229
f 233//233 231//231 230//230
f 233//233 220//220 231//231
f 234//234 235//235 247//247
f 234//234 247//247 246//246
f 235//235 236//236 248//248
f 235//235 248//248 247//247
f 236//236 237//237 249//249
f 236//236 249//249 248//248
f 237//237 238//238 250//250
f 237//237 250//250 249//249
f 238//238 239//239 251//251
f 238//238 251//251 250//250
f 239//239 240//240 252//252
f 239//239 252//252 251//251
f 240//240 241//241 253//253
f 240//240 253//253 252//252
f 241//241 242//242 254//254
f 241//241 254//254 253//253
f 242//242 243//243 255//255
f 242//242 255//255 254//254
f 243//243 244//244 256//256
f 243//243 256//256 255//255
f 244//244 245//245 257//257
f 244//244 257//257 256//256
f 245//245 234//234 246//246
f 245//245 246//246 257//257
f 258//258 234//234 235//235
f 258//258 235//235 236//236
f 258//258 236//236 237//237
f 258//258 237//237 238//238
f 258//258 238//238 239//239
f 258//258 239//239 240//240
f 258//258 240//240 241//241
f 258//258 241//241 242//242
f 258//258 242//242 243//243
f 258//258 243//243 244//244
f 258//258 244//244 245//245
f 258//258 245//245 234//234
f 259//259 247//247 246//246
f 259//259 248//248 247//247
f 259//259 249//249 248//248
f 259//259 250//250 249//249
f 259//259 251//251 250//250
f 259//259 252//252 251//251
f 259//259 253//253 252//252
f 259//259 254//254 253//253
f 259//259 255//255 254//254
f 259//259 256//256 255//255
f 259//259 257//257 256//256
f 259//259 246//246 257//257
f 260//260 261//261 273//273
f 260//260 273//273 272//272
f 261//261 262//262 274//274
f 261//261 274//274 273//273
f 262//262 263//263 275//275
f 262//262 275//275 274//274
f 263//263 264//264 276//276
f 263//263 276//276 275//275
f 264//264 265//265 277//277
f 264//264 277//277 276//276
f 265//265 266//266 278//278
f 265//265 278//278 277//277
f 266//266 267//267 279//279
f 266//266 279//279 278//278
f 267//267 268//268 280//280
f 267//267 280//280 279//279
f 268//268 269//269 281//281
f 268//268 281//281 280//280
f 269//269 270//270 282//282
f 269//269 282//282 281//281
f 270//270 271//271 283//283
f 270//270 283//283 282//282
f 271//271 260//260 272//272
f 271//271 272//272 283//283
f 272//272 273//273 285//285
f 272//272 285//285 284//284
f 273//273 274//274 286//286
f 273//273 286//286 285//285
f 274//274 275//275 287//287
f 274//274 287//287 286//286
f 275//275 276//276 288//288
f 275//275 288//288 287//287
f 276//276 277//277 289//289
f 276//276 289//289 288//288
f 277//277 278//278 290//290
f 277//277 290//290 289//289
f 278//278 279//279 291//291
f 278//278 291//291 290//290
f 279//279 280//280 292//292
f 279//279 292//292 291//291
f 280//280 281//281 293//293
f 280//280 293//293 292//292
f 281//281 282//282 294//294
f 281//281 294//294 293//293
f 282//282 283//283 295//295
f 282//282 295//295 294//294
f 283//283 272//272 284//284
f 283//283 284//284 295//295
f 284//284 285//285 297//297
f 284//284 297//297 296//296
f 285//285 286//286 298//298
f 285//285 298//298 297//297
f 286//286 287//287 299//299
f 286//286 299//299 298//298
f 287//287 288//288 300//300
f 287//287 300//300 299//299
f 288//288 289//289 301//301
f 288//288 301//301 300//300
f 289//289 290//290 302//302
f 289//289 302//302 301//301
f 290//290 291//291 303//303
f 290//290 303//303 302//302
f 291//291 292//292 304//304
f 291//291 304//304 303//303
f 292//292 293//293 305//305
f 292//292 305//305 304//304
f 293//293 294//294 306//306
f 293//293 306//306 305//305
f 294//294 295//295 307//307
f 294//294 307//307 306//306
f 295//295 284//284 296//296
f 295//295 296//296 307//307
f 296//296 297//297 309//309
f 296//296 309//309 308//308
f 297//297 298//298 310//310
f 297//297 310//310 309//309
f 298//298 299//299 311//311
f 298//298 311//311 310//310
f 299//299 300//300 312//312
f 299//299 312//312 311//311
f 300//300 301//301 313//313
f 300//300 313//313 312//312
f 301//301 302//302 314//314
f 301//301 314//314 313//313
f 302//302 303//303 315//315
f 302//302 315//315 314//314
f 303//303 304//304 316//316
f 303//303 316//316 315//315
f 304//304 305//305 317//317
f 304//304 317//317 316//316
f 305//305 306//306 318//318
f 305//305 318//318 317//317
f 306//306 307//307 319//319
f 306//306 319//319 318//318
f 307//307 296//296 308//308
f 307//307 308//308 319//319
f 308//308 309//309 321//321
f 308//308 321//321 320//320
f 309//309 310//310 322//322
f 309//309 322//322 321//321
f 310//310 311//311 323//323
f 310//310 323//323 322//322
f 311//311 312//312 324//324
f 311//311 324//324 323//323
f 312//312 313//313 325//325
f 312//312 325//325 324//324
f 313//313 314//314 326//326
f 313//313 326//326 325//325
f 314//314 315//315 327//327
f 314//314 327//327 326//326
f 315//315 316//316 328//328
f 315//315 328//328 327//327
f 316//316 317//317 329//329
f 316//316 329//329 328//328
f 317//317 318//318 330//330
f 317//317 330//330 329//329
f 318//318 319//319 331//331
f 318//318 331//331 330//330
f 319//319 308//308 320//320
f 319//319 320//320 331//331
f 320//320 321//321 333//333
f 320//320 333//333 332//332
f 321//321 322//322 334//334
f 321//321 334//334 333//333
f 322//322 323//323 335//335
f 322//322 335//335 334//334
f 323//323 324//324 336//336
f 323//323 336//336 335//335
f 324//324 325//325 337//337
f 324//324 337//337 336//336
f 325//325 326//326 338//338
f 325//325 338//338 337//337
f 326//326 327//327 339//339
f 326//326 339//339 338//338
f 327//327 328//328 340//340
f 327//327 340//340 339//339
f 328//328 329//329 341//341
f 328//328 341//341 340//340
f 329//329 330//330 342//342
f 329//329 342//342 341//341
f 330//330 331//331 343//343
f 330//330 343//343 342//342
f 331//331 320//320 332//332
f 331//331 332//332 343//343
f 332//332 333//333 345//345
f 332//332 345//345 344//344
f 333//333 334//334 346//346
f 333//333 346//346 345//345
f 334//334 335//335 347//347
f 334//334 347//347 346//346
f 335//335 336//336 348//348
f 335//335 348//348 347//347
f 336//336 337//337 349//349
f 336//336 349//349 348//348
f 337//337 338//338 350//350
f 337//337 350//350 349//349
f 338//338 339//339 351//351
f 338//338 351//351 350//350
f 339//339 340//340 352//352
f 339//339 352//352 351//351
f 340//340 341//341 353//353
f 340//340 353//353 352//352
f 341//341 342//342 354//354
f 341//341 354//354 353//353
f 342//342 343//343 355//355
f 342//342 355//355 354//354
f 343//343 332//332 344//344
f 343//343 344//344 355//355
f 344//344 345//345 357//357
f 344//344 357//357 356//356
f 345//345 346//346 358//358
f 345//345 358//358 357//357
f 346//346 347//347 359//359
f 346//346 359//359 358//358
f 347//347 348//348 360//360
f 347//347 360//360 359//359
f 348//348 349//349 361//361
f 348//348 361//361 360//360
f 349//349 350//350 362//362
f 349//349 362//362 361//361
f 350//350 351//351 363//363
f 350//350 363//363 362//362
f 351//351 352//352 364//364
f 351//351 364//364 363//363
f 352//352 353//353 365//365
f 352//352 365//365 364//364
f 353//353 354//354 366//366
f 353//353 366//366 365//365
f 354//354 355//355 367//367
f 354//354 367//367 366//366
f 355//355 344//344 356//356
f 355//355 356//356 367//367
f 368//368 260//260 261//261
f 368//368 261//261 262//262
f 368//368 262//262 263//263
f 368//368 263//263 264//264
f 368//368 264//264 265//265
f 368//368 265//265 266//266
f 368//368 266//266 267//267
f 368//368 267//267 268//268
f 368//368 268//268 269//269
f 368//368 269//269 270//270
f 368//368 270//270 271//271
f 368//368 271//271 260//260
f 369//369 357//357 356//356
f 369//369 358//358 357//357
f 369//369 359//359 358//358
f 369//369 360//360 359//359
f 369//369 361//361 360//360
f 369//369 362//362 361//361
f 369//369 363//363 362//362
f 369//369 364//364 363//363
f 369//369 365//365 364//364
f 369//369 366//366 365//365
f 369//369 367//367 366//366
f 369//369 356//356 367//367
f 370//370 371//371 383//383
f 370//370 383//383 382//382
f 371//371 372//372 384//384
f 371//371 384//384 383//383
f 372//372 373//373 385//385
f 372//372 385//385 384//384
f 373//373 374//374 386//386
f 373//373 386//386 385//385
f 374//374 375//375 387//387
f 374//374 387//387 386//386
f 375//375 376//376 388//388
f 375//375 388//388 387//387
f 376//376 377//377 389//389
f 376//376 389//389 388//388
f 377//377 378//378 390//390
f 377//377 390//390 389//389
f 378//378 379//379 391//391
f 378//378 391//391 390//390
f 379//379 380//380 392//392
f 379//379 392//392 391//391
f 380//380 381//381 393//393
f 380//380 393//393 392//392
f 381//381 370//370 382//382
f 381//381 382//382 393//393
f 382//382 383//383 395//395
f 382//382 395//395 394//394
f 383//383 384//384 396//396
f 383//383 396//396 395//395
f 384//384 385//385 397//397
f 384//384 397//397 396//396
f 385//385 386//386 398//398
f 385//385 398//398 397//397
f 386//386 387//387 399//399
f 386//386 399//399 398//398
f 387//387 388//388 400//400
f 387//387 400//400 399//399
f 388//388 389//389 401//401
f 388//388 401//401 400//400
f 389//389 390//390 402//402
f 389//389 402//402 401//401
f 390//390 391//391 403//403
f 390//390 403//403 402//402
f 391//391 392//392 404//404
f 391//391 404//404 403//403
f 392//392 393//393 405//405
f 392//392 405//405 404//404
f 393//393 382//382 394//394
f 393//393 394//394 405//405
f 394//394 395//395 407//407
f 394//394 407//407 406//406
f 395//395 396//396 408//408
f 395//395 408//408 407//407
f 396//396 397//397 409//409
f 396//396 409//409 408//408
f 397//397 398//398 410//410
f 397//397 410//410 409//409
f 398//398 399//399 411//411
f 398//398 411//411 410//410
f 399//399 400//400 412//412
f 399//399 412//412 411//411
f 400//400 401//401 413//413
f 400//400 413//413 412//412
f 401//401 402//402 414//414
f 401//401 414//414 413//413
f 402//402 403//403 415//415
f 402//402 415//415 414//414
f 403//403 404//404 416//416
f 403//403 416//416 415//415
f 404//404 405//405 417//417
f 404//404 417//417 416//416
f 405//405 394//394 406//406
f 405//405 406//406 417//417
f 406//406 407//407 419//419
f 406//406 419//419 418//418
f 407//407 408//408 420//420
f 407//407 420//420 419//419
f 408//408 409//409 421//421
f 408//408 421//421 420//420
f 409//409 410//410 422//422
f 409//409 422//422 421//421
f 410//410 411//411 423//423
f 410//410 423//423 422//422
f 411//411 412//412 424//424
f 411//411 424//424 423//423
f 412//412 413//413 425//425
f 412//412 425//425 424//424
f 413//413 414//414 426//426
f 413//413 426//426 425//425
f 414//414 415//415 427//427
f 414//414 427//427 426//426
f 415//415 416//416 428//428
f 415//415 428//428 427//427
f 416//416 417//417 429//429
f 416//416 429//429 428//428
f 417//417 406//406 418//418
f 417//417 418//418 429//429
f 430//430 419//419 418//418
f 430//430 420//420 419//419
f 430//430 421//421 420//420
f 430//430 422//422 421//421
f 430//430 423//423 422//422
f 430//430 424//424 423//423
f 430//430 425//425 424//424
f 430//430 426//426 425//425
f 430//430 427//427 426//426
f 430//430 428//428 427//427
f 430//430 429//429 428//428
f 430//430 418//418 429//429
f 431//431 432//432 444//444
f 431//431 444//444 443//443
f 432//432 433//433 445//445
f 432//432 445//445 444//444
f 433//433 434//434 446//446
f 433//433 446//446 445//445
f 434//434 435//435 447//447
f 434//434 447//447 446//446
f 435//435 436//436 448//448
f 435//435 448//448 447//447
f 436//436 437//437 449//449
f 436//436 449//449 448//448
f 437//437 438//438 450//450
f 437//437 450//450 449//449
f 438//438 439//439 451//451
f 438//438 451//451 450//450
f 439//439 440//440 452//452
f 439//439 452//452 451//451
f 440//440 441//441 453//453
f 440//440 453//453 452//452
f 441//441 442//442 454//454
f 441//441 454//454 453//453
f 442//442 431//431 443//443
f 442//442 443//443 454//454
f 443//443 444//444 456//456
f 443//443 456//456 455//455
f 444//444 445//445 457//457
f 444//444 457//457 456//456
f 445//445 446//446 458//458
f 445//445 458//458 457//457
f 446//446 447//447 459//459
f 446//446 459//459 458//458
f 447//447 448//448 460//460
f 447//447 460//460 459//459
f 448//448 449//449 461//461
f 448//448 461//461 460//460
f 449//449 450//450 462//462
f 449//449 462//462 461//461
f 450//450 451//451 463//463
f 450//450 463//463 462//462
f 451//451 452//452 464//464
f 451//451 464//464 463//463
f 452//452 453//453 465//465
f 452//452 465//465 464//464
f 453//453 454//454 466//466
f 453//453 466//466 465//465
f 454//454 443//443 455//455
f 454//454 455//455 466//466
f 455//455 456//456 468//468
f 455//455 468//468 467//467
f 456//456 457//457 469//469
f 456//456 469//469 468//468
f 457//457 458//458 470//470
f 457//457 470//470 469//469
f 458//458 459//459 471//471
f 458//458 471//471 470//470
f 459//459 460//460 472//472
f 459//459 472//472 471//471
f 460//460 461//461 473//473
f 460//460 473//473 472//472
f 461//461 462//462 474//474
f 461//461 474//474 473//473
f 462//462 463//463 475//475
f 462//462 475//475 474//474
f 463//463 464//464 476//476
f 463//463 476//476 475//475
f 464//464 465//465 477//477
f 464//464 477//477 476//476
f 465//465 466//466 478//478
f 465//465 478//478 477//477
f 466//466 455//455 467//467
f 466//466 467//467 478//478
f 467//467 468//468 480//480
f 467//467 480//480 479//479
f 468//468 469//469 481//481
f 468//468 481//481 480//480
f 469//469 470//470 482//482
f 469//469 482//482 481//481
f 470//470 471//471 483//483
f 470//470 483//483 482//482
f 471//471 472//472 484//484
f 471//471 484//484 483//483
f 472//472 473//473 485//485
f 472//472 485//485 484//484
f 473//473 474//474 486//486
f 473//473 486//486 485//485
f 474//474 475//475 487//487
f 474//474 487//487 486//486
f 475//475 476//476 488//488
f 475//475 488//488 487//487
f 476//476 477//477 489//489
f 476//476 489//489 488//488
f 477//477 478//478 490//490
f 477//477 490//490 489//489
f 478//478 467//467 479//479
f 478//478 479//479 490//490
f 491//491 431//431 432//432
f 491//491 432//432 433//433
f 491//491 433//433 434//434
f 491//491 434//434 435//435
f 491//491 435//435 436//436
f 491//491 436//436 437//437
f 491//491 437//437 438//438
f 491//491 438//438 439//439
f 491//491 439//439 440//440
f 491//491 440//440 441//441
f 491//491 441//441 442//442
f 491//491 442//442 431//431
f 492//492 480//480 479//479
f 492//492 481//481 480//480
f 492//492 482//482 481//481
f 492//492 483//483 482//482
f 492//492 484//484 483//483
f 492//492 485//485 484//484
f 492//492 486//486 485//485
f 492//492 487//487 486//486
f 492//492 488//488 487//487
f 492//492 489//489 488//488
f 492//492 490//490 489//489
f 492//492 479//479 490//490
f 493//493 494//494 506//506
f 493//493 506//506 505//505
f 494//494 495//495 507//507
f 494//494 507//507 506//506
f 495//495 496//496 508//508
f 495//495 508//508 507//507
f 496//496 497//497 509//509
f 496//496 509//509 508//508
f 497//497 498//498 510//510
f 497//497 510//510 509//509
f 498//498 499//499 511//511
f 498//498 511//511 510//510
f 499//499 500//500 512//512
f 499//499 512//512 511//511
f 500//500 501//501 513//513
f 500//500 513//513 512//512
f 501//501 502//502 514//514
f 501//501 514//514 513//513
f 502//502 503//503 515//515
f 502//502 515//515 514//514
f 503//503 504//504 516//516
f 503//503 516//516 515//515
f 504//504 493//493 505//505
f 504//504 505//505 516//516
f 517//517 493//493 494//494
f 517//517 494//494 495//495
f 517//517 495//495 496//496
f 517//517 496//496 497//497
f 517//517 497//497 498//498
f 517//517 498//498 499//499
f 517//517 499//499 500//500
f 517//517 500//500 501//501
f 517//517 501//501 502//502
f 517//517 502//502 503//503
f 517//517 503//503 504//504
f 517//517 504//504 493//493
f 518//518 506//506 505//505
f 518//518 507//507 506//506
f 518//518 508//508 507//507
f 518//518 509//509 508//508
f 518//518 510//510 509//509
f 518//518 511//511 510//510
f 518//518 512//512 511//511
f 518//518 513//513 512//512
f 518//518 514//514 513//513
f 518//518 515//515 514//514
f 518//518 516//516 515//515
f 518//518 505//505 516//516
f 519//519 520//520 540//540
f 519//519 540//540 539//539
f 520//520 521//521 541//541
f 520//520 541//541 540//540
f 521//521 522//522 542//542
f 521//521 542//542 541//541
f 522//522 523//523 543//543
f 522//522 543//543 542//542
f 523//523 524//524 544//544
f 523//523 544//544 543//543
f 524//524 525//525 545//545
f 524//524 545//545 544//544
f 525//525 526//526 546//546
f 525//525 546//546 545//545
f 526//526 527//527 547//547
f 526//526 547//547 546//546
f 527//527 528//528 548//548
f 527//527 548//548 547//547
f 528//528 529//529 549//549
f 528//528 549//549 548//548
f 529//529 530//530 550//550
f 529//529 550//550 549//549
f 530//530 531//531 551//551
f 530//530 551//551 550//550
f 531//531 532//532 552//552
f 531//531 552//552 551//551
f 532//532 533//533 553//553
f 532//532 553//553 552//552
f 533//533 534//534 554//554
f 533//533 554//554 553//553
f 534//534 535//535 555//555
f 534//534 555//555 554//554
f 535//535 536//536 556//556
f 535//535 556//556 555//555
f 536//536 537//537 557//557
f 536//536 557//557 556//556
f 537//537 538//538 558//558
f 537//537 558//558 557//557
f 538//538 519//519 539//539
f 538//538 539//539 558//558
f 539//539 540//540 560//560
f 539//539 560//560 559//559
f 540//540 541//541 561//561
f 540//540 561//561 560//560
f 541//541 542//542 562//562
f 541//541 562//562 561//561
f 542//542 543//543 563//563
f 542//542 563//563 562//562
f 543//543 544//544 564//564
f 543//543 564//564 563//563
f 544//544 545//545 565//565
f 544//544 565//565 564//564
f 545//545 546//546 566//566
f 545//545 566//566 565//565
f 546//546 547//547 567//567
f 546//546 567//567 566//566
f 547//547 548//548 568//568
f 547//547 568//568 567//567
f 548//548 549//549 569//569
f 548//548 569//569 568//568
f 549//549 550//550 570//570
f 549//549 570//570 569//569
f 550//550 551//551 571//571
f 550//550 571//571 570//570
f 551//551 552//552 572//572
f 551//551 572//572 571//571
f 552//552 553//553 573//573
f 552//552 573//573 572//572
f 553//553 554//554 574//574
f 553//553 574//574 573//573
f 554//554 555//555 575//575
f 554//554 575//575 574//574
f 555//555 556//556 576//576
f 555//555 576//576 575//575
f 556//556 557//557 577//577
f 556//556 577//577 576//576
f 557//557 558//558 578//578
f 557//557 578//578 577//577
f 558//558 539//539 559//559
f 558//558 559//559 578//578
f 559//559 560//560 580//580
f 559//559 580//580 579//579
f 560//560 561//561 581//581
f 560//560 581//581 580//580
f 561//561 562//562 582//582
f 561//561 582//582 581//581
f 562//562 563//563 583//583
f 562//562 583//583 582//582
f 563//563 564//564 584//584
f 563//563 584//584 583//583
f 564//564 565//565 585//585
f 564//564 585//585 584//584
f 565//565 566//566 586//586
f 565//565 586//586 585//585
f 566//566 567//567 587//587
f 566//566 587//587 586//586
f 567//567 568//568 588//588
f 567//567 588//588 587//587
f 568//568 569//569 589//589
f 568//568 589//589 588//588
f 569//569 570//570 590//590
f 569//569 590//590 589//589
f 570//570 571//571 591//591
f 570//570 591//591 590//590
f 571//571 572//572 592//592
f 571//571 592//592 591//591
f 572//572 573//573 593//593
f 572//572 593//593 592//592
f 573//573 574//574 594//594
f 573//573 594//594 593//593
f 574//574 575//575 595//595
f 574//574 595//595 594//594
f 575//575 576//576 596//596
f 575//575 596//596 595//595
f 576//576 577//577 597//597
f 576//576 597//597 596//596
f 577//577 578//578 598//598
f 577//577 598//598 597//597
f 578//578 559//559 579//579
f 578//578 579//579 598//598
f 579//579 580//580 600//600
f 579//579 600//600 599//599
f 580//580 581//581 601//601
f 580//580 601//601 600//600
f 581//581 582//582 602//602
f 581//581 602//602 601//601
f 582//582 583//583 603//603
f 582//582 603//603 602//602
f 583//583 584//584 604//604
f 583//583 604//604 603//603
f 584//584 585//585 605//605
f 584//584 605//605 604//604
f 585//585 586//586 606//606
f 585//585 606//606 605//605
f 586//586 587//587 607//607
f 586//586 607//607 606//606
f 587//587 588//588 608//608
f 587//587 608//608 607//607
f 588//588 589//589 609//609
f 588//588 609//609 608//608
f 589//589 590//590 610//610
f 589//589 610//610 609//609
f 590//590 591//591 611//611
f 590//590 611//611 610//610
f 591//591 592//592 612//612
f 591//591 612//612 611//611
f 592//592 593//593 613//613
f 592//592 613//613 612//612
f 593//593 594//594 614//614
f 593//593 614//614 613//613
f 594//594 595//595 615//615
f 594//594 615//615 614//614
f 595//595 596//596 616//616
f 595//595 616//616 615//615
f 596//596 597//597 617//617
f 596//596 617//617 616//616
f 597//597 598//598 618//618
f 597//597 618//618 617//617
f 598//598 579//579 599//599
f 598//598 599//599 618//618
f 599//599 600//600 620//620
f 599//599 620//620 619//619
f 600//600 601//601 621//621
f 600//600 621//621 620//620
f 601//601 602//602 622//622
f 601//601 622//622 621//621
f 602//602 603//603 623//623
f 602//602 623//623 622//622
f 603//603 604//604 624//624
f 603//603 624//624 623//623
f 604//604 605//605 625//625
f 604//604 625//625 624//624
f 605//605 606//606 626//626
f 605//605 626//626 625//625
f 606//606 607//607 627//627
f 606//606 627//627 626//626
f 607//607 608//608 628//628
f 607//607 628//628 627//627
f 608//608 609//609 629//629
f 608//608 629//629 628//628
f 609//609 610//610 630//630
f 609//609 630//630 629//629
f 610//610 611//611 631//631
f 610//610 631//631 630//630
f 611//611 612//612 632//632
f 611//611 632//632 631//631
f 612//612 613//613 633//633
f 612//612 633//633 632//632
f 613//613 614//614 634//634
f 613//613 634//634 633//633
f 614//614 615//615 635//635
f 614//614 635//635 634//634
f 615//615 616//616 636//636
f 615//615 636//636 635//635
f 616//616 617//617 637//637
f 616//616 637//637 636//636
f 617//617 618//618 638//638
f 617//617 638//638 637//637
f 618//618 599//599 619//619
f 618//618 619//619 638//638
f 619//619 620//620 640//640
f 619//619 640//640 639//639
f 620//620 621//621 641//641
f 620//620 641//641 640//640
f 621//621 622//622 642//642
f 621//621 642//642 641//641
f 622//622 623//623 643//643
f 622//622 643//643 642//642
f 623//623 624//624 644//644
f 623//623 644//644 643//643
f 624//624 625//625 645//645
f 624//624 645//645 644//644
f 625//625 626//626 646//646
f 625//625 646//646 645//645
f 626//626 627//627 647//647
f 626//626 647//647 646//646
f 627//627 628//628 648//648
f 627//627 648//648 647//647
f 628//628 629//629 649//649
f 628//628 649//649 648//648
f 629//629 630//630 650//650
f 629//629 650//650 649//649
f 630//630 631//631 651//651
f 630//630 651//651 650//650
f 631//631 632//632 652//652
f 631//631 652//652 651//651
f 632//632 633//633 653//653
f 632//632 653//653 652//652
f 633//633 634//634 654//654
f 633//633 654//654 653//653
f 634//634 635//635 655//655
f 634//634 655//655 654//654
f 635//635 636//636 656//656
f 635//635 656//656 655//655
f 636//636 637//637 657//657
f 636//636 657//657 656//656
f 637//637 638//638 658//658
f 637//637 658//658 657//657
f 638//638 619//619 639//639
f 638//638 639//639 658//658
f 639//639 640//640 660//660
f 639//639 660//660 659//659
f 640//640 641//641 661//661
f 640//640 661//661 660//660
f 641//641 642//642 662//662
f 641//641 662//662 661//661
f 642//642 643//643 663//663
f 642//642 663//663 662//662
f 643//643 644//644 664//664
f 643//643 664//664 663//663
f 644//644 645//645 665//665
f 644//644 665//665 664//664
f 645//645 646//646 666//666
f 645//645 666//666 665//665
f 646//646 647//647 667//667
f 646//646 667//667 666//666
f 647//647 648//648 668//668
f 647//647 668//668 667//667
f 648//648 649//649 669//669
f 648//648 669//669 668//668
f 649//649 650//650 670//670
f 649//649 670//670 669//669
f 650//650 651//651 671//671
f 650//650 671//671 670//670
f 651//651 652//652 672//672
f 651//651 672//672 671//671
f 652//652 653//653 673//673
f 652//652 673//673 672//672
f 653//653 654//654 674//674
f 653//653 674//674 673//673
f 654//654 655//655 675//675
f 654//654 675//675 674//674
f 655//655 656//656 676//676
f 655//655 676//676 675//675
f 656//656 657//657 677//677
f 656//656 677//677 676//676
f 657//657 658//658 678//678
f 657//657 678//678 677//677
f 658//658 639//639 659//659
f 658//658 659//659 678//678
f 679//679 519//519 520//520
f 679//679 520//520 521//521
f 679//679 521//521 522//522
f 679//679 522//522 523//523
f 679//679 523//523 524//524
f 679//679 524//524 525//525
f 679//679 525//525 526//526
f 679//679 526//526 527//527
f 679//679 527//527 528//528
f 679//679 528//528 529//529
f 679//679 529//529 530//530
f 679//679 530//530 531//531
f 679//679 531//531 532//532
f 679//679 532//532 533//533
f 679//679 533//533 534//534
f 679//679 534//534 535//535
f 679//679 535//535 536//536
f 679//679 536//536 537//537
f 679//679 537//537 538//538
f 679//679 538//538 519//519
f 680//680 660//660 659//659
f 680//680 661//661 660//660
f 680//680 662//662 661//661
f 680//680 663//663 662//662
f 680//680 664//664 663//663
f 680//680 665//665 664//664
f 680//680 666//666 665//665
f 680//680 667//667 666//666
f 680//680 668//668 667//667
f 680//680 669//669 668//668
f 680//680 670//670 669//669
f 680//680 671//671 670//670
f 680//680 672//672 671//671
f 680//680 673//673 672//672
f 680//680 674//674 673//673
f 680//680 675//675 674//674
f 680//680 676//676 675//675
f 680//680 677//677 676//676
f 680//680 678//678 677//677
f 680//680 659//659 678//678
f 681//681 682//682 702//702
f 681//681 702//702 701//701
f 682//682 683//683 703//703
f 682//682 703//703 702//702
f 683//683 684//684 704//704
f 683//683 704//704 703//703
f 684//684 685//685 705//705
f 684//684 705//705 704//704
f 685//685 686//686 706//706
f 685//685 706//706 705//705
f 686//686 687//687 707//707
f 686//686 707//707 706//706
f 687//687 688//688 708//708
f 687//687 708//708 707//707
f 688//688 689//689 709//709
f 688//688 709//709 708//708
f 689//689 690//690 710//710
f 689//689 710//710 709//709
f 690//690 691//691 711//711
f 690//690 711//711 710//710
f 691//691 692//692 712//712
f 691//691 712//712 711//711
f 692//692 693//693 713//713
f 692//692 713//713 712//712
f 693//693 694//694 714//714
f 693//693 714//714 713//713
f 694//694 695//695 715//715
f 694//694 715//715 714//714
f 695//695 696//696 716//716
f 695//695 716//716 715//715
f 696//696 697//697 717//717
f 696//696 717//717 716//716
f 697//697 698//698 718//718
f 697//697 718//718 717//717
f 698//698 699//699 719//719
f 698//698 719//719 718//718
f 699//699 700//700 720//720
f 699//699 720//720 719//719
f 700//700 681//681 701//701
f 700//700 701//701 720//720
f 721//721 681//681 682//682
f 721//721 682//682 683//683
f 721//721 683//683 684//684
f 721//721 684//684 685//685
f 721//721 685//685 686//686
f 721//721 686//686 687//687
f 721//721 687//687 688//688
f 721//721 688//688 689//689
f 721//721 689//689 690//690
f 721//721 690//690 691//691
f 721//721 691//691 692//692
f 721//721 692//692 693//693
f 721//721 693//693 694//694
f 721//721 694//694 695//695
f 721//721 695//695 696//696
f 721//721 696//696 697//697
f 721//721 697//697 698//698
f 721//721 698//698 699//699
f 721//721 699//699 700//700
f 721//721 700//700 681//681
f 722//722 702//702 701//701
f 722//722 703//703 702//702
f 722//722 704//704 703//703
f 722//722 705//705 704//704
f 722//722 706//706 705//705
f 722//722 707//707 706//706
f 722//722 708//708 707//707
f 722//722 709//709 708//708
f 722//722 710//710 709//709
f 722//722 711//711 710//710
f 722//722 712//712 711//711
f 722//722 713//713 712//712
f 722//722 714//714 713//713
f 722//722 715//715 714//714
f 722//722 716//716 715//715
f 722//722 717//717 716//716
f 722//722 718//718 717//717
f 722//722 719//719 718//718
f 722//722 720//720 719//719
f 722//722 701//701 720//720
f 723//723 724//724 732//732
f 723//723 732//732 731//731
f 724//724 725//725 733//733
f 724//724 733//733 732//732
f 725//725 726//726 734//734
f 725//725 734//734 733//733
f 726//726 727//727 735//735
f 726//726 735//735 734//734
f 727//727 728//728 736//736
f 727//727 736//736 735//735
f 728//728 729//729 737//737
f 728//728 737//737 736//736
f 729//729 730//730 738//738
f 729//729 738//738 737//737
f 730//730 723//723 731//731
f 730//730 731//731 738//738
f 739//739 723//723 724//724
f 739//739 724//724 725//725
f 739//739 725//725 726//726
f 739//739 726//726 727//727
f 739//739 727//727 728//728
f 739//739 728//728 729//729
f 739//739 729//729 730//730
f 739//739 730//730 723//723
f 740//740 732//732 731//731
f 740//740 733//733 732//732
f 740//740 734//734 733//733
f 740//740 735//735 734//734
f 740//740 736//736 735//735
f 740//740 737//737 736//736
f 740//740 738//738 737//737
f 740//740 731//731 738//738
f 741//741 742//742 758//758
f 741//741 758//758 757//757
f 742//742 743//743 759//759
f 742//742 759//759 758//758
f 743//743 744//744 760//760
f 743//743 760//760 759//759
f 744//744 745//745 761//761
f 744//744 761//761 760//760
f 745//745 746//746 762//762
f 745//745 762//762 761//761
f 746//746 747//747 763//763
f 746//746 763//763 762//762
f 747//747 748//748 764//764
f 747//747 764//764 763//763
f 748//748 749//749 765//765
f 748//748 765//765 764//764
f 749//749 750//750 766//766
f 749//749 766//766 765//765
f 750//750 751//751 767//767
f 750//750 767//767 766//766
f 751//751 752//752 768//768
f 751//751 768//768 767//767
f 752//752 753//753 769//769
f 752//752 769//769 768//768
f 753//753 754//754 770//770
f 753//753 770//770 769//769
f 754//754 755//755 771//771
f 754//754 771//771 770//770
f 755//755 756//756 772//772
f 755//755 772//772 771//771
f 756//756 741//741 757//757
f 756//756 757//757 772//772
f 773//773 774//774 786//786
f 773//773 786//786 785//785
f 774//774 775//775 787//787
f 774//774 787//787 786//786
f 775//775 776//776 788//788
f 775//775 788//788 787//787
f 776//776 777//777 789//789
f 776//776 789//789 788//788
f 777//777 778//778 790//790
f 777//777 790//790 789//789
f 778//778 779//779 791//791
f 778//778 791//791 790//790
f 779//779 780//780 792//792
f 779//779 792//792 791//791
f 780//780 781//781 793//793
f 780//780 793//793 792//792
f 781//781 782//782 794//794
f 781//781 794//794 793//793
f 782//782 783//783 795//795
f 782//782 795//795 794//794
f 783//783 784//784 796//796
f 783//783 796//796 795//795
f 784//784 773//773 785//785
f 784//784 785//785 796//796
f 785//785 786//786 798//798
f 785//785 798//798 797//797
f 786//786 787//787 799//799
f 786//786 799//799 798//798
f 787//787 788//788 800//800
f 787//787 800//800 799//799
f 788//788 789//789 801//801
f 788//788 801//801 800//800
f 789//789 790//790 802//802
f 789//789 802//802 801//801
f 790//790 791//791 803//803
f 790//790 803//803 802//802
f 791//791 792//792 804//804
f 791//791 804//804 803//803
f 792//792 793//793 805//805
f 792//792 805//805 804//804
f 793//793 794//794 806//806
f 793//793 806//806 805//805
f 794//794 795//795 807//807
f 794//794 807//807 806//806
f 795//795 796//796 808//808
f 795//795 808//808 807//807
f 796//796 785//785 797//797
f 796//796 797//797 808//808
f 809//809 798//798 797//797
f 809//809 799//799 798//798
f 809//809 800//800 799//799
f 809//809 801//801 800//800
f 809//809 802//802 801//801
f 809//809 803//803 802//802
f 809//809 804//804 803//803
f 809//809 805//805 804//804
f 809//809 806//806 805//805
f 809//809 807//807 806//806
f 809//809 808//808 807//807
f 809//809 797//797 808//808
f 810//810 811//811 823//823
f 810//810 823//823 822//822
f 811//811 812//812 824//824
f 811//811 824//824 823//823
f 812//812 813//813 825//825
f 812//812 825//825 824//824
f 813//813 814//814 826//826
f 813//813 826//826 825//825
f 814//814 815//815 827//827
f 814//814 827//827 826//826
f 815//815 816//816 828//828
f 815//815 828//828 827//827
f 816//816 817//817 829//829
f 816//816 829//829 828//828
f 817//817 818//818 830//830
f 817//817 830//830 829//829
f 818//818 819//819 831//831
f 818//818 831//831 830//830
f 819//819 820//820 832//832
f 819//819 832//832 831//831
f 820//820 821//821 833//833
f 820//820 833//833 832//832
f 821//821 810//810 822//822
f 821//821 822//822 833//833
f 822//822 823//823 835//835
f 822//822 835//835 834//834
f 823//823 824//824 836//836
f 823//823 836//836 835//835
f 824//824 825//825 837//837
f 824//824 837//837 836//836
f 825//825 826//826 838//838
f 825//825 838//838 837//837
f 826//826 827//827 839//839
f 826//826 839//839 838//838
f 827//827 828//828 840//840
f 827//827 840//840 839//839
f 828//828 829//829 841//841
f 828//828 841//841 840//840
f 829//829 830//830 842//842
f 829//829 842//842 841//841
f 830//830 831//831 843//843
f 830//830 843//843 842//842
f 831//831 832//832 844//844
f 831//831 844//844 843//843
f 832//832 833//833 845//845
f 832//832 845//845 844//844
f 833//833 822//822 834//834
f 833//833 834//834 845//845
f 834//834 835//835 847//847
f 834//834 847//847 846//846
f 835//835 836//836 848//848
f 835//835 848//848 847//847
f 836//836 837//837 849//849
f 836//836 849//849 848//848
f 837//837 838//838 850//850
f 837//837 850//850 849//849
f 838//838 839//839 851//851
f 838//838 851//851 850//850
f 839//839 840//840 852//852
f 839//839 852//852 851//851
f 840//840 841//841 853//853
f 840//840 853//853 852//852
f 841//841 842//842 854//854
f 841//841 854//854 853//853
f 842//842 843//843 855//855
f 842//842 855//855 854//854
f 843//843 844//844 856//856
f 843//843 856//856 855//855
f 844//844 845//845 857//857
f 844//844 857//857 856//856
f 845//845 834//834 846//846
f 845//845 846//846 857//857
f 846//846 847//847 859//859
f 846//846 859//859 858//858
f 847//847 848//848 860//860
f 847//847 860//860 859//859
f 848//848 849//849 861//861
f 848//848 861//861 860//860
f 849//849 850//850 862//862
f 849//849 862//862 861//861
f 850//850 851//851 863//863
f 850//850 863//863 862//862
f 851//851 852//852 864//864
f 851//851 864//864 863//863
f 852//852 853//853 865//865
f 852//852 865//865 864//864
f 853//853 854//854 866//866
f 853//853 866//866 865//865
f 854//854 855//855 867//867
f 854//854 867//867 866//866
f 855//855 856//856 868//868
f 855//855 868//868 867//867
f 856//856 857//857 869//869
f 856//856 869//869 868//868
f 857//857 846//846 858//858
f 857//857 858//858 869//869
f 858//858 859//859 871//871
f 858//858 871//871 870//870
f 859//859 860//860 872//872
f 859//859 872//872 871//871
f 860//860 861//861 873//873
f 860//860 873//873 872//872
f 861//861 862//862 874//874
f 861//861 874//874 873//873
f 862//862 863//863 875//875
f 862//862 875//875 874//874
f 863//863 864//864 876//876
f 863//863 876//876 875//875
f 864//864 865//865 877//877
f 864//864 877//877 876//876
f 865//865 866//866 878//878
f 865//865 878//878 877//877
f 866//866 867//867 879//879
f 866//866 879//879 878//878
f 867//867 868//868 880//880
f 867//867 880//880 879//879
f 868//868 869//869 881//881
f 868//868 881//881 880//880
f 869//869 858//858 870//870
f 869//869 870//870 881//881
f 870//870 871//871 883//883
f 870//870 883//883 882//882
f 871//871 872//872 884//884
f 871//871 884//884 883//883
f 872//872 873//873 885//885
f 872//872 885//885 884//884
f 873//873 874//874 886//886
f 873//873 886//886 885//885
f 874//874 875//875 887//887
f 874//874 887//887 886//886
f 875//875 876//876 888//888
f 875//875 888//888 887//887
f 876//876 877//877 889//889
f 876//876 889//889 888//888
f 877//877 878//878 890//890
f 877//877 890//890 889//889
f 878//878 879//879 891//891
f 878//878 891//891 890//890
f 879//879 880//880 892//892
f 879//879 892//892 891//891
f 880//880 881//881 893//893
f 880//880 893//893 892//892
f 881//881 870//870 882//882
f 881//881 882//882 893//893
f 882//882 883//883 895//895
f 882//882 895//895 894//894
f 883//883 884//884 896//896
f 883//883 896//896 895//895
f 884//884 885//885 897//897
f 884//884 897//897 896//896
f 885//885 886//886 898//898
f 885//885 898//898 897//897
f 886//886 887//887 899//899
f 886//886 899//899 898//898
f 887//887 888//888 900//900
f 887//887 900//900 899//899
f 888//888 889//889 901//901
f 888//888 901//901 900//900
f 889//889 890//890 902//902
f 889//889 902//902 901//901
f 890//890 891//891 903//903
f 890//890 903//903 902//902
f 891//891 892//892 904//904
f 891//891 904//904 903//903
f 892//892 893//893 905//905
f 892//892 905//905 904//904
f 893//893 882//882 894//894
f 893//893 894//894 905//905
f 894//894 895//895 907//907
f 894//894 907//907 906//906
f 895//895 896//896 908//908
f 895//895 908//908 907//907
f 896//896 897//897 909//909
f 896//896 909//909 908//908
f 897//897 898//898 910//910
f 897//897 910//910 909//909
f 898//898 899//899 911//911
f 898//898 911//911 910//910
f 899//899 900//900 912//912
f 899//899 912//912 911//911
f 900//900 901//901 913//913
f 900//900 913//913 912//912
f 901//901 902//902 914//914
f 901//901 914//914 913//913
f 902//902 903//903 915//915
f 902//902 915//915 914//914
f 903//903 904//904 916//916
f 903//903 916//916 915//915
f 904//904 905//905 917//917
f 904//904 917//917 916//916
f 905//905 894//894 906//906
f 905//905 906//906 917//917
f 918//918 810//810 811//811
f 918//918 811//811 812//812
f 918//918 812//812 813//813
f 918//918 813//813 814//814
f 918//918 814//814 815//815
f 918//918 815//815 816//816
f 918//918 816//816 817//817
f 918//918 817//817 818//818
f 918//918 818//818 819//819
f 918//918 819//819 820//820
f 918//918 820//820 821//821
f 918//918 821//821 810//810
f 919//919 907//907 906//906
f 919//919 908//908 907//907
f 919//919 909//909 908//908
f 919//919 910//910 909//909
f 919//919 911//911 910//910
f 919//919 912//912 911//911
f 919//919 913//913 912//912
f 919//919 914//914 913//913
f 919//919 915//915 914//914
f 919//919 916//916 915//915
f 919//919 917//917 916//916
f 919//919 906//906 917//917
f 920//920 921//921 933//933
f 920//920 933//933 932//932
f 921//921 922//922 934//934
f 921//921 934//934 933//933
f 922//922 923//923 935//935
f 922//922 935//935 934//934
f 923//923 924//924 936//936
f 923//923 936//936 935//935
f 924//924 925//925 937//937
f 924//924 937//937 936//936
f 925//925 926//926 938//938
f 925//925 938//938 937//937
f 926//926 927//927 939//939
f 926//926 939//939 938//938
f 927//927 928//928 940//940
f 927//927 940//940 939//939
f 928//928 929//929 941//941
f 928//928 941//941 940//940
f 929//929 930//930 942//942
f 929//929 942//942 941//941
f 930//930 931//931 943//943
f 930//930 943//943 942//942
f 931//931 920//920 932//932
f 931//931 932//932 943//943
f 932//932 933//933 945//945
f 932//932 945//945 944//944
f 933//933 934//934 946//946
f 933//933 946//946 945//945
f 934//934 935//935 947//947
f 934//934 947//947 946//946
f 935//935 936//936 948//948
f 935//935 948//948 947//947
f 936//936 937//937 949//949
f 936//936 949//949 948//948
f 937//937 938//938 950//950
f 937//937 950//950 949//949
f 938//938 939//939 951//951
f 938//938 951//951 950//950
f 939//939 940//940 952//952
f 939//939 952//952 951//951
f 940//940 941//941 953//953
f 940//940 953//953 952//952
f 941//941 942//942 954//954
f 941//941 954//954 953//953
f 942//942 943//943 955//955
f 942//942 955//955 954//954
f 943//943 932//932 944//944
f 943//943 944//944 955//955
f 956//956 920//920 921//921
f 956//956 921//921 922//922
f 956//956 922//922 923//923
f 956//956 923//923 924//924
f 956//956 924//924 925//925
f 956//956 925//925 926//926
f 956//956 926//926 927//927
f 956//956 927//927 928//928
f 956//956 928//928 929//929
f 956//956 929//929 930//930
f 956//956 930//930 931//931
f 956//956 931//931 920//920
f 957//957 945//945 944//944
f 957//957 946//946 945//945
f 957//957 947//947 946//946
f 957//957 948//948 947//947
f 957//957 949//949 948//948
f 957//957 950//950 949//949
f 957//957 951//951 950//950
f 957//957 952//952 951//951
f 957//957 953//953 952//952
f 957//957 954//954 953//953
f 957//957 955//955 954//954
f 957//957 944//944 955//955
f 958//958 959//959 967//967
f 958//958 967//967 966//966
f 959//959 960//960 968//968
f 959//959 968//968 967//967
f 960//960 961//961 969//969
f 960//960 969//969 968//968
f 961//961 962//962 970//970
f 961//961 970//970 969//969
f 962//962 963//963 971//971
f 962//962 971//971 970//970
f 963//963 964//964 972//972
f 963//963 972//972 971//971
f 964//964 965//965 973//973
f 964//964 973//973 972//972
f 965//965 958//958 966//966
f 965//965 966//966 973//973
f 966//966 967//967 975//975
f 966//966 975//975 974//974
f 967//967 968//968 976//976
f 967//967 976//976 975//975
f 968//968 969//969 977//977
f 968//968 977//977 976//976
f 969//969 970//970 978//978
f 969//969 978//978 977//977
f 970//970 971//971 979//979
f 970//970 979//979 978//978
f 971//971 972//972 980//980
f 971//971 980//980 979//979
f 972//972 973//973 981//981
f 972//972 981//981 980//980
f 973//973 966//966 974//974
f 973//973 974//974 981//981
f 982//982 958//958 959//959
f 982//982 959//959 960//960
f 982//982 960//960 961//961
f 982//982 961//961 962//962
f 982//982 962//962 963//963
f 982//982 963//963 964//964
f 982//982 964//964 965//965
f 982//982 965//965 958//958
f 983//983 975//975 974//974
f 983//983 976//976 975//975
f 983//983 977//977 976//976
f 983//983 978//978 977//977
f 983//983 979//979 978//978
f 983//983 980//980 979//979
f 983//983 981//981 980//980
f 983//983 974//974 981//981
f 984//984 985//985 991//991
f 984//984 991//991 990//990
f 985//985 986//986 992//992
f 985//985 992//992 991//991
f 986//986 987//987 993//993
f 986//986 993//993 992//992
f 987//987 988//988 994//994
f 987//987 994//994 993//993
f 988//988 989//989 995//995
f 988//988 995//995 994//994
f 989//989 984//984 990//990
f 989//989 990//990 995//995
f 990//990 991//991 997//997
f 990//990 997//997 996//996
f 991//991 992//992 998//998
f 991//991 998//998 997//997
f 992//992 993//993 999//999
f 992//992 999//999 998//998
f 993//993 994//994 1000//1000
f 993//993 1000//1000 999//999
f 994//994 995//995 1001//1001
f 994//994 1001//1001 1000//1000
f 995//995 990//990 996//996
f 995//995 996//996 1001//1001
f 996//996 997//997 1003//1003
f 996//996 1003//1003 1002//1002
f 997//997 998//998 1004//1004
f 997//997 1004//1004 1003//1003
f 998//998 999//999 1005//1005
f 998//998 1005//1005 1004//1004
f 999//999 1000//1000 1006//1006
f 999//999 1006//1006 1005//1005
f 1000//1000 1001//1001 1007//1007
f 1000//1000 1007//1007 1006//1006
f 1001//1001 996//996 1002//1002
f 1001//1001 1002//1002 1007//1007
f 1002//1002 1003//1003 1009//1009
f 1002//1002 1009//1009 1008//1008
f 1003//1003 1004//1004 1010//1010
f 1003//1003 1010//1010 1009//1009
f 1004//1004 1005//1005 1011//1011
f 1004//1004 1011//1011 1010//1010
f 1005//1005 1006//1006 1012//1012
f 1005//1005 1012//1012 1011//1011
f 1006//1006 1007//1007 1013//1013
f 1006//1006 1013//1013 1012//1012
f 1007//1007 1002//1002 1008//1008
f 1007//1007 1008//1008 1013//1013
f 1014//1014 984//984 985//985
f 1014//1014 985//985 986//986
f 1014//1014 986//986 987//987
f 1014//1014 987//987 988//988
f 1014//1014 988//988 989//989
f 1014//1014 989//989 984//984
f 1015//1015 1009//1009 1008//1008
f 1015//1015 1010//1010 1009//1009
f 1015//1015 1011//1011 1010//1010
f 1015//1015 1012//1012 1011//1011
f 1015//1015 1013//1013 1012//1012
f 1015//1015 1008//1008 1013//1013
f 1016//1016 1017//1017 1023//1023
f 1016//1016 1023//1023 1022//1022
f 1017//1017 1018//1018 1024//1024
f 1017//1017 1024//1024 1023//1023
f 1018//1018 1019//1019 1025//1025
f 1018//1018 1025//1025 1024//1024
f 1019//1019 1020//1020 1026//1026
f 1019//1019 1026//1026 1025//1025
f 1020//1020 1021//1021 1027//1027
f 1020//1020 1027//1027 1026//1026
f 1021//1021 1016//1016 1022//1022
f 1021//1021 1022//1022 1027//1027
f 1022//1022 1023//1023 1029//1029
f 1022//1022 1029//1029 1028//1028
f 1023//1023 1024//1024 1030//1030
f 1023//1023 1030//1030 1029//1029
f 1024//1024 1025//1025 1031//1031
f 1024//1024 1031//1031 1030//1030
f 1025//1025 1026//1026 1032//1032
f 1025//1025 1032//1032 1031//1031
f 1026//1026 1027//1027 1033//1033
f 1026//1026 1033//1033 1032//1032
f 1027//1027 1022//1022 1028//1028
f 1027//1027 1028//1028 1033//1033
f 1028//1028 1029//1029 1035//1035
f 1028//1028 1035//1035 1034//1034
f 1029//1029 1030//1030 1036//1036
f 1029//1029 1036//1036 1035//1035
f 1030//1030 1031//1031 1037//1037
f 1030//1030 1037//1037 1036//1036
f 1031//1031 1032//1032 1038//1038
f 1031//1031 1038//1038 1037//1037
f 1032//1032 1033//1033 1039//1039
f 1032//1032 1039//1039 1038//1038
f 1033//1033 1028//1028 1034//1034
f 1033//1033 1034//1034 1039//1039
f 1034//1034 1035//1035 1041//1041
f 1034//1034 1041//1041 1040//1040
f 1035//1035 1036//1036 1042//1042
f 1035//1035 1042//1042 1041//1041
f 1036//1036 1037//1037 1043//1043
f 1036//1036 1043//1043 1042//1042
f 1037//1037 1038//1038 1044//1044
f 1037//1037 1044//1044 1043//1043
f 1038//1038 1039//1039 1045//1045
f 1038//1038 1045//1045 1044//1044
f 1039//1039 1034//1034 1040//1040
f 1039//1039 1040//1040 1045//1045
f 1046//1046 1016//1016 1017//1017
f 1046//1046 1017//1017 1018//1018
f 1046//1046 1018//1018 1019//1019
f 1046//1046 1019//1019 1020//1020
f 1046//1046 1020//1020 1021//1021
f 1046//1046 1021//1021 1016//1016
f 1047//1047 1041//1041 1040//1040
f 1047//1047 1042//1042 1041//1041
f 1047//1047 1043//1043 1042//1042
f 1047//1047 1044//1044 1043//1043
f 1047//1047 1045//1045 1044//1044
f 1047//1047 1040//1040 1045//1045
f 1048//1048 1049//1049 1055//1055
f 1048//1048 1055//1055 1054//1054
f 1049//1049 1050//1050 1056//1056
f 1049//1049 1056//1056 1055//1055
f 1050//1050 1051//1051 1057//1057
f 1050//1050 1057//1057 1056//1056
f 1051//1051 1052//1052 1058//1058
f 1051//1051 1058//1058 1057//1057
f 1052//1052 1053//1053 1059//1059
f 1052//1052 1059//1059 1058//1058
f 1053//1053 1048//1048 1054//1054
f 1053//1053 1054//1054 1059//1059
f 1054//1054 1055//1055 1061//1061
f 1054//1054 1061//1061 1060//1060
f 1055//1055 1056//1056 1062//1062
f 1055//1055 1062//1062 1061//1061
f 1056//1056 1057//1057 1063//1063
f 1056//1056 1063//1063 1062//1062
f 1057//1057 1058//1058 1064//1064
f 1057//1057 1064//1064 1063//1063
f 1058//1058 1059//1059 1065//1065
f 1058//1058 1065//1065 1064//1064
f 1059//1059 1054//1054 1060//1060
f 1059//1059 1060//1060 1065//1065
f 1060//1060 1061//1061 1067//1067
f 1060//1060 1067//1067 1066//1066
f 1061//1061 1062//1062 1068//1068
f 1061//1061 1068//1068 1067//1067
f 1062//1062 1063//1063 1069//1069
f 1062//1062 1069//1069 1068//1068
f 1063//1063 1064//1064 1070//1070
f 1063//1063 1070//1070 1069//1069
f 1064//1064 1065//1065 1071//1071
f 1064//1064 1071//1071 1070//1070
f 1065//1065 1060//1060 1066//1066
f 1065//1065 1066//1066 1071//1071
f 1066//1066 1067//1067 1073//1073
f 1066//1066 1073//1073 1072//1072
f 1067//1067 1068//1068 1074//1074
f 1067//1067 1074//1074 1073//1073
f 1068//1068 1069//1069 1075//1075
f 1068//1068 1075//1075 1074//1074
f 1069//1069 1070//1070 1076//1076
f 1069//1069 1076//1076 1075//1075
f 1070//1070 1071//1071 1077//1077
f 1070//1070 1077//1077 1076//1076
f 1071//1071 1066//1066 1072//1072
f 1071//1071 1072//1072 1077//1077
f 1078//1078 1048//1048 1049//1049
f 1078//1078 1049//1049 1050//1050
f 1078//1078 1050//1050 1051//1051
f 1078//1078 1051//1051 1052//1052
f 1078//1078 1052//1052 1053//1053
f 1078//1078 1053//1053 1048//1048
f 1079//1079 1073//1073 1072//1072
f 1079//1079 1074//1074 1073//1073
f 1079//1079 1075//1075 1074//1074
f 1079//1079 1076//1076 1075//1075
f 1079//1079 1077//1077 1076//1076
f 1079//1079 1072//1072 1077//1077
f 1080//1080 1081//1081 1087//1087
f 1080//1080 1087//1087 1086//1086
f 1081//1081 1082//1082 1088//1088
f 1081//1081 1088//1088 1087//1087
f 1082//1082 1083//1083 1089//1089
f 1082//1082 1089//1089 1088//1088
f 1083//1083 1084//1084 1090//1090
f 1083//1083 1090//1090 1089//1089
f 1084//1084 1085//1085 1091//1091
f 1084//1084 1091//1091 1090//1090
f 1085//1085 1080//1080 1086//1086
f 1085//1085 1086//1086 1091//1091
f 1086//1086 1087//1087 1093//1093
f 1086//1086 1093//1093 1092//1092
f 1087//1087 1088//1088 1094//1094
f 1087//1087 1094//1094 1093//1093
f 1088//1088 1089//1089 1095//1095
f 1088//1088 1095//1095 1094//1094
f 1089//1089 1090//1090 1096//1096
f 1089//1089 1096//1096 1095//1095
f 1090//1090 1091//1091 1097//1097
f 1090//1090 1097//1097 1096//1096
f 1091//1091 1086//1086 1092//1092
f 1091//1091 1092//1092 1097//1097
f 1092//1092 1093//1093 1099//1099
f 1092//1092 1099//1099 1098//1098
f 1093//1093 1094//1094 1100//1100
f 1093//1093 1100//1100 1099//1099
f 1094//1094 1095//1095 1101//1101
f 1094//1094 1101//1101 1100//1100
f 1095//1095 1096//1096 1102//1102
f 1095//1095 1102//1102 1101//1101
f 1096//1096 1097//1097 1103//1103
f 1096//1096 1103//1103 1102//1102
f 1097//1097 1092//1092 1098//1098
f 1097//1097 1098//1098 1103//1103
f 1098//1098 1099//1099 1105//1105
f 1098//1098 1105//1105 1104//1104
f 1099//1099 1100//1100 1106//1106
f 1099//1099 1106//1106 1105//1105
f 1100//1100 1101//1101 1107//1107
f 1100//1100 1107//1107 1106//1106
f 1101//1101 1102//1102 1108//1108
f 1101//1101 1108//1108 1107//1107
f 1102//1102 1103//1103 1109//1109
f 1102//1102 1109//1109 1108//1108
f 1103//1103 1098//1098 1104//1104
f 1103//1103 1104//1104 1109//1109
f 1110//1110 1080//1080 1081//1081
f 1110//1110 1081//1081 1082//1082
f 1110//1110 1082//1082 1083//1083
f 1110//1110 1083//1083 1084//1084
f 1110//1110 1084//1084 1085//1085
f 1110//1110 1085//1085 1080//1080
f 1111//1111 1105//1105 1104//1104
f 1111//1111 1106//1106 1105//1105
f 1111//1111 1107//1107 1106//1106
f 1111//1111 1108//1108 1107//1107
f 1111//1111 1109//1109 1108//1108
f 1111//1111 1104//1104 1109//1109
f 1112//1112 1113//1113 1125//1125
f 1112//1112 1125//1125 1124//1124
f 1113//1113 1114//1114 1126//1126
f 1113//1113 1126//1126 1125//1125
f 1114//1114 1115//1115 1127//1127
f 1114//1114 1127//1127 1126//1126
f 1115//1115 1116//1116 1128//1128
f 1115//1115 1128//1128 1127//1127
f 1116//1116 1117//1117 1129//1129
f 1116//1116 1129//1129 1128//1128
f 1117//1117 1118//1118 1130//1130
f 1117//1117 1130//1130 1129//1129
f 1118//1118 1119//1119 1131//1131
f 1118//1118 1131//1131 1130//1130
f 1119//1119 1120//1120 1132//1132
f 1119//1119 1132//1132 1131//1131
f 1120//1120 1121//1121 1133//1133
f 1120//1120 1133//1133 1132//1132
f 1121//1121 1122//1122 1134//1134
f 1121//1121 1134//1134 1133//1133
f 1122//1122 1123//1123 1135//1135
f 1122//1122 1135//1135 1134//1134
f 1123//1123 1112//1112 1124//1124
f 1123//1123 1124//1124 1135//1135
f 1124//1124 1125//1125 1137//1137
f 1124//1124 1137//1137 1136//1136
f 1125//1125 1126//1126 1138//1138
f 1125//1125 1138//1138 1137//1137
f 1126//1126 1127//1127 1139//1139
f 1126//1126 1139//1139 1138//1138
f 1127//1127 1128//1128 1140//1140
f 1127//1127 1140//1140 1139//1139
f 1128//1128 1129//1129 1141//1141
f 1128//1128 1141//1141 1140//1140
f 1129//1129 1130//1130 1142//1142
f 1129//1129 1142//1142 1141//1141
f 1130//1130 1131//1131 1143//1143
f 1130//1130 1143//1143 1142//1142
f 1131//1131 1132//1132 1144//1144
f 1131//1131 1144//1144 1143//1143
f 1132//1132 1133//1133 1145//1145
f 1132//1132 1145//1145 1144//1144
f 1133//1133 1134//1134 1146//1146
f 1133//1133 1146//1146 1145//1145
f 1134//1134 1135//1135 1147//1147
f 1134//1134 1147//1147 1146//1146
f 1135//1135 1124//1124 1136//1136
f 1135//1135 1136//1136 1147//1147
f 1136//1136 1137//1137 1149//1149
f 1136//1136 1149//1149 1148//1148
f 1137//1137 1138//1138 1150//1150
f 1137//1137 1150//1150 1149//1149
f 1138//1138 1139//1139 1151//1151
f 1138//1138 1151//1151 1150//1150
f 1139//1139 1140//1140 1152//1152
f 1139//1139 1152//1152 1151//1151
f 1140//1140 1141//1141 1153//1153
f 1140//1140 1153//1153 1152//1152
f 1141//1141 1142//1142 1154//1154
f 1141//1141 1154//1154 1153//1153
f 1142//1142 1143//1143 1155//1155
f 1142//1142 1155//1155 1154//1154
f 1143//1143 1144//1144 1156//1156
f 1143//1143 1156//1156 1155//1155
f 1144//1144 1145//1145 1157//1157
f 1144//1144 1157//1157 1156//1156
f 1145//1145 1146//1146 1158//1158
f 1145//1145 1158//1158 1157//1157
f 1146//1146 1147//1147 1159//1159
f 1146//1146 1159//1159 1158//1158
f 1147//1147 1136//1136 1148//1148
f 1147//1147 1148//1148 1159//1159
f 1148//1148 1149//1149 1161//1161
f 1148//1148 1161//1161 1160//1160
f 1149//1149 1150//1150 1162//1162
f 1149//1149 1162//1162 1161//1161
f 1150//1150 1151//1151 1163//1163
f 1150//1150 1163//1163 1162//1162
f 1151//1151 1152//1152 1164//1164
f 1151//1151 1164//1164 1163//1163
f 1152//1152 1153//1153 1165//1165
f 1152//1152 1165//1165 1164//1164
f 1153//1153 1154//1154 1166//1166
f 1153//1153 1166//1166 1165//1165
f 1154//1154 1155//1155 1167//1167
f 1154//1154 1167//1167 1166//1166
f 1155//1155 1156//1156 1168//1168
f 1155//1155 1168//1168 1167//1167
f 1156//1156 1157//1157 1169//1169
f 1156//1156 1169//1169 1168//1168
f 1157//1157 1158//1158 1170//1170
f 1157//1157 1170//1170 1169//1169
f 1158//1158 1159//1159 1171//1171
f 1158//1158 1171//1171 1170//1170
f 1159//1159 1148//1148 1160//1160
f 1159//1159 1160//1160 1171//1171
f 1160//1160 1161//1161 1173//1173
f 1160//1160 1173//1173 1172//1172
f 1161//1161 1162//1162 1174//1174
f 1161//1161 1174//1174 1173//1173
f 1162//1162 1163//1163 1175//1175
f 1162//1162 1175//1175 1174//1174
f 1163//1163 1164//1164 1176//1176
f 1163//1163 1176//1176 1175//1175
f 1164//1164 1165//1165 1177//1177
f 1164//1164 1177//1177 1176//1176
f 1165//1165 1166//1166 1178//1178
f 1165//1165 1178//1178 1177//1177
f 1166//1166 1167//1167 1179//1179
f 1166//1166 1179//1179 1178//1178
f 1167//1167 1168//1168 1180//1180
f 1167//1167 1180//1180 1179//1179
f 1168//1168 1169//1169 1181//1181
f 1168//1168 1181//1181 1180//1180
f 1169//1169 1170//1170 1182//1182
f 1169//1169 1182//1182 1181//1181
f 1170//1170 1171//1171 1183//1183
f 1170//1170 1183//1183 1182//1182
f 1171//1171 1160//1160 1172//1172
f 1171//1171 1172//1172 1183//1183
f 1172//1172 1173//1173 1185//1185
f 1172//1172 1185//1185 1184//1184
f 1173//1173 1174//1174 1186//1186
f 1173//1173 1186//1186 1185//1185
f 1174//1174 1175//1175 1187//1187
f 1174//1174 1187//1187 1186//1186
f 1175//1175 1176//1176 1188//1188
f 1175//1175 1188//1188 1187//1187
f 1176//1176 1177//1177 1189//1189
f 1176//1176 1189//1189 1188//1188
f 1177//1177 1178//1178 1190//1190
f 1177//1177 1190//1190 1189//1189
f 1178//1178 1179//1179 1191//1191
f 1178//1178 1191//1191 1190//1190
f 1179//1179 1180//1180 1192//1192
f 1179//1179 1192//1192 1191//1191
f 1180//1180 1181//1181 1193//1193
f 1180//1180 1193//1193 1192//1192
f 1181//1181 1182//1182 1194//1194
f 1181//1181 1194//1194 1193//1193
f 1182//1182 1183//1183 1195//1195
f 1182//1182 1195//1195 1194//1194
f 1183//1183 1172//1172 1184//1184
f 1183//1183 1184//1184 1195//1195
f 1184//1184 1185//1185 1197//1197
f 1184//1184 1197//1197 1196//1196
f 1185//1185 1186//1186 1198//1198
f 1185//1185 1198//1198 1197//1197
f 1186//1186 1187//1187 1199//1199
f 1186//1186 1199//1199 1198//1198
f 1187//1187 1188//1188 1200//1200
f 1187//1187 1200//1200 1199//1199
f 1188//1188 1189//1189 1201//1201
f 1188//1188 1201//1201 1200//1200
f 1189//1189 1190//1190 1202//1202
f 1189//1189 1202//1202 1201//1201
f 1190//1190 1191//1191 1203//1203
f 1190//1190 1203//1203 1202//1202
f 1191//1191 1192//1192 1204//1204
f 1191//1191 1204//1204 1203//1203
f 1192//1192 1193//1193 1205//1205
f 1192//1192 1205//1205 1204//1204
f 1193//1193 1194//1194 1206//1206
f 1193//1193 1206//1206 1205//1205
f 1194//1194 1195//1195 1207//1207
f 1194//1194 1207//1207 1206//1206
f 1195//1195 1184//1184 1196//1196
f 1195//1195 1196//1196 1207//1207
f 1196//1196 1197//1197 1209//1209
f 1196//1196 1209//1209 1208//1208
f 1197//1197 1198//1198 1210//1210
f 1197//1197 1210//1210 1209//1209
f 1198//1198 1199//1199 1211//1211
f 1198//1198 1211//1211 1210//1210
f 1199//1199 1200//1200 1212//1212
f 1199//1199 1212//1212 1211//1211
f 1200//1200 1201//1201 1213//1213
f 1200//1200 1213//1213 1212//1212
f 1201//1201 1202//1202 1214//1214
f 1201//1201 1214//1214 1213//1213
f 1202//1202 1203//1203 1215//1215
f 1202//1202 1215//1215 1214//1214
f 1203//1203 1204//1204 1216//1216
f 1203//1203 1216//1216 1215//1215
f 1204//1204 1205//1205 1217//1217
f 1204//1204 1217//1217 1216//1216
f 1205//1205 1206//1206 1218//1218
f 1205//1205 1218//1218 1217//1217
f 1206//1206 1207//1207 1219//1219
f 1206//1206 1219//1219 1218//1218
f 1207//1207 1196//1196 1208//1208
f 1207//1207 1208//1208 1219//1219
f 1220//1220 1112//1112 1113//1113
f 1220//1220 1113//1113 1114//1114
f 1220//1220 1114//1114 1115//1115
f 1220//1220 1115//1115 1116//1116
f 1220//1220 1116//1116 1117//1117
f 1220//1220 1117//1117 1118//1118
f 1220//1220 1118//1118 1119//1119
f 1220//1220 1119//1119 1120//1120
f 1220//1220 1120//1120 1121//1121
f 1220//1220 1121//1121 1122//1122
f 1220//1220 1122//1122 1123//1123
f 1220//1220 1123//1123 1112//1112
f 1221//1221 1209//1209 1208//1208
f 1221//1221 1210//1210 1209//1209
f 1221//1221 1211//1211 1210//1210
f 1221//1221 1212//1212 1211//1211
f 1221//1221 1213//1213 1212//1212
f 1221//1221 1214//1214 1213//1213
f 1221//1221 1215//1215 1214//1214
f 1221//1221 1216//1216 1215//1215
f 1221//1221 1217//1217 1216//1216
f 1221//1221 1218//1218 1217//1217
f 1221//1221 1219//1219 1218//1218
f 1221//1221 1208//1208 1219//1219
f 1222//1222 1223//1223 1235//1235
f 1222//1222 1235//1235 1234//1234
f 1223//1223 1224//1224 1236//1236
f 1223//1223 1236//1236 1235//1235
f 1224//1224 1225//1225 1237//1237
f 1224//1224 1237//1237 1236//1236
f 1225//1225 1226//1226 1238//1238
f 1225//1225 1238//1238 1237//1237
f 1226//1226 1227//1227 1239//1239
f 1226//1226 1239//1239 1238//1238
f 1227//1227 1228//1228 1240//1240
f 1227//1227 1240//1240 1239//1239
f 1228//1228 1229//1229 1241//1241
f 1228//1228 1241//1241 1240//1240
f 1229//1229 1230//1230 1242//1242
f 1229//1229 1242//1242 1241//1241
f 1230//1230 1231//1231 1243//1243
f 1230//1230 1243//1243 1242//1242
f 1231//1231 1232//1232 1244//1244
f 1231//1231 1244//1244 1243//1243
f 1232//1232 1233//1233 1245//1245
f 1232//1232 1245//1245 1244//1244
f 1233//1233 1222//1222 1234//1234
f 1233//1233 1234//1234 1245//1245
f 1234//1234 1235//1235 1247//1247
f 1234//1234 1247//1247 1246//1246
f 1235//1235 1236//1236 1248//1248
f 1235//1235 1248//1248 1247//1247
f 1236//1236 1237//1237 1249//1249
f 1236//1236 1249//1249 1248//1248
f 1237//1237 1238//1238 1250//1250
f 1237//1237 1250//1250 1249//1249
f 1238//1238 1239//1239 1251//1251
f 1238//1238 1251//1251 1250//1250
f 1239//1239 1240//1240 1252//1252
f 1239//1239 1252//1252 1251//1251
f 1240//1240 1241//1241 1253//1253
f 1240//1240 1253//1253 1252//1252
f 1241//1241 1242//1242 1254//1254
f 1241//1241 1254//1254 1253//1253
f 1242//1242 1243//1243 1255//1255
f 1242//1242 1255//1255 1254//1254
f 1243//1243 1244//1244 1256//1256
f 1243//1243 1256//1256 1255//1255
f 1244//1244 1245//1245 1257//1257
f 1244//1244 1257//1257 1256//1256
f 1245//1245 1234//1234 1246//1246
f 1245//1245 1246//1246 1257//1257
f 1258//1258 1222//1222 1223//1223
f 1258//1258 1223//1223 1224//1224
f 1258//1258 1224//1224 1225//1225
f 1258//1258 1225//1225 1226//1226
f 1258//1258 1226//1226 1227//1227
f 1258//1258 1227//1227 1228//1228
f 1258//1258 1228//1228 1229//1229
f 1258//1258 1229//1229 1230//1230
f 1258//1258 1230//1230 1231//1231
f 1258//1258 1231//1231 1232//1232
f 1258//1258 1232//1232 1233//1233
f 1258//1258 1233//1233 1222//1222
f 1259//1259 1247//1247 1246//1246
f 1259//1259 1248//1248 1247//1247
f 1259//1259 1249//1249 1248//1248
f 1259//1259 1250//1250 1249//1249
f 1259//1259 1251//1251 1250//1250
f 1259//1259 1252//1252 1251//1251
f 1259//1259 1253//1253 1252//1252
f 1259//1259 1254//1254 1253//1253
f 1259//1259 1255//1255 1254//1254
f 1259//1259 1256//1256 1255//1255
f 1259//1259 1257//1257 1256//1256
f 1259//1259 1246//1246 1257//1257
f 1260//1260 1261//1261 1269//1269
f 1260//1260 1269//1269 1268//1268
f 1261//1261 1262//1262 1270//1270
f 1261//1261 1270//1270 1269//1269
f 1262//1262 1263//1263 1271//1271
f 1262//1262 1271//1271 1270//1270
f 1263//1263 1264//1264 1272//1272
f 1263//1263 1272//1272 1271//1271
f 1264//1264 1265//1265 1273//1273
f 1264//1264 1273//1273 1272//1272
f 1265//1265 1266//1266 1274//1274
f 1265//1265 1274//1274 1273//1273
f 1266//1266 1267//1267 1275//1275
f 1266//1266 1275//1275 1274//1274
f 1267//1267 1260//1260 1268//1268
f 1267//1267 1268//1268 1275//1275
f 1268//1268 1269//1269 1277//1277
f 1268//1268 1277//1277 1276//1276
f 1269//1269 1270//1270 1278//1278
f 1269//1269 1278//1278 1277//1277
f 1270//1270 1271//1271 1279//1279
f 1270//1270 1279//1279 1278//1278
f 1271//1271 1272//1272 1280//1280
f 1271//1271 1280//1280 1279//1279
f 1272//1272 1273//1273 1281//1281
f 1272//1272 1281//1281 1280//1280
f 1273//1273 1274//1274 1282//1282
f 1273//1273 1282//1282 1281//1281
f 1274//1274 1275//1275 1283//1283
f 1274//1274 1283//1283 1282//1282
f 1275//1275 1268//1268 1276//1276
f 1275//1275 1276//1276 1283//1283
f 1284//1284 1260//1260 1261//1261
f 1284//1284 1261//1261 1262//1262
f 1284//1284 1262//1262 1263//1263
f 1284//1284 1263//1263 1264//1264
f 1284//1284 1264//1264 1265//1265
f 1284//1284 1265//1265 1266//1266
f 1284//1284 1266//1266 1267//1267
f 1284//1284 1267//1267 1260//1260
f 1285//1285 1277//1277 1276//1276
f 1285//1285 1278//1278 1277//1277
f 1285//1285 1279//1279 1278//1278
f 1285//1285 1280//1280 1279//1279
f 1285//1285 1281//1281 1280//1280
f 1285//1285 1282//1282 1281//1281
f 1285//1285 1283//1283 1282//1282
f 1285//1285 1276//1276 1283//1283
f 1286//1286 1287//1287 1293//1293
f 1286//1286 1293//1293 1292//1292
f 1287//1287 1288//1288 1294//1294
f 1287//1287 1294//1294 1293//1293
f 1288//1288 1289//1289 1295//1295
f 1288//1288 1295//1295 1294//1294
f 1289//1289 1290//1290 1296//1296
f 1289//1289 1296//1296 1295//1295
f 1290//1290 1291//1291 1297//1297
f 1290//1290 1297//1297 1296//1296
f 1291//1291 1286//1286 1292//1292
f 1291//1291 1292//1292 1297//1297
f 1292//1292 1293//1293 1299//1299
f 1292//1292 1299//1299 1298//1298
f 1293//1293 1294//1294 1300//1300
f 1293//1293 1300//1300 1299//1299
f 1294//1294 1295//1295 1301//1301
f 1294//1294 1301//1301 1300//1300
f 1295//1295 1296//1296 1302//1302
f 1295//1295 1302//1302 1301//1301
f 1296//1296 1297//1297 1303//1303
f 1296//1296 1303//1303 1302//1302
f 1297//1297 1292//1292 1298//1298
f 1297//1297 1298//1298 1303//1303
f 1298//1298 1299//1299 1305//1305
f 1298//1298 1305//1305 1304//1304
f 1299//1299 1300//1300 1306//1306
f 1299//1299 1306//1306 1305//1305
f 1300//1300 1301//1301 1307//1307
f 1300//1300 1307//1307 1306//1306
f 1301//1301 1302//1302 1308//1308
f 1301//1301 1308//1308 1307//1307
f 1302//1302 1303//1303 1309//1309
f 1302//1302 1309//1309 1308//1308
f 1303//1303 1298//1298 1304//1304
f 1303//1303 1304//1304 1309//1309
f 1304//1304 1305//1305 1311//1311
f 1304//1304 1311//1311 1310//1310
f 1305//1305 1306//1306 1312//1312
f 1305//1305 1312//1312 1311//1311
f 1306//1306 1307//1307 1313//1313
f 1306//1306 1313//1313 1312//1312
f 1307//1307 1308//1308 1314//1314
f 1307//1307 1314//1314 1313//1313
f 1308//1308 1309//1309 1315//1315
f 1308//1308 1315//1315 1314//1314
f 1309//1309 1304//1304 1310//1310
f 1309//1309 1310//1310 1315//1315
f 1316//1316 1286//1286 1287//1287
f 1316//1316 1287//1287 1288//1288
f 1316//1316 1288//1288 1289//1289
f 1316//1316 1289//1289 1290//1290
f 1316//1316 1290//1290 1291//1291
f 1316//1316 1291//1291 1286//1286
f 1317//1317 1311//1311 1310//1310
f 1317//1317 1312//1312 1311//1311
f 1317//1317 1313//1313 1312//1312
f 1317//1317 1314//1314 1313//1313
f 1317//1317 1315//1315 1314//1314
f 1317//1317 1310//1310 1315//1315
f 1318//1318 1319//1319 1325//1325
f 1318//1318 1325//1325 1324//1324
f 1319//1319 1320//1320 1326//1326
f 1319//1319 1326//1326 1325//1325
f 1320//1320 1321//1321 1327//1327
f 1320//1320 1327//1327 1326//1326
f 1321//1321 1322//1322 1328//1328
f 1321//1321 1328//1328 1327//1327
f 1322//1322 1323//1323 1329//1329
f 1322//1322 1329//1329 1328//1328
f 1323//1323 1318//1318 1324//1324
f 1323//1323 1324//1324 1329//1329
f 1324//1324 1325//1325 1331//1331
f 1324//1324 1331//1331 1330//1330
f 1325//1325 1326//1326 1332//1332
f 1325//1325 1332//1332 1331//1331
f 1326//1326 1327//1327 1333//1333
f 1326//1326 1333//1333 1332//1332
f 1327//1327 1328//1328 1334//1334
f 1327//1327 1334//1334 1333//1333
f 1328//1328 1329//1329 1335//1335
f 1328//1328 1335//1335 1334//1334
f 1329//1329 1324//1324 1330//1330
f 1329//1329 1330//1330 1335//1335
f 1330//1330 1331//1331 1337//1337
f 1330//1330 1337//1337 1336//1336
f 1331//1331 1332//1332 1338//1338
f 1331//1331 1338//1338 1337//1337
f 1332//1332 1333//1333 1339//1339
f 1332//1332 1339//1339 1338//1338
f 1333//1333 1334//1334 1340//1340
f 1333//1333 1340//1340 1339//1339
f 1334//1334 1335//1335 1341//1341
f 1334//1334 1341//1341 1340//1340
f 1335//1335 1330//1330 1336//1336
f 1335//1335 1336//1336 1341//1341
f 1336//1336 1337//1337 1343//1343
f 1336//1336 1343//1343 1342//1342
f 1337//1337 1338//1338 1344//1344
f 1337//1337 1344//1344 1343//1343
f 1338//1338 1339//1339 1345//1345
f 1338//1338 1345//1345 1344//1344
f 1339//1339 1340//1340 1346//1346
f 1339//1339 1346//1346 1345//1345
f 1340//1340 1341//1341 1347//1347
f 1340//1340 1347//1347 1346//1346
f 1341//1341 1336//1336 1342//1342
f 1341//1341 1342//1342 1347//1347
f 1348//1348 1318//1318 1319//1319
f 1348//1348 1319//1319 1320//1320
f 1348//1348 1320//1320 1321//1321
f 1348//1348 1321//1321 1322//1322
f 1348//1348 1322//1322 1323//1323
f 1348//1348 1323//1323 1318//1318
f 1349//1349 1343//1343 1342//1342
f 1349//1349 1344//1344 1343//1343
f 1349//1349 1345//1345 1344//1344
f 1349//1349 1346//1346 1345//1345
f 1349//1349 1347//1347 1346//1346
f 1349//1349 1342//1342 1347//1347
f 1350//1350 1351//1351 1357//1357
f 1350//1350 1357//1357 1356//1356
f 1351//1351 1352//1352 1358//1358
f 1351//1351 1358//1358 1357//1357
f 1352//1352 1353//1353 1359//1359
f 1352//1352 1359//1359 1358//1358
f 1353//1353 1354//1354 1360//1360
f 1353//1353 1360//1360 1359//1359
f 1354//1354 1355//1355 1361//1361
f 1354//1354 1361//1361 1360//1360
f 1355//1355 1350//1350 1356//1356
f 1355//1355 1356//1356 1361//1361
f 1356//1356 1357//1357 1363//1363
f 1356//1356 1363//1363 1362//1362
f 1357//1357 1358//1358 1364//1364
f 1357//1357 1364//1364 1363//1363
f 1358//1358 1359//1359 1365//1365
f 1358//1358 1365//1365 1364//1364
f 1359//1359 1360//1360 1366//1366
f 1359//1359 1366//1366 1365//1365
f 1360//1360 1361//1361 1367//1367
f 1360//1360 1367//1367 1366//1366
f 1361//1361 1356//1356 1362//1362
f 1361//1361 1362//1362 1367//1367
f 1362//1362 1363//1363 1369//1369
f 1362//1362 1369//1369 1368//1368
f 1363//1363 1364//1364 1370//1370
f 1363//1363 1370//1370 1369//1369
f 1364//1364 1365//1365 1371//1371
f 1364//1364 1371//1371 1370//1370
f 1365//1365 1366//1366 1372//1372
f 1365//1365 1372//1372 1371//1371
f 1366//1366 1367//1367 1373//1373
f 1366//1366 1373//1373 1372//1372
f 1367//1367 1362//1362 1368//1368
f 1367//1367 1368//1368 1373//1373
f 1368//1368 1369//1369 1375//1375
f 1368//1368 1375//1375 1374//1374
f 1369//1369 1370//1370 1376//1376
f 1369//1369 1376//1376 1375//1375
f 1370//1370 1371//1371 1377//1377
f 1370//1370 1377//1377 1376//1376
f 1371//1371 1372//1372 1378//1378
f 1371//1371 1378//1378 1377//1377
f 1372//1372 1373//1373 1379//1379
f 1372//1372 1379//1379 1378//1378
f 1373//1373 1368//1368 1374//1374
f 1373//1373 1374//1374 1379//1379
f 1380//1380 1350//1350 1351//1351
f 1380//1380 1351//1351 1352//1352
f 1380//1380 1352//1352 1353//1353
f 1380//1380 1353//1353 1354//1354
f 1380//1380 1354//1354 1355//1355
f 1380//1380 1355//1355 1350//1350
f 1381//1381 1375//1375 1374//1374
f 1381//1381 1376//1376 1375//1375
f 1381//1381 1377//1377 1376//1376
f 1381//1381 1378//1378 1377//1377
f 1381//1381 1379//1379 1378//1378
f 1381//1381 1374//1374 1379//1379
f 1382//1382 1383//1383 1389//1389
f 1382//1382 1389//1389 1388//1388
f 1383//1383 1384//1384 1390//1390
f 1383//1383 1390//1390 1389//1389
f 1384//1384 1385//1385 1391//1391
f 1384//1384 1391//1391 1390//1390
f 1385//1385 1386//1386 1392//1392
f 1385//1385 1392//1392 1391//1391
f 1386//1386 1387//1387 1393//1393
f 1386//1386 1393//1393 1392//1392
f 1387//1387 1382//1382 1388//1388
f 1387//1387 1388//1388 1393//1393
f 1388//1388 1389//1389 1395//1395
f 1388//1388 1395//1395 1394//1394
f 1389//1389 1390//1390 1396//1396
f 1389//1389 1396//1396 1395//1395
f 1390//1390 1391//1391 1397//1397
f 1390//1390 1397//1397 1396//1396
f 1391//1391 1392//1392 1398//1398
f 1391//1391 1398//1398 1397//1397
f 1392//1392 1393//1393 1399//1399
f 1392//1392 1399//1399 1398//1398
f 1393//1393 1388//1388 1394//1394
f 1393//1393 1394//1394 1399//1399
f 1394//1394 1395//1395 1401//1401
f 1394//1394 1401//1401 1400//1400
f 1395//1395 1396//1396 1402//1402
f 1395//1395 1402//1402 1401//1401
f 1396//1396 1397//1397 1403//1403
f 1396//1396 1403//1403 1402//1402
f 1397//1397 1398//1398 1404//1404
f 1397//1397 1404//1404 1403//1403
f 1398//1398 1399//1399 1405//1405
f 1398//1398 1405//1405 1404//1404
f 1399//1399 1394//1394 1400//1400
f 1399//1399 1400//1400 1405//1405
f 1400//1400 1401//1401 1407//1407
f 1400//1400 1407//1407 1406//1406
f 1401//1401 1402//1402 1408//1408
f 1401//1401 1408//1408 1407//1407
f 1402//1402 1403//1403 1409//1409
f 1402//1402 1409//1409 1408//1408
f 1403//1403 1404//1404 1410//1410
f 1403//1403 1410//1410 1409//1409
f 1404//1404 1405//1405 1411//1411
f 1404//1404 1411//1411 1410//1410
f 1405//1405 1400//1400 1406//1406
f 1405//1405 1406//1406 1411//1411
f 1412//1412 1382//1382 1383//1383
f 1412//1412 1383//1383 1384//1384
f 1412//1412 1384//1384 1385//1385
f 1412//1412 1385//1385 1386//1386
f 1412//1412 1386//1386 1387//1387
f 1412//1412 1387//1387 1382//1382
f 1413//1413 1407//1407 1406//1406
f 1413//1413 1408//1408 1407//1407
f 1413//1413 1409//1409 1408//1408
f 1413//1413 1410//1410 1409//1409
f 1413//1413 1411//1411 1410//1410
f 1413//1413 1406//1406 1411//1411
f 1414//1414 1415//1415 1429//1429
f 1414//1414 1429//1429 1428//1428
f 1415//1415 1416//1416 1430//1430
f 1415//1415 1430//1430 1429//1429
f 1416//1416 1417//1417 1431//1431
f 1416//1416 1431//1431 1430//1430
f 1417//1417 1418//1418 1432//1432
f 1417//1417 1432//1432 1431//1431
f 1418//1418 1419//1419 1433//1433
f 1418//1418 1433//1433 1432//1432
f 1419//1419 1420//1420 1434//1434
f 1419//1419 1434//1434 1433//1433
f 1420//1420 1421//1421 1435//1435
f 1420//1420 1435//1435 1434//1434
f 1421//1421 1422//1422 1436//1436
f 1421//1421 1436//1436 1435//1435
f 1422//1422 1423//1423 1437//1437
f 1422//1422 1437//1437 1436//1436
f 1423//1423 1424//1424 1438//1438
f 1423//1423 1438//1438 1437//1437
f 1424//1424 1425//1425 1439//1439
f 1424//1424 1439//1439 1438//1438
f 1425//1425 1426//1426 1440//1440
f 1425//1425 1440//1440 1439//1439
f 1426//1426 1427//1427 1441//1441
f 1426//1426 1441//1441 1440//1440
f 1427//1427 1414//1414 1428//1428
f 1427//1427 1428//1428 1441//1441
f 1428//1428 1429//1429 1443//1443
f 1428//1428 1443//1443 1442//1442
f 1429//1429 1430//1430 1444//1444
f 1429//1429 1444//1444 1443//1443
f 1430//1430 1431//1431 1445//1445
f 1430//1430 1445//1445 1444//1444
f 1431//1431 1432//1432 1446//1446
f 1431//1431 1446//1446 1445//1445
f 1432//1432 1433//1433 1447//1447
f 1432//1432 1447//1447 1446//1446
f 1433//1433 1434//1434 1448//1448
f 1433//1433 1448//1448 1447//1447
f 1434//1434 1435//1435 1449//1449
f 1434//1434 1449//1449 1448//1448
f 1435//1435 1436//1436 1450//1450
f 1435//1435 1450//1450 1449//1449
f 1436//1436 1437//1437 1451//1451
f 1436//1436 1451//1451 1450//1450
f 1437//1437 1438//1438 1452//1452
f 1437//1437 1452//1452 1451//1451
f 1438//1438 1439//1439 1453//1453
f 1438//1438 1453//1453 1452//1452
f 1439//1439 1440//1440 1454//1454
f 1439//1439 1454//1454 1453//1453
f 1440//1440 1441//1441 1455//1455
f 1440//1440 1455//1455 1454//1454
f 1441//1441 1428//1428 1442//1442
f 1441//1441 1442//1442 1455//1455
f 1442//1442 1443//1443 1457//1457
f 1442//1442 1457//1457 1456//1456
f 1443//1443 1444//1444 1458//1458
f 1443//1443 1458//1458 1457//1457
f 1444//1444 1445//1445 1459//1459
f 1444//1444 1459//1459 1458//1458
f 1445//1445 1446//1446 1460//1460
f 1445//1445 1460//1460 1459//1459
f 1446//1446 1447//1447 1461//1461
f 1446//1446 1461//1461 1460//1460
f 1447//1447 1448//1448 1462//1462
f 1447//1447 1462//1462 1461//1461
f 1448//1448 1449//1449 1463//1463
f 1448//1448 1463//1463 1462//1462
f 1449//1449 1450//1450 1464//1464
f 1449//1449 1464//1464 1463//1463
f 1450//1450 1451//1451 1465//1465
f 1450//1450 1465//1465 1464//1464
f 1451//1451 1452//1452 1466//1466
f 1451//1451 1466//1466 1465//1465
f 1452//1452 1453//1453 1467//1467
f 1452//1452 1467//1467 1466//1466
f 1453//1453 1454//1454 1468//1468
f 1453//1453 1468//1468 1467//1467
f 1454//1454 1455//1455 1469//1469
f 1454//1454 1469//1469 1468//1468
f 1455//1455 1442//1442 1456//1456
f 1455//1455 1456//1456 1469//1469
f 1470//1470 1414//1414 1415//1415
f 1470//1470 1415//1415 1416//1416
f 1470//1470 1416//1416 1417//1417
f 1470//1470 1417//1417 1418//1418
f 1470//1470 1418//1418 1419//1419
f 1470//1470 1419//1419 1420//1420
f 1470//1470 1420//1420 1421//1421
f 1470//1470 1421//1421 1422//1422
f 1470//1470 1422//1422 1423//1423
f 1470//1470 1423//1423 1424//1424
f 1470//1470 1424//1424 1425//1425
f 1470//1470 1425//1425 1426//1426
f 1470//1470 1426//1426 1427//1427
f 1470//1470 1427//1427 1414//1414
f 1471//1471 1457//1457 1456//1456
f 1471//1471 1458//1458 1457//1457
f 1471//1471 1459//1459 1458//1458
f 1471//1471 1460//1460 1459//1459
f 1471//1471 1461//1461 1460//1460
f 1471//1471 1462//1462 1461//1461
f 1471//1471 1463//1463 1462//1462
f 1471//1471 1464//1464 1463//1463
f 1471//1471 1465//1465 1464//1464
f 1471//1471 1466//1466 1465//1465
f 1471//1471 1467//1467 1466//1466
f 1471//1471 1468//1468 1467//1467
f 1471//1471 1469//1469 1468//1468
f 1471//1471 1456//1456 1469//1469
f 1472//1472 1473//1473 1501//1501
f 1472//1472 1501//1501 1500//1500
f 1473//1473 1474//1474 1502//1502
f 1473//1473 1502//1502 1501//1501
f 1474//1474 1475//1475 1503//1503
f 1474//1474 1503//1503 1502//1502
f 1475//1475 1476//1476 1504//1504
f 1475//1475 1504//1504 1503//1503
f 1476//1476 1477//1477 1505//1505
f 1476//1476 1505//1505 1504//1504
f 1477//1477 1478//1478 1506//1506
f 1477//1477 1506//1506 1505//1505
f 1478//1478 1479//1479 1507//1507
f 1478//1478 1507//1507 1506//1506
f 1479//1479 1480//1480 1508//1508
f 1479//1479 1508//1508 1507//1507
f 1480//1480 1481//1481 1509//1509
f 1480//1480 1509//1509 1508//1508
f 1481//1481 1482//1482 1510//1510
f 1481//1481 1510//1510 1509//1509
f 1482//1482 1483//1483 1511//1511
f 1482//1482 1511//1511 1510//1510
f 1483//1483 1484//1484 1512//1512
f 1483//1483 1512//1512 1511//1511
f 1484//1484 1485//1485 1513//1513
f 1484//1484 1513//1513 1512//1512
f 1485//1485 1486//1486 1514//1514
f 1485//1485 1514//1514 1513//1513
f 1486//1486 1487//1487 1515//1515
f 1486//1486 1515//1515 1514//1514
f 1487//1487 1488//1488 1516//1516
f 1487//1487 1516//1516 1515//1515
f 1488//1488 1489//1489 1517//1517
f 1488//1488 1517//1517 1516//1516
f 1489//1489 1490//1490 1518//1518
f 1489//1489 1518//1518 1517//1517
f 1490//1490 1491//1491 1519//1519
f 1490//1490 1519//1519 1518//1518
f 1491//1491 1492//1492 1520//1520
f 1491//1491 1520//1520 1519//1519
f 1492//1492 1493//1493 1521//1521
f 1492//1492 1521//1521 1520//1520
f 1493//1493 1494//1494 1522//1522
f 1493//1493 1522//1522 1521//1521
f 1494//1494 1495//1495 1523//1523
f 1494//1494 1523//1523 1522//1522
f 1495//1495 1496//1496 1524//1524
f 1495//1495 1524//1524 1523//1523
f 1496//1496 1497//1497 1525//1525
f 1496//1496 1525//1525 1524//1524
f 1497//1497 1498//1498 1526//1526
f 1497//1497 1526//1526 1525//1525
f 1498//1498 1499//1499 1527//1527
f 1498//1498 1527//1527 1526//1526
f 1499//1499 1472//1472 1500//1500
f 1499//1499 1500//1500 1527//1527
f 1500//1500 1501//1501 1529//1529
f 1500//1500 1529//1529 1528//1528
f 1501//1501 1502//1502 1530//1530
f 1501//1501 1530//1530 1529//1529
f 1502//1502 1503//1503 1531//1531
f 1502//1502 1531//1531 1530//1530
f 1503//1503 1504//1504 1532//1532
f 1503//1503 1532//1532 1531//1531
f 1504//1504 1505//1505 1533//1533
f 1504//1504 1533//1533 1532//1532
f 1505//1505 1506//1506 1534//1534
f 1505//1505 1534//1534 1533//1533
f 1506//1506 1507//1507 1535//1535
f 1506//1506 1535//1535 1534//1534
f 1507//1507 1508//1508 1536//1536
f 1507//1507 1536//1536 1535//1535
f 1508//1508 1509//1509 1537//1537
f 1508//1508 1537//1537 1536//1536
f 1509//1509 1510//1510 1538//1538
f 1509//1509 1538//1538 1537//1537
f 1510//1510 1511//1511 1539//1539
f 1510//1510 1539//1539 1538//1538
f 1511//1511 1512//1512 1540//1540
f 1511//1511 1540//1540 1539//1539
f 1512//1512 1513//1513 1541//1541
f 1512//1512 1541//1541 1540//1540
f 1513//1513 1514//1514 1542//1542
f 1513//1513 1542//1542 1541//1541
f 1514//1514 1515//1515 1543//1543
f 1514//1514 1543//1543 1542//1542
f 1515//1515 1516//1516 1544//1544
f 1515//1515 1544//1544 1543//1543
f 1516//1516 1517//1517 1545//1545
f 1516//1516 1545//1545 1544//1544
f 1517//1517 1518//1518 1546//1546
f 1517//1517 1546//1546 1545//1545
f 1518//1518 1519//1519 1547//1547
f 1518//1518 1547//1547 1546//1546
f 1519//1519 1520//1520 1548//1548
f 1519//1519 1548//1548 1547//1547
f 1520//1520 1521//1521 1549//1549
f 1520//1520 1549//1549 1548//1548
f 1521//1521 1522//1522 1550//1550
f 1521//1521 1550//1550 1549//1549
f 1522//1522 1523//1523 1551//1551
f 1522//1522 1551//1551 1550//1550
f 1523//1523 1524//1524 1552//1552
f 1523//1523 1552//1552 1551//1551
f 1524//1524 1525//1525 1553//1553
f 1524//1524 1553//1553 1552//1552
f 1525//1525 1526//1526 1554//1554
f 1525//1525 1554//1554 1553//1553
f 1526//1526 1527//1527 1555//1555
f 1526//1526 1555//1555 1554//1554
f 1527//1527 1500//1500 1528//1528
f 1527//1527 1528//1528 1555//1555
f 1528//1528 1529//1529 1557//1557
f 1528//1528 1557//1557 1556//1556
f 1529//1529 1530//1530 1558//1558
f 1529//1529 1558//1558 1557//1557
f 1530//1530 1531//1531 1559//1559
f 1530//1530 1559//1559 1558//1558
f 1531//1531 1532//1532 1560//1560
f 1531//1531 1560//1560 1559//1559
f 1532//1532 1533//1533 1561//1561
f 1532//1532 1561//1561 1560//1560
f 1533//1533 1534//1534 1562//1562
f 1533//1533 1562//1562 1561//1561
f 1534//1534 1535//1535 1563//1563
f 1534//1534 1563//1563 1562//1562
f 1535//1535 1536//1536 1564//1564
f 1535//1535 1564//1564 1563//1563
f 1536//1536 1537//1537 1565//1565
f 1536//1536 1565//1565 1564//1564
f 1537//1537 1538//1538 1566//1566
f 1537//1537 1566//1566 1565//1565
f 1538//1538 1539//1539 1567//1567
f 1538//1538 1567//1567 1566//1566
f 1539//1539 1540//1540 1568//1568
f 1539//1539 1568//1568 1567//1567
f 1540//1540 1541//1541 1569//1569
f 1540//1540 1569//1569 1568//1568
f 1541//1541 1542//1542 1570//1570
f 1541//1541 1570//1570 1569//1569
f 1542//1542 1543//1543 1571//1571
f 1542//1542 1571//1571 1570//1570
f 1543//1543 1544//1544 1572//1572
f 1543//1543 1572//1572 1571//1571
f 1544//1544 1545//1545 1573//1573
f 1544//1544 1573//1573 1572//1572
f 1545//1545 1546//1546 1574//1574
f 1545//1545 1574//1574 1573//1573
f 1546//1546 1547//1547 1575//1575
f 1546//1546 1575//1575 1574//1574
f 1547//1547 1548//1548 1576//1576
f 1547//1547 1576//1576 1575//1575
f 1548//1548 1549//1549 1577//1577
f 1548//1548 1577//1577 1576//1576
f 1549//1549 1550//1550 1578//1578
f 1549//1549 1578//1578 1577//1577
f 1550//1550 1551//1551 1579//1579
f 1550//1550 1579//1579 1578//1578
f 1551//1551 1552//1552 1580//1580
f 1551//1551 1580//1580 1579//1579
f 1552//1552 1553//1553 1581//1581
f 1552//1552 1581//1581 1580//1580
f 1553//1553 1554//1554 1582//1582
f 1553//1553 1582//1582 1581//1581
f 1554//1554 1555//1555 1583//1583
f 1554//1554 1583//1583 1582//1582
f 1555//1555 1528//1528 1556//1556
f 1555//1555 1556//1556 1583//1583
f 1556//1556 1557//1557 1585//1585
f 1556//1556 1585//1585 1584//1584
f 1557//1557 1558//1558 1586//1586
f 1557//1557 1586//1586 1585//1585
f 1558//1558 1559//1559 1587//1587
f 1558//1558 1587//1587 1586//1586
f 1559//1559 1560//1560 1588//1588
f 1559//1559 1588//1588 1587//1587
f 1560//1560 1561//1561 1589//1589
f 1560//1560 1589//1589 1588//1588
f 1561//1561 1562//1562 1590//1590
f 1561//1561 1590//1590 1589//1589
f 1562//1562 1563//1563 1591//1591
f 1562//1562 1591//1591 1590//1590
f 1563//1563 1564//1564 1592//1592
f 1563//1563 1592//1592 1591//1591
f 1564//1564 1565//1565 1593//1593
f 1564//1564 1593//1593 1592//1592
f 1565//1565 1566//1566 1594//1594
f 1565//1565 1594//1594 1593//1593
f 1566//1566 1567//1567 1595//1595
f 1566//1566 1595//1595 1594//1594
f 1567//1567 1568//1568 1596//1596
f 1567//1567 1596//1596 1595//1595
f 1568//1568 1569//1569 1597//1597
f 1568//1568 1597//1597 1596//1596
f 1569//1569 1570//1570 1598//1598
f 1569//1569 1598//1598 1597//1597
f 1570//1570 1571//1571 1599//1599
f 1570//1570 1599//1599 1598//1598
f 1571//1571 1572//1572 1600//1600
f 1571//1571 1600//1600 1599//1599
f 1572//1572 1573//1573 1601//1601
f 1572//1572 1601//1601 1600//1600
f 1573//1573 1574//1574 1602//1602
f 1573//1573 1602//1602 1601//1601
f 1574//1574 1575//1575 1603//1603
f 1574//1574 1603//1603 1602//1602
f 1575//1575 1576//1576 1604//1604
f 1575//1575 1604//1604 1603//1603
f 1576//1576 1577//1577 1605//1605
f 1576//1576 1605//1605 1604//1604
f 1577//1577 1578//1578 1606//1606
f 1577//1577 1606//1606 1605//1605
f 1578//1578 1579//1579 1607//1607
f 1578//1578 1607//1607 1606//1606
f 1579//1579 1580//1580 1608//1608
f 1579//1579 1608//1608 1607//1607
f 1580//1580 1581//1581 1609//1609
f 1580//1580 1609//1609 1608//1608
f 1581//1581 1582//1582 1610//1610
f 1581//1581 1610//1610 1609//1609
f 1582//1582 1583//1583 1611//1611
f 1582//1582 1611//1611 1610//1610
f 1583//1583 1556//1556 1584//1584
f 1583//1583 1584//1584 1611//1611
f 1584//1584 1585//1585 1613//1613
f 1584//1584 1613//1613 1612//1612
f 1585//1585 1586//1586 1614//1614
f 1585//1585 1614//1614 1613//1613
f 1586//1586 1587//1587 1615//1615
f 1586//1586 1615//1615 1614//1614
f 1587//1587 1588//1588 1616//1616
f 1587//1587 1616//1616 1615//1615
f 1588//1588 1589//1589 1617//1617
f 1588//1588 1617//1617 1616//1616
f 1589//1589 1590//1590 1618//1618
f 1589//1589 1618//1618 1617//1617
f 1590//1590 1591//1591 1619//1619
f 1590//1590 1619//1619 1618//1618
f 1591//1591 1592//1592 1620//1620
f 1591//1591 1620//1620 1619//1619
f 1592//1592 1593//1593 1621//1621
f 1592//1592 1621//1621 1620//1620
f 1593//1593 1594//1594 1622//1622
f 1593//1593 1622//1622 1621//1621
f 1594//1594 1595//1595 1623//1623
f 1594//1594 1623//1623 1622//1622
f 1595//1595 1596//1596 1624//1624
f 1595//1595 1624//1624 1623//1623
f 1596//1596 1597//1597 1625//1625
f 1596//1596 1625//1625 1624//1624
f 1597//1597 1598//1598 1626//1626
f 1597//1597 1626//1626 1625//1625
f 1598//1598 1599//1599 1627//1627
f 1598//1598 1627//1627 1626//1626
f 1599//1599 1600//1600 1628//1628
f 1599//1599 1628//1628 1627//1627
f 1600//1600 1601//1601 1629//1629
f 1600//1600 1629//1629 1628//1628
f 1601//1601 1602//1602 1630//1630
f 1601//1601 1630//1630 1629//1629
f 1602//1602 1603//1603 1631//1631
f 1602//1602 1631//1631 1630//1630
f 1603//1603 1604//1604 1632//1632
f 1603//1603 1632//1632 1631//1631
f 1604//1604 1605//1605 1633//1633
f 1604//1604 1633//1633 1632//1632
f 1605//1605 1606//1606 1634//1634
f 1605//1605 1634//1634 1633//1633
f 1606//1606 1607//1607 1635//1635
f 1606//1606 1635//1635 1634//1634
f 1607//1607 1608//1608 1636//1636
f 1607//1607 1636//1636 1635//1635
f 1608//1608 1609//1609 1637//1637
f 1608//1608 1637//1637 1636//1636
f 1609//1609 1610//1610 1638//1638
f 1609//1609 1638//1638 1637//1637
f 1610//1610 1611//1611 1639//1639
f 1610//1610 1639//1639 1638//1638
f 1611//1611 1584//1584 1612//1612
f 1611//1611 1612//1612 1639//1639
f 1612//1612 1613//1613 1641//1641
f 1612//1612 1641//1641 1640//1640
f 1613//1613 1614//1614 1642//1642
f 1613//1613 1642//1642 1641//1641
f 1614//1614 1615//1615 1643//1643
f 1614//1614 1643//1643 1642//1642
f 1615//1615 1616//1616 1644//1644
f 1615//1615 1644//1644 1643//1643
f 1616//1616 1617//1617 1645//1645
f 1616//1616 1645//1645 1644//1644
f 1617//1617 1618//1618 1646//1646
f 1617//1617 1646//1646 1645//1645
f 1618//1618 1619//1619 1647//1647
f 1618//1618 1647//1647 1646//1646
f 1619//1619 1620//1620 1648//1648
f 1619//1619 1648//1648 1647//1647
f 1620//1620 1621//1621 1649//1649
f 1620//1620 1649//1649 1648//1648
f 1621//1621 1622//1622 1650//1650
f 1621//1621 1650//1650 1649//1649
f 1622//1622 1623//1623 1651//1651
f 1622//1622 1651//1651 1650//1650
f 1623//1623 1624//1624 1652//1652
f 1623//1623 1652//1652 1651//1651
f 1624//1624 1625//1625 1653//1653
f 1624//1624 1653//1653 1652//1652
f 1625//1625 1626//1626 1654//1654
f 1625//1625 1654//1654 1653//1653
f 1626//1626 1627//1627 1655//1655
f 1626//1626 1655//1655 1654//1654
f 1627//1627 1628//1628 1656//1656
f 1627//1627 1656//1656 1655//1655
f 1628//1628 1629//1629 1657//1657
f 1628//1628 1657//1657 1656//1656
f 1629//1629 1630//1630 1658//1658
f 1629//1629 1658//1658 1657//1657
f 1630//1630 1631//1631 1659//1659
f 1630//1630 1659//1659 1658//1658
f 1631//1631 1632//1632 1660//1660
f 1631//1631 1660//1660 1659//1659
f 1632//1632 1633//1633 1661//1661
f 1632//1632 1661//1661 1660//1660
f 1633//1633 1634//1634 1662//1662
f 1633//1633 1662//1662 1661//1661
f 1634//1634 1635//1635 1663//1663
f 1634//1634 1663//1663 1662//1662
f 1635//1635 1636//1636 1664//1664
f 1635//1635 1664//1664 1663//1663
f 1636//1636 1637//1637 1665//1665
f 1636//1636 1665//1665 1664//1664
f 1637//1637 1638//1638 1666//1666
f 1637//1637 1666//1666 1665//1665
f 1638//1638 1639//1639 1667//1667
f 1638//1638 1667//1667 1666//1666
f 1639//1639 1612//1612 1640//1640
f 1639//1639 1640//1640 1667//1667
f 1640//1640 1641//1641 1669//1669
f 1640//1640 1669//1669 1668//1668
f 1641//1641 1642//1642 1670//1670
f 1641//1641 1670//1670 1669//1669
f 1642//1642 1643//1643 1671//1671
f 1642//1642 1671//1671 1670//1670
f 1643//1643 1644//1644 1672//1672
f 1643//1643 1672//1672 1671//1671
f 1644//1644 1645//1645 1673//1673
f 1644//1644 1673//1673 1672//1672
f 1645//1645 1646//1646 1674//1674
f 1645//1645 1674//1674 1673//1673
f 1646//1646 1647//1647 1675//1675
f 1646//1646 1675//1675 1674//1674
f 1647//1647 1648//1648 1676//1676
f 1647//1647 1676//1676 1675//1675
f 1648//1648 1649//1649 1677//1677
f 1648//1648 1677//1677 1676//1676
f 1649//1649 1650//1650 1678//1678
f 1649//1649 1678//1678 1677//1677
f 1650//1650 1651//1651 1679//1679
f 1650//1650 1679//1679 1678//1678
f 1651//1651 1652//1652 1680//1680
f 1651//1651 1680//1680 1679//1679
f 1652//1652 1653//1653 1681//1681
f 1652//1652 1681//1681 1680//1680
f 1653//1653 1654//1654 1682//1682
f 1653//1653 1682//1682 1681//1681
f 1654//1654 1655//1655 1683//1683
f 1654//1654 1683//1683 1682//1682
f 1655//1655 1656//1656 1684//1684
f 1655//1655 1684//1684 1683//1683
f 1656//1656 1657//1657 1685//1685
f 1656//1656 1685//1685 1684//1684
f 1657//1657 1658//1658 1686//1686
f 1657//1657 1686//1686 1685//1685
f 1658//1658 1659//1659 1687//1687
f 1658//1658 1687//1687 1686//1686
f 1659//1659 1660//1660 1688//1688
f 1659//1659 1688//1688 1687//1687
f 1660//1660 1661//1661 1689//1689
f 1660//1660 1689//1689 1688//1688
f 1661//1661 1662//1662 1690//1690
f 1661//1661 1690//1690 1689//1689
f 1662//1662 1663//1663 1691//1691
f 1662//1662 1691//1691 1690//1690
f 1663//1663 1664//1664 1692//1692
f 1663//1663 1692//1692 1691//1691
f 1664//1664 1665//1665 1693//1693
f 1664//1664 1693//1693 1692//1692
f 1665//1665 1666//1666 1694//1694
f 1665//1665 1694//1694 1693//1693
f 1666//1666 1667//1667 1695//1695
f 1666//1666 1695//1695 1694//1694
f 1667//1667 1640//1640 1668//1668
f 1667//1667 1668//1668 1695//1695
f 1668//1668 1669//1669 1697//1697
f 1668//1668 1697//1697 1696//1696
f 1669//1669 1670//1670 1698//1698
f 1669//1669 1698//1698 1697//1697
f 1670//1670 1671//1671 1699//1699
f 1670//1670 1699//1699 1698//1698
f 1671//1671 1672//1672 1700//1700
f 1671//1671 1700//1700 1699//1699
f 1672//1672 1673//1673 1701//1701
f 1672//1672 1701//1701 1700//1700
f 1673//1673 1674//1674 1702//1702
f 1673//1673 1702//1702 1701//1701
f 1674//1674 1675//1675 1703//1703
f 1674//1674 1703//1703 1702//1702
f 1675//1675 1676//1676 1704//1704
f 1675//1675 1704//1704 1703//1703
f 1676//1676 1677//1677 1705//1705
f 1676//1676 1705//1705 1704//1704
f 1677//1677 1678//1678 1706//1706
f 1677//1677 1706//1706 1705//1705
f 1678//1678 1679//1679 1707//1707
f 1678//1678 1707//1707 1706//1706
f 1679//1679 1680//1680 1708//1708
f 1679//1679 1708//1708 1707//1707
f 1680//1680 1681//1681 1709//1709
f 1680//1680 1709//1709 1708//1708
f 1681//1681 1682//1682 1710//1710
f 1681//1681 1710//1710 1709//1709
f 1682//1682 1683//1683 1711//1711
f 1682//1682 1711//1711 1710//1710
f 1683//1683 1684//1684 1712//1712
f 1683//1683 1712//1712 1711//1711
f 1684//1684 1685//1685 1713//1713
f 1684//1684 1713//1713 1712//1712
f 1685//1685 1686//1686 1714//1714
f 1685//1685 1714//1714 1713//1713
f 1686//1686 1687//1687 1715//1715
f 1686//1686 1715//1715 1714//1714
f 1687//1687 1688//1688 1716//1716
f 1687//1687 1716//1716 1715//1715
f 1688//1688 1689//1689 1717//1717
f 1688//1688 1717//1717 1716//1716
f 1689//1689 1690//1690 1718//1718
f 1689//1689 1718//1718 1717//1717
f 1690//1690 1691//1691 1719//1719
f 1690//1690 1719//1719 1718//1718
f 1691//1691 1692//1692 1720//1720
f 1691//1691 1720//1720 1719//1719
f 1692//1692 1693//1693 1721//1721
f 1692//1692 1721//1721 1720//1720
f 1693//1693 1694//1694 1722//1722
f 1693//1693 1722//1722 1721//1721
f 1694//1694 1695//1695 1723//1723
f 1694//1694 1723//1723 1722//1722
f 1695//1695 1668//1668 1696//1696
f 1695//1695 1696//1696 1723//1723
f 1696//1696 1697//1697 1725//1725
f 1696//1696 1725//1725 1724//1724
f 1697//1697 1698//1698 1726//1726
f 1697//1697 1726//1726 1725//1725
f 1698//1698 1699//1699 1727//1727
f 1698//1698 1727//1727 1726//1726
f 1699//1699 1700//1700 1728//1728
f 1699//1699 1728//1728 1727//1727
f 1700//1700 1701//1701 1729//1729
f 1700//1700 1729//1729 1728//1728
f 1701//1701 1702//1702 1730//1730
f 1701//1701 1730//1730 1729//1729
f 1702//1702 1703//1703 1731//1731
f 1702//1702 1731//1731 1730//1730
f 1703//1703 1704//1704 1732//1732
f 1703//1703 1732//1732 1731//1731
f 1704//1704 1705//1705 1733//1733
f 1704//1704 1733//1733 1732//1732
f 1705//1705 1706//1706 1734//1734
f 1705//1705 1734//1734 1733//1733
f 1706//1706 1707//1707 1735//1735
f 1706//1706 1735//1735 1734//1734
f 1707//1707 1708//1708 1736//1736
f 1707//1707 1736//1736 1735//1735
f 1708//1708 1709//1709 1737//1737
f 1708//1708 1737//1737 1736//1736
f 1709//1709 1710//1710 1738//1738
f 1709//1709 1738//1738 1737//1737
f 1710//1710 1711//1711 1739//1739
f 1710//1710 1739//1739 1738//1738
f 1711//1711 1712//1712 1740//1740
f 1711//1711 1740//1740 1739//1739
f 1712//1712 1713//1713 1741//1741
f 1712//1712 1741//1741 1740//1740
f 1713//1713 1714//1714 1742//1742
f 1713//1713 1742//1742 1741//1741
f 1714//1714 1715//1715 1743//1743
f 1714//1714 1743//1743 1742//1742
f 1715//1715 1716//1716 1744//1744
f 1715//1715 1744//1744 1743//1743
f 1716//1716 1717//1717 1745//1745
f 1716//1716 1745//1745 1744//1744
f 1717//1717 1718//1718 1746//1746
f 1717//1717 1746//1746 1745//1745
f 1718//1718 1719//1719 1747//1747
f 1718//1718 1747//1747 1746//1746
f 1719//1719 1720//1720 1748//1748
f 1719//1719 1748//1748 1747//1747
f 1720//1720 1721//1721 1749//1749
f 1720//1720 1749//1749 1748//1748
f 1721//1721 1722//1722 1750//1750
f 1721//1721 1750//1750 1749//1749
f 1722//1722 1723//1723 1751//1751
f 1722//1722 1751//1751 1750//1750
f 1723//1723 1696//1696 1724//1724
f 1723//1723 1724//1724 1751//1751
f 1724//1724 1725//1725 1753//1753
f 1724//1724 1753//1753 1752//1752
f 1725//1725 1726//1726 1754//1754
f 1725//1725 1754//1754 1753//1753
f 1726//1726 1727//1727 1755//1755
f 1726//1726 1755//1755 1754//1754
f 1727//1727 1728//1728 1756//1756
f 1727//1727 1756//1756 1755//1755
f 1728//1728 1729//1729 1757//1757
f 1728//1728 1757//1757 1756//1756
f 1729//1729 1730//1730 1758//1758
f 1729//1729 1758//1758 1757//1757
f 1730//1730 1731//1731 1759//1759
f 1730//1730 1759//1759 1758//1758
f 1731//1731 1732//1732 1760//1760
f 1731//1731 1760//1760 1759//1759
f 1732//1732 1733//1733 1761//1761
f 1732//1732 1761//1761 1760//1760
f 1733//1733 1734//1734 1762//1762
f 1733//1733 1762//1762 1761//1761
f 1734//1734 1735//1735 1763//1763
f 1734//1734 1763//1763 1762//1762
f 1735//1735 1736//1736 1764//1764
f 1735//1735 1764//1764 1763//1763
f 1736//1736 1737//1737 1765//1765
f 1736//1736 1765//1765 1764//1764
f 1737//1737 1738//1738 1766//1766
f 1737//1737 1766//1766 1765//1765
f 1738//1738 1739//1739 1767//1767
f 1738//1738 1767//1767 1766//1766
f 1739//1739 1740//1740 1768//1768
f 1739//1739 1768//1768 1767//1767
f 1740//1740 1741//1741 1769//1769
f 1740//1740 1769//1769 1768//1768
f 1741//1741 1742//1742 1770//1770
f 1741//1741 1770//1770 1769//1769
f 1742//1742 1743//1743 1771//1771
f 1742//1742 1771//1771 1770//1770
f 1743//1743 1744//1744 1772//1772
f 1743//1743 1772//1772 1771//1771
f 1744//1744 1745//1745 1773//1773
f 1744//1744 1773//1773 1772//1772
f 1745//1745 1746//1746 1774//1774
f 1745//1745 1774//1774 1773//1773
f 1746//1746 1747//1747 1775//1775
f 1746//1746 1775//1775 1774//1774
f 1747//1747 1748//1748 1776//1776
f 1747//1747 1776//1776 1775//1775
f 1748//1748 1749//1749 1777//1777
f 1748//1748 1777//1777 1776//1776
f 1749//1749 1750//1750 1778//1778
f 1749//1749 1778//1778 1777//1777
f 1750//1750 1751//1751 1779//1779
f 1750//1750 1779//1779 1778//1778
f 1751//1751 1724//1724 1752//1752
f 1751//1751 1752//1752 1779//1779
f 1752//1752 1753//1753 1781//1781
f 1752//1752 1781//1781 1780//1780
f 1753//1753 1754//1754 1782//1782
f 1753//1753 1782//1782 1781//1781
f 1754//1754 1755//1755 1783//1783
f 1754//1754 1783//1783 1782//1782
f 1755//1755 1756//1756 1784//1784
f 1755//1755 1784//1784 1783//1783
f 1756//1756 1757//1757 1785//1785
f 1756//1756 1785//1785 1784//1784
f 1757//1757 1758//1758 1786//1786
f 1757//1757 1786//1786 1785//1785
f 1758//1758 1759//1759 1787//1787
f 1758//1758 1787//1787 1786//1786
f 1759//1759 1760//1760 1788//1788
f 1759//1759 1788//1788 1787//1787
f 1760//1760 1761//1761 1789//1789
f 1760//1760 1789//1789 1788//1788
f 1761//1761 1762//1762 1790//1790
f 1761//1761 1790//1790 1789//1789
f 1762//1762 1763//1763 1791//1791
f 1762//1762 1791//1791 1790//1790
f 1763//1763 1764//1764 1792//1792
f 1763//1763 1792//1792 1791//1791
f 1764//1764 1765//1765 1793//1793
f 1764//1764 1793//1793 1792//1792
f 1765//1765 1766//1766 1794//1794
f 1765//1765 1794//1794 1793//1793
f 1766//1766 1767//1767 1795//1795
f 1766//1766 1795//1795 1794//1794
f 1767//1767 1768//1768 1796//1796
f 1767//1767 1796//1796 1795//1795
f 1768//1768 1769//1769 1797//1797
f 1768//1768 1797//1797 1796//1796
f 1769//1769 1770//1770 1798//1798
f 1769//1769 1798//1798 1797//1797
f 1770//1770 1771//1771 1799//1799
f 1770//1770 1799//1799 1798//1798
f 1771//1771 1772//1772 1800//1800
f 1771//1771 1800//1800 1799//1799
f 1772//1772 1773//1773 1801//1801
f 1772//1772 1801//1801 1800//1800
f 1773//1773 1774//1774 1802//1802
f 1773//1773 1802//1802 1801//1801
f 1774//1774 1775//1775 1803//1803
f 1774//1774 1803//1803 1802//1802
f 1775//1775 1776//1776 1804//1804
f 1775//1775 1804//1804 1803//1803
f 1776//1776 1777//1777 1805//1805
f 1776//1776 1805//1805 1804//1804
f 1777//1777 1778//1778 1806//1806
f 1777//1777 1806//1806 1805//1805
f 1778//1778 1779//1779 1807//1807
f 1778//1778 1807//1807 1806//1806
f 1779//1779 1752//1752 1780//1780
f 1779//1779 1780//1780 1807//1807
f 1780//1780 1781//1781 1809//1809
f 1780//1780 1809//1809 1808//1808
f 1781//1781 1782//1782 1810//1810
f 1781//1781 1810//1810 1809//1809
f 1782//1782 1783//1783 1811//1811
f 1782//1782 1811//1811 1810//1810
f 1783//1783 1784//1784 1812//1812
f 1783//1783 1812//1812 1811//1811
f 1784//1784 1785//1785 1813//1813
f 1784//1784 1813//1813 1812//1812
f 1785//1785 1786//1786 1814//1814
f 1785//1785 1814//1814 1813//1813
f 1786//1786 1787//1787 1815//1815
f 1786//1786 1815//1815 1814//1814
f 1787//1787 1788//1788 1816//1816
f 1787//1787 1816//1816 1815//1815
f 1788//1788 1789//1789 1817//1817
f 1788//1788 1817//1817 1816//1816
f 1789//1789 1790//1790 1818//1818
f 1789//1789 1818//1818 1817//1817
f 1790//1790 1791//1791 1819//1819
f 1790//1790 1819//1819 1818//1818
f 1791//1791 1792//1792 1820//1820
f 1791//1791 1820//1820 1819//1819
f 1792//1792 1793//1793 1821//1821
f 1792//1792 1821//1821 1820//1820
f 1793//1793 1794//1794 1822//1822
f 1793//1793 1822//1822 1821//1821
f 1794//1794 1795//1795 1823//1823
f 1794//1794 1823//1823 1822//1822
f 1795//1795 1796//1796 1824//1824
f 1795//1795 1824//1824 1823//1823
f 1796//1796 1797//1797 1825//1825
f 1796//1796 1825//1825 1824//1824
f 1797//1797 1798//1798 1826//1826
f 1797//1797 1826//1826 1825//1825
f 1798//1798 1799//1799 1827//1827
f 1798//1798 1827//1827 1826//1826
f 1799//1799 1800//1800 1828//1828
f 1799//1799 1828//1828 1827//1827
f 1800//1800 1801//1801 1829//1829
f 1800//1800 1829//1829 1828//1828
f 1801//1801 1802//1802 1830//1830
f 1801//1801 1830//1830 1829//1829
f 1802//1802 1803//1803 1831//1831
f 1802//1802 1831//1831 1830//1830
f 1803//1803 1804//1804 1832//1832
f 1803//1803 1832//1832 1831//1831
f 1804//1804 1805//1805 1833//1833
f 1804//1804 1833//1833 1832//1832
f 1805//1805 1806//1806 1834//1834
f 1805//1805 1834//1834 1833//1833
f 1806//1806 1807//1807 1835//1835
f 1806//1806 1835//1835 1834//1834
f 1807//1807 1780//1780 1808//1808
f 1807//1807 1808//1808 1835//1835
f 1808//1808 1809//1809 1837//1837
f 1808//1808 1837//1837 1836//1836
f 1809//1809 1810//1810 1838//1838
f 1809//1809 1838//1838 1837//1837
f 1810//1810 1811//1811 1839//1839
f 1810//1810 1839//1839 1838//1838
f 1811//1811 1812//1812 1840//1840
f 1811//1811 1840//1840 1839//1839
f 1812//1812 1813//1813 1841//1841
f 1812//1812 1841//1841 1840//1840
f 1813//1813 1814//1814 1842//1842
f 1813//1813 1842//1842 1841//1841
f 1814//1814 1815//1815 1843//1843
f 1814//1814 1843//1843 1842//1842
f 1815//1815 1816//1816 1844//1844
f 1815//1815 1844//1844 1843//1843
f 1816//1816 1817//1817 1845//1845
f 1816//1816 1845//1845 1844//1844
f 1817//1817 1818//1818 1846//1846
f 1817//1817 1846//1846 1845//1845
f 1818//1818 1819//1819 1847//1847
f 1818//1818 1847//1847 1846//1846
f 1819//1819 1820//1820 1848//1848
f 1819//1819 1848//1848 1847//1847
f 1820//1820 1821//1821 1849//1849
f 1820//1820 1849//1849 1848//1848
f 1821//1821 1822//1822 1850//1850
f 1821//1821 1850//1850 1849//1849
f 1822//1822 1823//1823 1851//1851
f 1822//1822 1851//1851 1850//1850
f 1823//1823 1824//1824 1852//1852
f 1823//1823 1852//1852 1851//1851
f 1824//1824 1825//1825 1853//1853
f 1824//1824 1853//1853 1852//1852
f 1825//1825 1826//1826 1854//1854
f 1825//1825 1854//1854 1853//1853
f 1826//1826 1827//1827 1855//1855
f 1826//1826 1855//1855 1854//1854
f 1827//1827 1828//1828 1856//1856
f 1827//1827 1856//1856 1855//1855
f 1828//1828 1829//1829 1857//1857
f 1828//1828 1857//1857 1856//1856
f 1829//1829 1830//1830 1858//1858
f 1829//1829 1858//1858 1857//1857
f 1830//1830 1831//1831 1859//1859
f 1830//1830 1859//1859 1858//1858
f 1831//1831 1832//1832 1860//1860
f 1831//1831 1860//1860 1859//1859
f 1832//1832 1833//1833 1861//1861
f 1832//1832 1861//1861 1860//1860
f 1833//1833 1834//1834 1862//1862
f 1833//1833 1862//1862 1861//1861
f 1834//1834 1835//1835 1863//1863
f 1834//1834 1863//1863 1862//1862
f 1835//1835 1808//1808 1836//1836
f 1835//1835 1836//1836 1863//1863
f 1836//1836 1837//1837 1865//1865
f 1836//1836 1865//1865 1864//1864
f 1837//1837 1838//1838 1866//1866
f 1837//1837 1866//1866 1865//1865
f 1838//1838 1839//1839 1867//1867
f 1838//1838 1867//1867 1866//1866
f 1839//1839 1840//1840 1868//1868
f 1839//1839 1868//1868 1867//1867
f 1840//1840 1841//1841 1869//1869
f 1840//1840 1869//1869 1868//1868
f 1841//1841 1842//1842 1870//1870
f 1841//1841 1870//1870 1869//1869
f 1842//1842 1843//1843 1871//1871
f 1842//1842 1871//1871 1870//1870
f 1843//1843 1844//1844 1872//1872
f 1843//1843 1872//1872 1871//1871
f 1844//1844 1845//1845 1873//1873
f 1844//1844 1873//1873 1872//1872
f 1845//1845 1846//1846 1874//1874
f 1845//1845 1874//1874 1873//1873
f 1846//1846 1847//1847 1875//1875
f 1846//1846 1875//1875 1874//1874
f 1847//1847 1848//1848 1876//1876
f 1847//1847 1876//1876 1875//1875
f 1848//1848 1849//1849 1877//1877
f 1848//1848 1877//1877 1876//1876
f 1849//1849 1850//1850 1878//1878
f 1849//1849 1878//1878 1877//1877
f 1850//1850 1851//1851 1879//1879
f 1850//1850 1879//1879 1878//1878
f 1851//1851 1852//1852 1880//1880
f 1851//1851 1880//1880 1879//1879
f 1852//1852 1853//1853 1881//1881
f 1852//1852 1881//1881 1880//1880
f 1853//1853 1854//1854 1882//1882
f 1853//1853 1882//1882 1881//1881
f 1854//1854 1855//1855 1883//1883
f 1854//1854 1883//1883 1882//1882
f 1855//1855 1856//1856 1884//1884
f 1855//1855 1884//1884 1883//1883
f 1856//1856 1857//1857 1885//1885
f 1856//1856 1885//1885 1884//1884
f 1857//1857 1858//1858 1886//1886
f 1857//1857 1886//1886 1885//1885
f 1858//1858 1859//1859 1887//1887
f 1858//1858 1887//1887 1886//1886
f 1859//1859 1860//1860 1888//1888
f 1859//1859 1888//1888 1887//1887
f 1860//1860 1861//1861 1889//1889
f 1860//1860 1889//1889 1888//1888
f 1861//1861 1862//1862 1890//1890
f 1861//1861 1890//1890 1889//1889
f 1862//1862 1863//1863 1891//1891
f 1862//1862 1891//1891 1890//1890
f 1863//1863 1836//1836 1864//1864
f 1863//1863 1864//1864 1891//1891
f 1864//1864 1865//1865 1893//1893
f 1864//1864 1893//1893 1892//1892
f 1865//1865 1866//1866 1894//1894
f 1865//1865 1894//1894 1893//1893
f 1866//1866 1867//1867 1895//1895
f 1866//1866 1895//1895 1894//1894
f 1867//1867 1868//1868 1896//1896
f 1867//1867 1896//1896 1895//1895
f 1868//1868 1869//1869 1897//1897
f 1868//1868 1897//1897 1896//1896
f 1869//1869 1870//1870 1898//1898
f 1869//1869 1898//1898 1897//1897
f 1870//1870 1871//1871 1899//1899
f 1870//1870 1899//1899 1898//1898
f 1871//1871 1872//1872 1900//1900
f 1871//1871 1900//1900 1899//1899
f 1872//1872 1873//1873 1901//1901
f 1872//1872 1901//1901 1900//1900
f 1873//1873 1874//1874 1902//1902
f 1873//1873 1902//1902 1901//1901
f 1874//1874 1875//1875 1903//1903
f 1874//1874 1903//1903 1902//1902
f 1875//1875 1876//1876 1904//1904
f 1875//1875 1904//1904 1903//1903
f 1876//1876 1877//1877 1905//1905
f 1876//1876 1905//1905 1904//1904
f 1877//1877 1878//1878 1906//1906
f 1877//1877 1906//1906 1905//1905
f 1878//1878 1879//1879 1907//1907
f 1878//1878 1907//1907 1906//1906
f 1879//1879 1880//1880 1908//1908
f 1879//1879 1908//1908 1907//1907
f 1880//1880 1881//1881 1909//1909
f 1880//1880 1909//1909 1908//1908
f 1881//1881 1882//1882 1910//1910
f 1881//1881 1910//1910 1909//1909
f 1882//1882 1883//1883 1911//1911
f 1882//1882 1911//1911 1910//1910
f 1883//1883 1884//1884 1912//1912
f 1883//1883 1912//1912 1911//1911
f 1884//1884 1885//1885 1913//1913
f 1884//1884 1913//1913 1912//1912
f 1885//1885 1886//1886 1914//1914
f 1885//1885 1914//1914 1913//1913
f 1886//1886 1887//1887 1915//1915
f 1886//1886 1915//1915 1914//1914
f 1887//1887 1888//1888 1916//1916
f 1887//1887 1916//1916 1915//1915
f 1888//1888 1889//1889 1917//1917
f 1888//1888 1917//1917 1916//1916
f 1889//1889 1890//1890 1918//1918
f 1889//1889 1918//1918 1917//1917
f 1890//1890 1891//1891 1919//1919
f 1890//1890 1919//1919 1918//1918
f 1891//1891 1864//1864 1892//1892
f 1891//1891 1892//1892 1919//1919
f 1892//1892 1893//1893 1921//1921
f 1892//1892 1921//1921 1920//1920
f 1893//1893 1894//1894 1922//1922
f 1893//1893 1922//1922 1921//1921
f 1894//1894 1895//1895 1923//1923
f 1894//1894 1923//1923 1922//1922
f 1895//1895 1896//1896 1924//1924
f 1895//1895 1924//1924 1923//1923
f 1896//1896 1897//1897 1925//1925
f 1896//1896 1925//1925 1924//1924
f 1897//1897 1898//1898 1926//1926
f 1897//1897 1926//1926 1925//1925
f 1898//1898 1899//1899 1927//1927
f 1898//1898 1927//1927 1926//1926
f 1899//1899 1900//1900 1928//1928
f 1899//1899 1928//1928 1927//1927
f 1900//1900 1901//1901 1929//1929
f 1900//1900 1929//1929 1928//1928
f 1901//1901 1902//1902 1930//1930
f 1901//1901 1930//1930 1929//1929
f 1902//1902 1903//1903 1931//1931
f 1902//1902 1931//1931 1930//1930
f 1903//1903 1904//1904 1932//1932
f 1903//1903 1932//1932 1931//1931
f 1904//1904 1905//1905 1933//1933
f 1904//1904 1933//1933 1932//1932
f 1905//1905 1906//1906 1934//1934
f 1905//1905 1934//1934 1933//1933
f 1906//1906 1907//1907 1935//1935
f 1906//1906 1935//1935 1934//1934
f 1907//1907 1908//1908 1936//1936
f 1907//1907 1936//1936 1935//1935
f 1908//1908 1909//1909 1937//1937
f 1908//1908 1937//1937 1936//1936
f 1909//1909 1910//1910 1938//1938
f 1909//1909 1938//1938 1937//1937
f 1910//1910 1911//1911 1939//1939
f 1910//1910 1939//1939 1938//1938
f 1911//1911 1912//1912 1940//1940
f 1911//1911 1940//1940 1939//1939
f 1912//1912 1913//1913 1941//1941
f 1912//1912 1941//1941 1940//1940
f 1913//1913 1914//1914 1942//1942
f 1913//1913 1942//1942 1941//1941
f 1914//1914 1915//1915 1943//1943
f 1914//1914 1943//1943 1942//1942
f 1915//1915 1916//1916 1944//1944
f 1915//1915 1944//1944 1943//1943
f 1916//1916 1917//1917 1945//1945
f 1916//1916 1945//1945 1944//1944
f 1917//1917 1918//1918 1946//1946
f 1917//1917 1946//1946 1945//1945
f 1918//1918 1919//1919 1947//1947
f 1918//1918 1947//1947 1946//1946
f 1919//1919 1892//1892 1920//1920
f 1919//1919 1920//1920 1947//1947
f 1920//1920 1921//1921 1949//1949
f 1920//1920 1949//1949 1948//1948
f 1921//1921 1922//1922 1950//1950
f 1921//1921 1950//1950 1949//1949
f 1922//1922 1923//1923 1951//1951
f 1922//1922 1951//1951 1950//1950
f 1923//1923 1924//1924 1952//1952
f 1923//1923 1952//1952 1951//1951
f 1924//1924 1925//1925 1953//1953
f 1924//1924 1953//1953 1952//1952
f 1925//1925 1926//1926 1954//1954
f 1925//1925 1954//1954 1953//1953
f 1926//1926 1927//1927 1955//1955
f 1926//1926 1955//1955 1954//1954
f 1927//1927 1928//1928 1956//1956
f 1927//1927 1956//1956 1955//1955
f 1928//1928 1929//1929 1957//1957
f 1928//1928 1957//1957 1956//1956
f 1929//1929 1930//1930 1958//1958
f 1929//1929 1958//1958 1957//1957
f 1930//1930 1931//1931 1959//1959
f 1930//1930 1959//1959 1958//1958
f 1931//1931 1932//1932 1960//1960
f 1931//1931 1960//1960 1959//1959
f 1932//1932 1933//1933 1961//1961
f 1932//1932 1961//1961 1960//1960
f 1933//1933 1934//1934 1962//1962
f 1933//1933 1962//1962 1961//1961
f 1934//1934 1935//1935 1963//1963
f 1934//1934 1963//1963 1962//1962
f 1935//1935 1936//1936 1964//1964
f 1935//1935 1964//1964 1963//1963
f 1936//1936 1937//1937 1965//1965
f 1936//1936 1965//1965 1964//1964
f 1937//1937 1938//1938 1966//1966
f 1937//1937 1966//1966 1965//1965
f 1938//1938 1939//1939 1967//1967
f 1938//1938 1967//1967 1966//1966
f 1939//1939 1940//1940 1968//1968
f 1939//1939 1968//1968 1967//1967
f 1940//1940 1941//1941 1969//1969
f 1940//1940 1969//1969 1968//1968
f 1941//1941 1942//1942 1970//1970
f 1941//1941 1970//1970 1969//1969
f 1942//1942 1943//1943 1971//1971
f 1942//1942 1971//1971 1970//1970
f 1943//1943 1944//1944 1972//1972
f 1943//1943 1972//1972 1971//1971
f 1944//1944 1945//1945 1973//1973
f 1944//1944 1973//1973 1972//1972
f 1945//1945 1946//1946 1974//1974
f 1945//1945 1974//1974 1973//1973
f 1946//1946 1947//1947 1975//1975
f 1946//1946 1975//1975 1974//1974
f 1947//1947 1920//1920 1948//1948
f 1947//1947 1948//1948 1975//1975
f 1948//1948 1949//1949 1977//1977
f 1948//1948 1977//1977 1976//1976
f 1949//1949 1950//1950 1978//1978
f 1949//1949 1978//1978 1977//1977
f 1950//1950 1951//1951 1979//1979
f 1950//1950 1979//1979 1978//1978
f 1951//1951 1952//1952 1980//1980
f 1951//1951 1980//1980 1979//1979
f 1952//1952 1953//1953 1981//1981
f 1952//1952 1981//1981 1980//1980
f 1953//1953 1954//1954 1982//1982
f 1953//1953 1982//1982 1981//1981
f 1954//1954 1955//1955 1983//1983
f 1954//1954 1983//1983 1982//1982
f 1955//1955 1956//1956 1984//1984
f 1955//1955 1984//1984 1983//1983
f 1956//1956 1957//1957 1985//1985
f 1956//1956 1985//1985 1984//1984
f 1957//1957 1958//1958 1986//1986
f 1957//1957 1986//1986 1985//1985
f 1958//1958 1959//1959 1987//1987
f 1958//1958 1987//1987 1986//1986
f 1959//1959 1960//1960 1988//1988
f 1959//1959 1988//1988 1987//1987
f 1960//1960 1961//1961 1989//1989
f 1960//1960 1989//1989 1988//1988
f 1961//1961 1962//1962 1990//1990
f 1961//1961 1990//1990 1989//1989
f 1962//1962 1963//1963 1991//1991
f 1962//1962 1991//1991 1990//1990
f 1963//1963 1964//1964 1992//1992
f 1963//1963 1992//1992 1991//1991
f 1964//1964 1965//1965 1993//1993
f 1964//1964 1993//1993 1992//1992
f 1965//1965 1966//1966 1994//1994
f 1965//1965 1994//1994 1993//1993
f 1966//1966 1967//1967 1995//1995
f 1966//1966 1995//1995 1994//1994
f 1967//1967 1968//1968 1996//1996
f 1967//1967 1996//1996 1995//1995
f 1968//1968 1969//1969 1997//1997
f 1968//1968 1997//1997 1996//1996
f 1969//1969 1970//1970 1998//1998
f 1969//1969 1998//1998 1997//1997
f 1970//1970 1971//1971 1999//1999
f 1970//1970 1999//1999 1998//1998
f 1971//1971 1972//1972 2000//2000
f 1971//1971 2000//2000 1999//1999
f 1972//1972 1973//1973 2001//2001
f 1972//1972 2001//2001 2000//2000
f 1973//1973 1974//1974 2002//2002
f 1973//1973 2002//2002 2001//2001
f 1974//1974 1975//1975 2003//2003
f 1974//1974 2003//2003 2002//2002
f 1975//1975 1948//1948 1976//1976
f 1975//1975 1976//1976 2003//2003
f 1976//1976 1977//1977 2005//2005
f 1976//1976 2005//2005 2004//2004
f 1977//1977 1978//1978 2006//2006
f 1977//1977 2006//2006 2005//2005
f 1978//1978 1979//1979 2007//2007
f 1978//1978 2007//2007 2006//2006
f 1979//1979 1980//1980 2008//2008
f 1979//1979 2008//2008 2007//2007
f 1980//1980 1981//1981 2009//2009
f 1980//1980 2009//2009 2008//2008
f 1981//1981 1982//1982 2010//2010
f 1981//1981 2010//2010 2009//2009
f 1982//1982 1983//1983 2011//2011
f 1982//1982 2011//2011 2010//2010
f 1983//1983 1984//1984 2012//2012
f 1983//1983 2012//2012 2011//2011
f 1984//1984 1985//1985 2013//2013
f 1984//1984 2013//2013 2012//2012
f 1985//1985 1986//1986 2014//2014
f 1985//1985 2014//2014 2013//2013
f 1986//1986 1987//1987 2015//2015
f 1986//1986 2015//2015 2014//2014
f 1987//1987 1988//1988 2016//2016
f 1987//1987 2016//2016 2015//2015
f 1988//1988 1989//1989 2017//2017
f 1988//1988 2017//2017 2016//2016
f 1989//1989 1990//1990 2018//2018
f 1989//1989 2018//2018 2017//2017
f 1990//1990 1991//1991 2019//2019
f 1990//1990 2019//2019 2018//2018
f 1991//1991 1992//1992 2020//2020
f 1991//1991 2020//2020 2019//2019
f 1992//1992 1993//1993 2021//2021
f 1992//1992 2021//2021 2020//2020
f 1993//1993 1994//1994 2022//2022
f 1993//1993 2022//2022 2021//2021
f 1994//1994 1995//1995 2023//2023
f 1994//1994 2023//2023 2022//2022
f 1995//1995 1996//1996 2024//2024
f 1995//1995 2024//2024 2023//2023
f 1996//1996 1997//1997 2025//2025
f 1996//1996 2025//2025 2024//2024
f 1997//1997 1998//1998 2026//2026
f 1997//1997 2026//2026 2025//2025
f 1998//1998 1999//1999 2027//2027
f 1998//1998 2027//2027 2026//2026
f 1999//1999 2000//2000 2028//2028
f 1999//1999 2028//2028 2027//2027
f 2000//2000 2001//2001 2029//2029
f 2000//2000 2029//2029 2028//2028
f 2001//2001 2002//2002 2030//2030
f 2001//2001 2030//2030 2029//2029
f 2002//2002 2003//2003 2031//2031
f 2002//2002 2031//2031 2030//2030
f 2003//2003 1976//1976 2004//2004
f 2003//2003 2004//2004 2031//2031
f 2004//2004 2005//2005 2033//2033
f 2004//2004 2033//2033 2032//2032
f 2005//2005 2006//2006 2034//2034
f 2005//2005 2034//2034 2033//2033
f 2006//2006 2007//2007 2035//2035
f 2006//2006 2035//2035 2034//2034
f 2007//2007 2008//2008 2036//2036
f 2007//2007 2036//2036 2035//2035
f 2008//2008 2009//2009 2037//2037
f 2008//2008 2037//2037 2036//2036
f 2009//2009 2010//2010 2038//2038
f 2009//2009 2038//2038 2037//2037
f 2010//2010 2011//2011 2039//2039
f 2010//2010 2039//2039 2038//2038
f 2011//2011 2012//2012 2040//2040
f 2011//2011 2040//2040 2039//2039
f 2012//2012 2013//2013 2041//2041
f 2012//2012 2041//2041 2040//2040
f 2013//2013 2014//2014 2042//2042
f 2013//2013 2042//2042 2041//2041
f 2014//2014 2015//2015 2043//2043
f 2014//2014 2043//2043 2042//2042
f 2015//2015 2016//2016 2044//2044
f 2015//2015 2044//2044 2043//2043
f 2016//2016 2017//2017 2045//2045
f 2016//2016 2045//2045 2044//2044
f 2017//2017 2018//2018 2046//2046
f 2017//2017 2046//2046 2045//2045
f 2018//2018 2019//2019 2047//2047
f 2018//2018 2047//2047 2046//2046
f 2019//2019 2020//2020 2048//2048
f 2019//2019 2048//2048 2047//2047
f 2020//2020 2021//2021 2049//2049
f 2020//2020 2049//2049 2048//2048
f 2021//2021 2022//2022 2050//2050
f 2021//2021 2050//2050 2049//2049
f 2022//2022 2023//2023 2051//2051
f 2022//2022 2051//2051 2050//2050
f 2023//2023 2024//2024 2052//2052
f 2023//2023 2052//2052 2051//2051
f 2024//2024 2025//2025 2053//2053
f 2024//2024 2053//2053 2052//2052
f 2025//2025 2026//2026 2054//2054
f 2025//2025 2054//2054 2053//2053
f 2026//2026 2027//2027 2055//2055
f 2026//2026 2055//2055 2054//2054
f 2027//2027 2028//2028 2056//2056
f 2027//2027 2056//2056 2055//2055
f 2028//2028 2029//2029 2057//2057
f 2028//2028 2057//2057 2056//2056
f 2029//2029 2030//2030 2058//2058
f 2029//2029 2058//2058 2057//2057
f 2030//2030 2031//2031 2059//2059
f 2030//2030 2059//2059 2058//2058
f 2031//2031 2004//2004 2032//2032
f 2031//2031 2032//2032 2059//2059
f 2060//2060 2061//2061 2069//2069
f 2060//2060 2069//2069 2068//2068
f 2061//2061 2062//2062 2070//2070
f 2061//2061 2070//2070 2069//2069
f 2062//2062 2063//2063 2071//2071
f 2062//2062 2071//2071 2070//2070
f 2063//2063 2064//2064 2072//2072
f 2063//2063 2072//2072 2071//2071
f 2064//2064 2065//2065 2073//2073
f 2064//2064 2073//2073 2072//2072
f 2065//2065 2066//2066 2074//2074
f 2065//2065 2074//2074 2073//2073
f 2066//2066 2067//2067 2075//2075
f 2066//2066 2075//2075 2074//2074
f 2067//2067 2060//2060 2068//2068
f 2067//2067 2068//2068 2075//2075
f 2076//2076 2060//2060 2061//2061
f 2076//2076 2061//2061 2062//2062
f 2076//2076 2062//2062 2063//2063
f 2076//2076 2063//2063 2064//2064
f 2076//2076 2064//2064 2065//2065
f 2076//2076 2065//2065 2066//2066
f 2076//2076 2066//2066 2067//2067
f 2076//2076 2067//2067 2060//2060
f 2077//2077 2069//2069 2068//2068
f 2077//2077 2070//2070 2069//2069
f 2077//2077 2071//2071 2070//2070
f 2077//2077 2072//2072 2071//2071
f 2077//2077 2073//2073 2072//2072
f 2077//2077 2074//2074 2073//2073
f 2077//2077 2075//2075 2074//2074
f 2077//2077 2068//2068 2075//2075
f 2078//2078 2079//2079 2087//2087
f 2078//2078 2087//2087 2086//2086
f 2079//2079 2080//2080 2088//2088
f 2079//2079 2088//2088 2087//2087
f 2080//2080 2081//2081 2089//2089
f 2080//2080 2089//2089 2088//2088
f 2081//2081 2082//2082 2090//2090
f 2081//2081 2090//2090 2089//2089
f 2082//2082 2083//2083 2091//2091
f 2082//2082 2091//2091 2090//2090
f 2083//2083 2084//2084 2092//2092
f 2083//2083 2092//2092 2091//2091
f 2084//2084 2085//2085 2093//2093
f 2084//2084 2093//2093 2092//2092
f 2085//2085 2078//2078 2086//2086
f 2085//2085 2086//2086 2093//2093
f 2094//2094 2078//2078 2079//2079
f 2094//2094 2079//2079 2080//2080
f 2094//2094 2080//2080 2081//2081
f 2094//2094 2081//2081 2082//2082
f 2094//2094 2082//2082 2083//2083
f 2094//2094 2083//2083 2084//2084
f 2094//2094 2084//2084 2085//2085
f 2094//2094 2085//2085 2078//2078
f 2095//2095 2087//2087 2086//2086
f 2095//2095 2088//2088 2087//2087
f 2095//2095 2089//2089 2088//2088
f 2095//2095 2090//2090 2089//2089
f 2095//2095 2091//2091 2090//2090
f 2095//2095 2092//2092 2091//2091
f 2095//2095 2093//2093 2092//2092
f 2095//2095 2086//2086 2093//2093
f 2096//2096 2097//2097 2127//2127
f 2096//2096 2127//2127 2126//2126
f 2097//2097 2098//2098 2128//2128
f 2097//2097 2128//2128 2127//2127
f 2098//2098 2099//2099 2129//2129
f 2098//2098 2129//2129 2128//2128
f 2099//2099 2100//2100 2130//2130
f 2099//2099 2130//2130 2129//2129
f 2100//2100 2101//2101 2131//2131
f 2100//2100 2131//2131 2130//2130
f 2101//2101 2102//2102 2132//2132
f 2101//2101 2132//2132 2131//2131
f 2102//2102 2103//2103 2133//2133
f 2102//2102 2133//2133 2132//2132
f 2103//2103 2104//2104 2134//2134
f 2103//2103 2134//2134 2133//2133
f 2104//2104 2105//2105 2135//2135
f 2104//2104 2135//2135 2134//2134
f 2105//2105 2106//2106 2136//2136
f 2105//2105 2136//2136 2135//2135
f 2106//2106 2107//2107 2137//2137
f 2106//2106 2137//2137 2136//2136
f 2107//2107 2108//2108 2138//2138
f 2107//2107 2138//2138 2137//2137
f 2108//2108 2109//2109 2139//2139
f 2108//2108 2139//2139 2138//2138
f 2109//2109 2110//2110 2140//2140
f 2109//2109 2140//2140 2139//2139
f 2110//2110 2111//2111 2141//2141
f 2110//2110 2141//2141 2140//2140
f 2111//2111 2112//2112 2142//2142
f 2111//2111 2142//2142 2141//2141
f 2112//2112 2113//2113 2143//2143
f 2112//2112 2143//2143 2142//2142
f 2113//2113 2114//2114 2144//2144
f 2113//2113 2144//2144 2143//2143
f 2114//2114 2115//2115 2145//2145
f 2114//2114 2145//2145 2144//2144
f 2115//2115 2116//2116 2146//2146
f 2115//2115 2146//2146 2145//2145
f 2116//2116 2117//2117 2147//2147
f 2116//2116 2147//2147 2146//2146
f 2117//2117 2118//2118 2148//2148
f 2117//2117 2148//2148 2147//2147
f 2118//2118 2119//2119 2149//2149
f 2118//2118 2149//2149 2148//2148
f 2119//2119 2120//2120 2150//2150
f 2119//2119 2150//2150 2149//2149
f 2120//2120 2121//2121 2151//2151
f 2120//2120 2151//2151 2150//2150
f 2121//2121 2122//2122 2152//2152
f 2121//2121 2152//2152 2151//2151
f 2122//2122 2123//2123 2153//2153
f 2122//2122 2153//2153 2152//2152
f 2123//2123 2124//2124 2154//2154
f 2123//2123 2154//2154 2153//2153
f 2124//2124 2125//2125 2155//2155
f 2124//2124 2155//2155 2154//2154
f 2125//2125 2096//2096 2126//2126
f 2125//2125 2126//2126 2155//2155
f 2126//2126 2127//2127 2157//2157
f 2126//2126 2157//2157 2156//2156
f 2127//2127 2128//2128 2158//2158
f 2127//2127 2158//2158 2157//2157
f 2128//2128 2129//2129 2159//2159
f 2128//2128 2159//2159 2158//2158
f 2129//2129 2130//2130 2160//2160
f 2129//2129 2160//2160 2159//2159
f 2130//2130 2131//2131 2161//2161
f 2130//2130 2161//2161 2160//2160
f 2131//2131 2132//2132 2162//2162
f 2131//2131 2162//2162 2161//2161
f 2132//2132 2133//2133 2163//2163
f 2132//2132 2163//2163 2162//2162
f 2133//2133 2134//2134 2164//2164
f 2133//2133 2164//2164 2163//2163
f 2134//2134 2135//2135 2165//2165
f 2134//2134 2165//2165 2164//2164
f 2135//2135 2136//2136 2166//2166
f 2135//2135 2166//2166 2165//2165
f 2136//2136 2137//2137 2167//2167
f 2136//2136 2167//2167 2166//2166
f 2137//2137 2138//2138 2168//2168
f 2137//2137 2168//2168 2167//2167
f 2138//2138 2139//2139 2169//2169
f 2138//2138 2169//2169 2168//2168
f 2139//2139 2140//2140 2170//2170
f 2139//2139 2170//2170 2169//2169
f 2140//2140 2141//2141 2171//2171
f 2140//2140 2171//2171 2170//2170
f 2141//2141 2142//2142 2172//2172
f 2141//2141 2172//2172 2171//2171
f 2142//2142 2143//2143 2173//2173
f 2142//2142 2173//2173 2172//2172
f 2143//2143 2144//2144 2174//2174
f 2143//2143 2174//2174 2173//2173
f 2144//2144 2145//2145 2175//2175
f 2144//2144 2175//2175 2174//2174
f 2145//2145 2146//2146 2176//2176
f 2145//2145 2176//2176 2175//2175
f 2146//2146 2147//2147 2177//2177
f 2146//2146 2177//2177 2176//2176
f 2147//2147 2148//2148 2178//2178
f 2147//2147 2178//2178 2177//2177
f 2148//2148 2149//2149 2179//2179
f 2148//2148 2179//2179 2178//2178
f 2149//2149 2150//2150 2180//2180
f 2149//2149 2180//2180 2179//2179
f 2150//2150 2151//2151 2181//2181
f 2150//2150 2181//2181 2180//2180
f 2151//2151 2152//2152 2182//2182
f 2151//2151 2182//2182 2181//2181
f 2152//2152 2153//2153 2183//2183
f 2152//2152 2183//2183 2182//2182
f 2153//2153 2154//2154 2184//2184
f 2153//2153 2184//2184 2183//2183
f 2154//2154 2155//2155 2185//2185
f 2154//2154 2185//2185 2184//2184
f 2155//2155 2126//2126 2156//2156
f 2155//2155 2156//2156 2185//2185
f 2156//2156 2157//2157 2187//2187
f 2156//2156 2187//2187 2186//2186
f 2157//2157 2158//2158 2188//2188
f 2157//2157 2188//2188 2187//2187
f 2158//2158 2159//2159 2189//2189
f 2158//2158 2189//2189 2188//2188
f 2159//2159 2160//2160 2190//2190
f 2159//2159 2190//2190 2189//2189
f 2160//2160 2161//2161 2191//2191
f 2160//2160 2191//2191 2190//2190
f 2161//2161 2162//2162 2192//2192
f 2161//2161 2192//2192 2191//2191
f 2162//2162 2163//2163 2193//2193
f 2162//2162 2193//2193 2192//2192
f 2163//2163 2164//2164 2194//2194
f 2163//2163 2194//2194 2193//2193
f 2164//2164 2165//2165 2195//2195
f 2164//2164 2195//2195 2194//2194
f 2165//2165 2166//2166 2196//2196
f 2165//2165 2196//2196 2195//2195
f 2166//2166 2167//2167 2197//2197
f 2166//2166 2197//2197 2196//2196
f 2167//2167 2168//2168 2198//2198
f 2167//2167 2198//2198 2197//2197
f 2168//2168 2169//2169 2199//2199
f 2168//2168 2199//2199 2198//2198
f 2169//2169 2170//2170 2200//2200
f 2169//2169 2200//2200 2199//2199
f 2170//2170 2171//2171 2201//2201
f 2170//2170 2201//2201 2200//2200
f 2171//2171 2172//2172 2202//2202
f 2171//2171 2202//2202 2201//2201
f 2172//2172 2173//2173 2203//2203
f 2172//2172 2203//2203 2202//2202
f 2173//2173 2174//2174 2204//2204
f 2173//2173 2204//2204 2203//2203
f 2174//2174 2175//2175 2205//2205
f 2174//2174 2205//2205 2204//2204
f 2175//2175 2176//2176 2206//2206
f 2175//2175 2206//2206 2205//2205
f 2176//2176 2177//2177 2207//2207
f 2176//2176 2207//2207 2206//2206
f 2177//2177 2178//2178 2208//2208
f 2177//2177 2208//2208 2207//2207
f 2178//2178 2179//2179 2209//2209
f 2178//2178 2209//2209 2208//2208
f 2179//2179 2180//2180 2210//2210
f 2179//2179 2210//2210 2209//2209
f 2180//2180 2181//2181 2211//2211
f 2180//2180 2211//2211 2210//2210
f 2181//2181 2182//2182 2212//2212
f 2181//2181 2212//2212 2211//2211
f 2182//2182 2183//2183 2213//2213
f 2182//2182 2213//2213 2212//2212
f 2183//2183 2184//2184 2214//2214
f 2183//2183 2214//2214 2213//2213
f 2184//2184 2185//2185 2215//2215
f 2184//2184 2215//2215 2214//2214
f 2185//2185 2156//2156 2186//2186
f 2185//2185 2186//2186 2215//2215
f 2186//2186 2187//2187 2217//2217
f 2186//2186 2217//2217 2216//2216
f 2187//2187 2188//2188 2218//2218
f 2187//2187 2218//2218 2217//2217
f 2188//2188 2189//2189 2219//2219
f 2188//2188 2219//2219 2218//2218
f 2189//2189 2190//2190 2220//2220
f 2189//2189 2220//2220 2219//2219
f 2190//2190 2191//2191 2221//2221
f 2190//2190 2221//2221 2220//2220
f 2191//2191 2192//2192 2222//2222
f 2191//2191 2222//2222 2221//2221
f 2192//2192 2193//2193 2223//2223
f 2192//2192 2223//2223 2222//2222
f 2193//2193 2194//2194 2224//2224
f 2193//2193 2224//2224 2223//2223
f 2194//2194 2195//2195 2225//2225
f 2194//2194 2225//2225 2224//2224
f 2195//2195 2196//2196 2226//2226
f 2195//2195 2226//2226 2225//2225
f 2196//2196 2197//2197 2227//2227
f 2196//2196 2227//2227 2226//2226
f 2197//2197 2198//2198 2228//2228
f 2197//2197 2228//2228 2227//2227
f 2198//2198 2199//2199 2229//2229
f 2198//2198 2229//2229 2228//2228
f 2199//2199 2200//2200 2230//2230
f 2199//2199 2230//2230 2229//2229
f 2200//2200 2201//2201 2231//2231
f 2200//2200 2231//2231 2230//2230
f 2201//2201 2202//2202 2232//2232
f 2201//2201 2232//2232 2231//2231
f 2202//2202 2203//2203 2233//2233
f 2202//2202 2233//2233 2232//2232
f 2203//2203 2204//2204 2234//2234
f 2203//2203 2234//2234 2233//2233
f 2204//2204 2205//2205 2235//2235
f 2204//2204 2235//2235 2234//2234
f 2205//2205 2206//2206 2236//2236
f 2205//2205 2236//2236 2235//2235
f 2206//2206 2207//2207 2237//2237
f 2206//2206 2237//2237 2236//2236
f 2207//2207 2208//2208 2238//2238
f 2207//2207 2238//2238 2237//2237
f 2208//2208 2209//2209 2239//2239
f 2208//2208 2239//2239 2238//2238
f 2209//2209 2210//2210 2240//2240
f 2209//2209 2240//2240 2239//2239
f 2210//2210 2211//2211 2241//2241
f 2210//2210 2241//2241 2240//2240
f 2211//2211 2212//2212 2242//2242
f 2211//2211 2242//2242 2241//2241
f 2212//2212 2213//2213 2243//2243
f 2212//2212 2243//2243 2242//2242
f 2213//2213 2214//2214 2244//2244
f 2213//2213 2244//2244 2243//2243
f 2214//2214 2215//2215 2245//2245
f 2214//2214 2245//2245 2244//2244
f 2215//2215 2186//2186 2216//2216
f 2215//2215 2216//2216 2245//2245
f 2216//2216 2217//2217 2247//2247
f 2216//2216 2247//2247 2246//2246
f 2217//2217 2218//2218 2248//2248
f 2217//2217 2248//2248 2247//2247
f 2218//2218 2219//2219 2249//2249
f 2218//2218 2249//2249 2248//2248
f 2219//2219 2220//2220 2250//2250
f 2219//2219 2250//2250 2249//2249
f 2220//2220 2221//2221 2251//2251
f 2220//2220 2251//2251 2250//2250
f 2221//2221 2222//2222 2252//2252
f 2221//2221 2252//2252 2251//2251
f 2222//2222 2223//2223 2253//2253
f 2222//2222 2253//2253 2252//2252
f 2223//2223 2224//2224 2254//2254
f 2223//2223 2254//2254 2253//2253
f 2224//2224 2225//2225 2255//2255
f 2224//2224 2255//2255 2254//2254
f 2225//2225 2226//2226 2256//2256
f 2225//2225 2256//2256 2255//2255
f 2226//2226 2227//2227 2257//2257
f 2226//2226 2257//2257 2256//2256
f 2227//2227 2228//2228 2258//2258
f 2227//2227 2258//2258 2257//2257
f 2228//2228 2229//2229 2259//2259
f 2228//2228 2259//2259 2258//2258
f 2229//2229 2230//2230 2260//2260
f 2229//2229 2260//2260 2259//2259
f 2230//2230 2231//2231 2261//2261
f 2230//2230 2261//2261 2260//2260
f 2231//2231 2232//2232 2262//2262
f 2231//2231 2262//2262 2261//2261
f 2232//2232 2233//2233 2263//2263
f 2232//2232 2263//2263 2262//2262
f 2233//2233 2234//2234 2264//2264
f 2233//2233 2264//2264 2263//2263
f 2234//2234 2235//2235 2265//2265
f 2234//2234 2265//2265 2264//2264
f 2235//2235 2236//2236 2266//2266
f 2235//2235 2266//2266 2265//2265
f 2236//2236 2237//2237 2267//2267
f 2236//2236 2267//2267 2266//2266
f 2237//2237 2238//2238 2268//2268
f 2237//2237 2268//2268 2267//2267
f 2238//2238 2239//2239 2269//2269
f 2238//2238 2269//2269 2268//2268
f 2239//2239 2240//2240 2270//2270
f 2239//2239 2270//2270 2269//2269
f 2240//2240 2241//2241 2271//2271
f 2240//2240 2271//2271 2270//2270
f 2241//2241 2242//2242 2272//2272
f 2241//2241 2272//2272 2271//2271
f 2242//2242 2243//2243 2273//2273
f 2242//2242 2273//2273 2272//2272
f 2243//2243 2244//2244 2274//2274
f 2243//2243 2274//2274 2273//2273
f 2244//2244 2245//2245 2275//2275
f 2244//2244 2275//2275 2274//2274
f 2245//2245 2216//2216 2246//2246
f 2245//2245 2246//2246 2275//2275
f 2246//2246 2247//2247 2277//2277
f 2246//2246 2277//2277 2276//2276
f 2247//2247 2248//2248 2278//2278
f 2247//2247 2278//2278 2277//2277
f 2248//2248 2249//2249 2279//2279
f 2248//2248 2279//2279 2278//2278
f 2249//2249 2250//2250 2280//2280
f 2249//2249 2280//2280 2279//2279
f 2250//2250 2251//2251 2281//2281
f 2250//2250 2281//2281 2280//2280
f 2251//2251 2252//2252 2282//2282
f 2251//2251 2282//2282 2281//2281
f 2252//2252 2253//2253 2283//2283
f 2252//2252 2283//2283 2282//2282
f 2253//2253 2254//2254 2284//2284
f 2253//2253 2284//2284 2283//2283
f 2254//2254 2255//2255 2285//2285
f 2254//2254 2285//2285 2284//2284
f 2255//2255 2256//2256 2286//2286
f 2255//2255 2286//2286 2285//2285
f 2256//2256 2257//2257 2287//2287
f 2256//2256 2287//2287 2286//2286
f 2257//2257 2258//2258 2288//2288
f 2257//2257 2288//2288 2287//2287
f 2258//2258 2259//2259 2289//2289
f 2258//2258 2289//2289 2288//2288
f 2259//2259 2260//2260 2290//2290
f 2259//2259 2290//2290 2289//2289
f 2260//2260 2261//2261 2291//2291
f 2260//2260 2291//2291 2290//2290
f 2261//2261 2262//2262 2292//2292
f 2261//2261 2292//2292 2291//2291
f 2262//2262 2263//2263 2293//2293
f 2262//2262 2293//2293 2292//2292
f 2263//2263 2264//2264 2294//2294
f 2263//2263 2294//2294 2293//2293
f 2264//2264 2265//2265 2295//2295
f 2264//2264 2295//2295 2294//2294
f 2265//2265 2266//2266 2296//2296
f 2265//2265 2296//2296 2295//2295
f 2266//2266 2267//2267 2297//2297
f 2266//2266 2297//2297 2296//2296
f 2267//2267 2268//2268 2298//2298
f 2267//2267 2298//2298 2297//2297
f 2268//2268 2269//2269 2299//2299
f 2268//2268 2299//2299 2298//2298
f 2269//2269 2270//2270 2300//2300
f 2269//2269 2300//2300 2299//2299
f 2270//2270 2271//2271 2301//2301
f 2270//2270 2301//2301 2300//2300
f 2271//2271 2272//2272 2302//2302
f 2271//2271 2302//2302 2301//2301
f 2272//2272 2273//2273 2303//2303
f 2272//2272 2303//2303 2302//2302
f 2273//2273 2274//2274 2304//2304
f 2273//2273 2304//2304 2303//2303
f 2274//2274 2275//2275 2305//2305
f 2274//2274 2305//2305 2304//2304
f 2275//2275 2246//2246 2276//2276
f 2275//2275 2276//2276 2305//2305
f 2276//2276 2277//2277 2307//2307
f 2276//2276 2307//2307 2306//2306
f 2277//2277 2278//2278 2308//2308
f 2277//2277 2308//2308 2307//2307
f 2278//2278 2279//2279 2309//2309
f 2278//2278 2309//2309 2308//2308
f 2279//2279 2280//2280 2310//2310
f 2279//2279 2310//2310 2309//2309
f 2280//2280 2281//2281 2311//2311
f 2280//2280 2311//2311 2310//2310
f 2281//2281 2282//2282 2312//2312
f 2281//2281 2312//2312 2311//2311
f 2282//2282 2283//2283 2313//2313
f 2282//2282 2313//2313 2312//2312
f 2283//2283 2284//2284 2314//2314
f 2283//2283 2314//2314 2313//2313
f 2284//2284 2285//2285 2315//2315
f 2284//2284 2315//2315 2314//2314
f 2285//2285 2286//2286 2316//2316
f 2285//2285 2316//2316 2315//2315
f 2286//2286 2287//2287 2317//2317
f 2286//2286 2317//2317 2316//2316
f 2287//2287 2288//2288 2318//2318
f 2287//2287 2318//2318 2317//2317
f 2288//2288 2289//2289 2319//2319
f 2288//2288 2319//2319 2318//2318
f 2289//2289 2290//2290 2320//2320
f 2289//2289 2320//2320 2319//2319
f 2290//2290 2291//2291 2321//2321
f 2290//2290 2321//2321 2320//2320
f 2291//2291 2292//2292 2322//2322
f 2291//2291 2322//2322 2321//2321
f 2292//2292 2293//2293 2323//2323
f 2292//2292 2323//2323 2322//2322
f 2293//2293 2294//2294 2324//2324
f 2293//2293 2324//2324 2323//2323
f 2294//2294 2295//2295 2325//2325
f 2294//2294 2325//2325 2324//2324
f 2295//2295 2296//2296 2326//2326
f 2295//2295 2326//2326 2325//2325
f 2296//2296 2297//2297 2327//2327
f 2296//2296 2327//2327 2326//2326
f 2297//2297 2298//2298 2328//2328
f 2297//2297 2328//2328 2327//2327
f 2298//2298 2299//2299 2329//2329
f 2298//2298 2329//2329 2328//2328
f 2299//2299 2300//2300 2330//2330
f 2299//2299 2330//2330 2329//2329
f 2300//2300 2301//2301 2331//2331
f 2300//2300 2331//2331 2330//2330
f 2301//2301 2302//2302 2332//2332
f 2301//2301 2332//2332 2331//2331
f 2302//2302 2303//2303 2333//2333
f 2302//2302 2333//2333 2332//2332
f 2303//2303 2304//2304 2334//2334
f 2303//2303 2334//2334 2333//2333
f 2304//2304 2305//2305 2335//2335
f 2304//2304 2335//2335 2334//2334
f 2305//2305 2276//2276 2306//2306
f 2305//2305 2306//2306 2335//2335
f 2306//2306 2307//2307 2337//2337
f 2306//2306 2337//2337 2336//2336
f 2307//2307 2308//2308 2338//2338
f 2307//2307 2338//2338 2337//2337
f 2308//2308 2309//2309 2339//2339
f 2308//2308 2339//2339 2338//2338
f 2309//2309 2310//2310 2340//2340
f 2309//2309 2340//2340 2339//2339
f 2310//2310 2311//2311 2341//2341
f 2310//2310 2341//2341 2340//2340
f 2311//2311 2312//2312 2342//2342
f 2311//2311 2342//2342 2341//2341
f 2312//2312 2313//2313 2343//2343
f 2312//2312 2343//2343 2342//2342
f 2313//2313 2314//2314 2344//2344
f 2313//2313 2344//2344 2343//2343
f 2314//2314 2315//2315 2345//2345
f 2314//2314 2345//2345 2344//2344
f 2315//2315 2316//2316 2346//2346
f 2315//2315 2346//2346 2345//2345
f 2316//2316 2317//2317 2347//2347
f 2316//2316 2347//2347 2346//2346
f 2317//2317 2318//2318 2348//2348
f 2317//2317 2348//2348 2347//2347
f 2318//2318 2319//2319 2349//2349
f 2318//2318 2349//2349 2348//2348
f 2319//2319 2320//2320 2350//2350
f 2319//2319 2350//2350 2349//2349
f 2320//2320 2321//2321 2351//2351
f 2320//2320 2351//2351 2350//2350
f 2321//2321 2322//2322 2352//2352
f 2321//2321 2352//2352 2351//2351
f 2322//2322 2323//2323 2353//2353
f 2322//2322 2353//2353 2352//2352
f 2323//2323 2324//2324 2354//2354
f 2323//2323 2354//2354 2353//2353
f 2324//2324 2325//2325 2355//2355
f 2324//2324 2355//2355 2354//2354
f 2325//2325 2326//2326 2356//2356
f 2325//2325 2356//2356 2355//2355
f 2326//2326 2327//2327 2357//2357
f 2326//2326 2357//2357 2356//2356
f 2327//2327 2328//2328 2358//2358
f 2327//2327 2358//2358 2357//2357
f 2328//2328 2329//2329 2359//2359
f 2328//2328 2359//2359 2358//2358
f 2329//2329 2330//2330 2360//2360
f 2329//2329 2360//2360 2359//2359
f 2330//2330 2331//2331 2361//2361
f 2330//2330 2361//2361 2360//2360
f 2331//2331 2332//2332 2362//2362
f 2331//2331 2362//2362 2361//2361
f 2332//2332 2333//2333 2363//2363
f 2332//2332 2363//2363 2362//2362
f 2333//2333 2334//2334 2364//2364
f 2333//2333 2364//2364 2363//2363
f 2334//2334 2335//2335 2365//2365
f 2334//2334 2365//2365 2364//2364
f 2335//2335 2306//2306 2336//2336
f 2335//2335 2336//2336 2365//2365
f 2341//2341 2342//2342 2372//2372
f 2341//2341 2372//2372 2371//2371
f 2342//2342 2343//2343 2373//2373
f 2342//2342 2373//2373 2372//2372
f 2343//2343 2344//2344 2374//2374
f 2343//2343 2374//2374 2373//2373
f 2344//2344 2345//2345 2375//2375
f 2344//2344 2375//2375 2374//2374
f 2345//2345 2346//2346 2376//2376
f 2345//2345 2376//2376 2375//2375
f 2346//2346 2347//2347 2377//2377
f 2346//2346 2377//2377 2376//2376
f 2347//2347 2348//2348 2378//2378
f 2347//2347 2378//2378 2377//2377
f 2348//2348 2349//2349 2379//2379
f 2348//2348 2379//2379 2378//2378
f 2349//2349 2350//2350 2380//2380
f 2349//2349 2380//2380 2379//2379
f 2350//2350 2351//2351 2381//2381
f 2350//2350 2381//2381 2380//2380
f 2351//2351 2352//2352 2382//2382
f 2351//2351 2382//2382 2381//2381
f 2352//2352 2353//2353 2383//2383
f 2352//2352 2383//2383 2382//2382
f 2353//2353 2354//2354 2384//2384
f 2353//2353 2384//2384 2383//2383
f 2354//2354 2355//2355 2385//2385
f 2354//2354 2385//2385 2384//2384
f 2355//2355 2356//2356 2386//2386
f 2355//2355 2386//2386 2385//2385
f 2356//2356 2357//2357 2387//2387
f 2356//2356 2387//2387 2386//2386
f 2357//2357 2358//2358 2388//2388
f 2357//2357 2388//2388 2387//2387
f 2358//2358 2359//2359 2389//2389
f 2358//2358 2389//2389 2388//2388
f 2359//2359 2360//2360 2390//2390
f 2359//2359 2390//2390 2389//2389
f 2360//2360 2361//2361 2391//2391
f 2360//2360 2391//2391 2390//2390
f 2371//2371 2372//2372 2402//2402
f 2371//2371 2402//2402 2401//2401
f 2372//2372 2373//2373 2403//2403
f 2372//2372 2403//2403 2402//2402
f 2373//2373 2374//2374 2404//2404
f 2373//2373 2404//2404 2403//2403
f 2374//2374 2375//2375 2405//2405
f 2374//2374 2405//2405 2404//2404
f 2375//2375 2376//2376 2406//2406
f 2375//2375 2406//2406 2405//2405
f 2376//2376 2377//2377 2407//2407
f 2376//2376 2407//2407 2406//2406
f 2377//2377 2378//2378 2408//2408
f 2377//2377 2408//2408 2407//2407
f 2378//2378 2379//2379 2409//2409
f 2378//2378 2409//2409 2408//2408
f 2379//2379 2380//2380 2410//2410
f 2379//2379 2410//2410 2409//2409
f 2380//2380 2381//2381 2411//2411
f 2380//2380 2411//2411 2410//2410
f 2381//2381 2382//2382 2412//2412
f 2381//2381 2412//2412 2411//2411
f 2382//2382 2383//2383 2413//2413
f 2382//2382 2413//2413 2412//2412
f 2383//2383 2384//2384 2414//2414
f 2383//2383 2414//2414 2413//2413
f 2384//2384 2385//2385 2415//2415
f 2384//2384 2415//2415 2414//2414
f 2385//2385 2386//2386 2416//2416
f 2385//2385 2416//2416 2415//2415
f 2386//2386 2387//2387 2417//2417
f 2386//2386 2417//2417 2416//2416
f 2387//2387 2388//2388 2418//2418
f 2387//2387 2418//2418 2417//2417
f 2388//2388 2389//2389 2419//2419
f 2388//2388 2419//2419 2418//2418
f 2389//2389 2390//2390 2420//2420
f 2389//2389 2420//2420 2419//2419
f 2390//2390 2391//2391 2421//2421
f 2390//2390 2421//2421 2420//2420
f 2401//2401 2402//2402 2432//2432
f 2401//2401 2432//2432 2431//2431
f 2402//2402 2403//2403 2433//2433
f 2402//2402 2433//2433 2432//2432
f 2403//2403 2404//2404 2434//2434
f 2403//2403 2434//2434 2433//2433
f 2404//2404 2405//2405 2435//2435
f 2404//2404 2435//2435 2434//2434
f 2405//2405 2406//2406 2436//2436
f 2405//2405 2436//2436 2435//2435
f 2406//2406 2407//2407 2437//2437
f 2406//2406 2437//2437 2436//2436
f 2407//2407 2408//2408 2438//2438
f 2407//2407 2438//2438 2437//2437
f 2408//2408 2409//2409 2439//2439
f 2408//2408 2439//2439 2438//2438
f 2409//2409 2410//2410 2440//2440
f 2409//2409 2440//2440 2439//2439
f 2410//2410 2411//2411 2441//2441
f 2410//2410 2441//2441 2440//2440
f 2411//2411 2412//2412 2442//2442
f 2411//2411 2442//2442 2441//2441
f 2412//2412 2413//2413 2443//2443
f 2412//2412 2443//2443 2442//2442
f 2413//2413 2414//2414 2444//2444
f 2413//2413 2444//2444 2443//2443
f 2414//2414 2415//2415 2445//2445
f 2414//2414 2445//2445 2444//2444
f 2415//2415 2416//2416 2446//2446
f 2415//2415 2446//2446 2445//2445
f 2416//2416 2417//2417 2447//2447
f 2416//2416 2447//2447 2446//2446
f 2417//2417 2418//2418 2448//2448
f 2417//2417 2448//2448 2447//2447
f 2418//2418 2419//2419 2449//2449
f 2418//2418 2449//2449 2448//2448
f 2419//2419 2420//2420 2450//2450
f 2419//2419 2450//2450 2449//2449
f 2420//2420 2421//2421 2451//2451
f 2420//2420 2451//2451 2450//2450
f 2431//2431 2432//2432 2462//2462
f 2431//2431 2462//2462 2461//2461
f 2432//2432 2433//2433 2463//2463
f 2432//2432 2463//2463 2462//2462
f 2433//2433 2434//2434 2464//2464
f 2433//2433 2464//2464 2463//2463
f 2434//2434 2435//2435 2465//2465
f 2434//2434 2465//2465 2464//2464
f 2435//2435 2436//2436 2466//2466
f 2435//2435 2466//2466 2465//2465
f 2436//2436 2437//2437 2467//2467
f 2436//2436 2467//2467 2466//2466
f 2437//2437 2438//2438 2468//2468
f 2437//2437 2468//2468 2467//2467
f 2438//2438 2439//2439 2469//2469
f 2438//2438 2469//2469 2468//2468
f 2439//2439 2440//2440 2470//2470
f 2439//2439 2470//2470 2469//2469
f 2440//2440 2441//2441 2471//2471
f 2440//2440 2471//2471 2470//2470
f 2441//2441 2442//2442 2472//2472
f 2441//2441 2472//2472 2471//2471
f 2442//2442 2443//2443 2473//2473
f 2442//2442 2473//2473 2472//2472
f 2443//2443 2444//2444 2474//2474
f 2443//2443 2474//2474 2473//2473
f 2444//2444 2445//2445 2475//2475
f 2444//2444 2475//2475 2474//2474
f 2445//2445 2446//2446 2476//2476
f 2445//2445 2476//2476 2475//2475
f 2446//2446 2447//2447 2477//2477
f 2446//2446 2477//2477 2476//2476
f 2447//2447 2448//2448 2478//2478
f 2447//2447 2478//2478 2477//2477
f 2448//2448 2449//2449 2479//2479
f 2448//2448 2479//2479 2478//2478
f 2449//2449 2450//2450 2480//2480
f 2449//2449 2480//2480 2479//2479
f 2450//2450 2451//2451 2481//2481
f 2450//2450 2481//2481 2480//2480
f 2461//2461 2462//2462 2492//2492
f 2461//2461 2492//2492 2491//2491
f 2462//2462 2463//2463 2493//2493
f 2462//2462 2493//2493 2492//2492
f 2463//2463 2464//2464 2494//2494
f 2463//2463 2494//2494 2493//2493
f 2464//2464 2465//2465 2495//2495
f 2464//2464 2495//2495 2494//2494
f 2465//2465 2466//2466 2496//2496
f 2465//2465 2496//2496 2495//2495
f 2466//2466 2467//2467 2497//2497
f 2466//2466 2497//2497 2496//2496
f 2467//2467 2468//2468 2498//2498
f 2467//2467 2498//2498 2497//2497
f 2468//2468 2469//2469 2499//2499
f 2468//2468 2499//2499 2498//2498
f 2469//2469 2470//2470 2500//2500
f 2469//2469 2500//2500 2499//2499
f 2470//2470 2471//2471 2501//2501
f 2470//2470 2501//2501 2500//2500
f 2471//2471 2472//2472 2502//2502
f 2471//2471 2502//2502 2501//2501
f 2472//2472 2473//2473 2503//2503
f 2472//2472 2503//2503 2502//2502
f 2473//2473 2474//2474 2504//2504
f 2473//2473 2504//2504 2503//2503
f 2474//2474 2475//2475 2505//2505
f 2474//2474 2505//2505 2504//2504
f 2475//2475 2476//2476 2506//2506
f 2475//2475 2506//2506 2505//2505
f 2476//2476 2477//2477 2507//2507
f 2476//2476 2507//2507 2506//2506
f 2477//2477 2478//2478 2508//2508
f 2477//2477 2508//2508 2507//2507
f 2478//2478 2479//2479 2509//2509
f 2478//2478 2509//2509 2508//2508
f 2479//2479 2480//2480 2510//2510
f 2479//2479 2510//2510 2509//2509
f 2480//2480 2481//2481 2511//2511
f 2480//2480 2511//2511 2510//2510
f 2496//2496 2497//2497 2527//2527
f 2496//2496 2527//2527 2526//2526
f 2497//2497 2498//2498 2528//2528
f 2497//2497 2528//2528 2527//2527
f 2498//2498 2499//2499 2529//2529
f 2498//2498 2529//2529 2528//2528
f 2499//2499 2500//2500 2530//2530
f 2499//2499 2530//2530 2529//2529
f 2500//2500 2501//2501 2531//2531
f 2500//2500 2531//2531 2530//2530
f 2501//2501 2502//2502 2532//2532
f 2501//2501 2532//2532 2531//2531
f 2502//2502 2503//2503 2533//2533
f 2502//2502 2533//2533 2532//2532
f 2503//2503 2504//2504 2534//2534
f 2503//2503 2534//2534 2533//2533
f 2504//2504 2505//2505 2535//2535
f 2504//2504 2535//2535 2534//2534
f 2505//2505 2506//2506 2536//2536
f 2505//2505 2536//2536 2535//2535
f 2526//2526 2527//2527 2557//2557
f 2526//2526 2557//2557 2556//2556
f 2527//2527 2528//2528 2558//2558
f 2527//2527 2558//2558 2557//2557
f 2528//2528 2529//2529 2559//2559
f 2528//2528 2559//2559 2558//2558
f 2529//2529 2530//2530 2560//2560
f 2529//2529 2560//2560 2559//2559
f 2530//2530 2531//2531 2561//2561
f 2530//2530 2561//2561 2560//2560
f 2531//2531 2532//2532 2562//2562
f 2531//2531 2562//2562 2561//2561
f 2532//2532 2533//2533 2563//2563
f 2532//2532 2563//2563 2562//2562
f 2533//2533 2534//2534 2564//2564
f 2533//2533 2564//2564 2563//2563
f 2534//2534 2535//2535 2565//2565
f 2534//2534 2565//2565 2564//2564
f 2535//2535 2536//2536 2566//2566
f 2535//2535 2566//2566 2565//2565
f 2556//2556 2557//2557 2587//2587
f 2556//2556 2587//2587 2586//2586
f 2557//2557 2558//2558 2588//2588
f 2557//2557 2588//2588 2587//2587
f 2558//2558 2559//2559 2589//2589
f 2558//2558 2589//2589 2588//2588
f 2559//2559 2560//2560 2590//2590
f 2559//2559 2590//2590 2589//2589
f 2560//2560 2561//2561 2591//2591
f 2560//2560 2591//2591 2590//2590
f 2561//2561 2562//2562 2592//2592
f 2561//2561 2592//2592 2591//2591
f 2562//2562 2563//2563 2593//2593
f 2562//2562 2593//2593 2592//2592
f 2563//2563 2564//2564 2594//2594
f 2563//2563 2594//2594 2593//2593
f 2564//2564 2565//2565 2595//2595
f 2564//2564 2595//2595 2594//2594
f 2565//2565 2566//2566 2596//2596
f 2565//2565 2596//2596 2595//2595
f 2587//2587 2588//2588 2618//2618
f 2587//2587 2618//2618 2617//2617
f 2588//2588 2589//2589 2619//2619
f 2588//2588 2619//2619 2618//2618
f 2589//2589 2590//2590 2620//2620
f 2589//2589 2620//2620 2619//2619
f 2590//2590 2591//2591 2621//2621
f 2590//2590 2621//2621 2620//2620
f 2591//2591 2592//2592 2622//2622
f 2591//2591 2622//2622 2621//2621
f 2592//2592 2593//2593 2623//2623
f 2592//2592 2623//2623 2622//2622
f 2593//2593 2594//2594 2624//2624
f 2593//2593 2624//2624 2623//2623
f 2594//2594 2595//2595 2625//2625
f 2594//2594 2625//2625 2624//2624
f 2618//2618 2619//2619 2649//2649
f 2618//2618 2649//2649 2648//2648
f 2619//2619 2620//2620 2650//2650
f 2619//2619 2650//2650 2649//2649
f 2620//2620 2621//2621 2651//2651
f 2620//2620 2651//2651 2650//2650
f 2621//2621 2622//2622 2652//2652
f 2621//2621 2652//2652 2651//2651
f 2622//2622 2623//2623 2653//2653
f 2622//2622 2653//2653 2652//2652
f 2623//2623 2624//2624 2654//2654
f 2623//2623 2654//2654 2653//2653