# Sael - generated by Anime Fight Engine
o Sael
v 0.19300 0.99000 0.00000 0.188 0.196 0.227
v 0.17987 0.99000 0.04900 0.188 0.196 0.227
v 0.14400 0.99000 0.08487 0.188 0.196 0.227
v 0.09500 0.99000 0.09800 0.188 0.196 0.227
v 0.04600 0.99000 0.08487 0.188 0.196 0.227
v 0.01013 0.99000 0.04900 0.188 0.196 0.227
v -0.00300 0.99000 0.00000 0.188 0.196 0.227
v 0.01013 0.99000 -0.04900 0.188 0.196 0.227
v 0.04600 0.99000 -0.08487 0.188 0.196 0.227
v 0.09500 0.99000 -0.09800 0.188 0.196 0.227
v 0.14400 0.99000 -0.08487 0.188 0.196 0.227
v 0.17987 0.99000 -0.04900 0.188 0.196 0.227
v 0.19594 0.92000 0.00000 0.188 0.196 0.227
v 0.18242 0.92046 0.05047 0.188 0.196 0.227
v 0.14547 0.92080 0.08741 0.188 0.196 0.227
v 0.09500 0.92093 0.10094 0.188 0.196 0.227
v 0.04453 0.92080 0.08741 0.188 0.196 0.227
v 0.00758 0.92046 0.05047 0.188 0.196 0.227
v -0.00594 0.92000 0.00000 0.188 0.196 0.227
v 0.00758 0.91954 -0.05047 0.188 0.196 0.227
v 0.04453 0.91920 -0.08741 0.188 0.196 0.227
v 0.09500 0.91907 -0.10094 0.188 0.196 0.227
v 0.14547 0.91920 -0.08741 0.188 0.196 0.227
v 0.18242 0.91954 -0.05047 0.188 0.196 0.227
v 0.19104 0.79400 0.00180 0.188 0.196 0.227
v 0.17817 0.79469 0.04982 0.188 0.196 0.227
v 0.14302 0.79519 0.08496 0.188 0.196 0.227
v 0.09500 0.79537 0.09783 0.188 0.196 0.227
v 0.04698 0.79519 0.08496 0.188 0.196 0.227
v 0.01183 0.79469 0.04982 0.188 0.196 0.227
v -0.00104 0.79400 0.00180 0.188 0.196 0.227
v 0.01183 0.79331 -0.04622 0.188 0.196 0.227
v 0.04698 0.79281 -0.08136 0.188 0.196 0.227
v 0.09500 0.79263 -0.09423 0.188 0.196 0.227
v 0.14302 0.79281 -0.08136 0.188 0.196 0.227
v 0.17817 0.79331 -0.04622 0.188 0.196 0.227
v 0.17732 0.65960 0.00372 0.188 0.196 0.227
v 0.16629 0.66019 0.04488 0.188 0.196 0.227
v 0.13616 0.66062 0.07500 0.188 0.196 0.227
v 0.09500 0.66078 0.08603 0.188 0.196 0.227
v 0.05384 0.66062 0.07500 0.188 0.196 0.227
v 0.02371 0.66019 0.04488 0.188 0.196 0.227
v 0.01268 0.65960 0.00372 0.188 0.196 0.227
v 0.02371 0.65901 -0.03744 0.188 0.196 0.227
v 0.05384 0.65858 -0.06756 0.188 0.196 0.227
v 0.09500 0.65842 -0.07859 0.188 0.196 0.227
v 0.13616 0.65858 -0.06756 0.188 0.196 0.227
v 0.16629 0.65901 -0.03744 0.188 0.196 0.227
v 0.16360 0.54200 0.00540 0.188 0.196 0.227
v 0.15441 0.54249 0.03970 0.188 0.196 0.227
v 0.12930 0.54285 0.06480 0.188 0.196 0.227
v 0.09500 0.54298 0.07399 0.188 0.196 0.227
v 0.06070 0.54285 0.06480 0.188 0.196 0.227
v 0.03559 0.54249 0.03970 0.188 0.196 0.227
v 0.02640 0.54200 0.00540 0.188 0.196 0.227
v 0.03559 0.54151 -0.02890 0.188 0.196 0.227
v 0.06070 0.54115 -0.05400 0.188 0.196 0.227
v 0.09500 0.54102 -0.06319 0.188 0.196 0.227
v 0.12930 0.54115 -0.05400 0.188 0.196 0.227
v 0.15441 0.54151 -0.02890 0.188 0.196 0.227
v 0.15772 0.50000 0.00600 0.188 0.196 0.227
v 0.14932 0.49991 0.03736 0.188 0.196 0.227
v 0.12636 0.49984 0.06032 0.188 0.196 0.227
v 0.09500 0.49982 0.06872 0.188 0.196 0.227
v 0.06364 0.49984 0.06032 0.188 0.196 0.227
v 0.04068 0.49991 0.03736 0.188 0.196 0.227
v 0.03228 0.50000 0.00600 0.188 0.196 0.227
v 0.04068 0.50009 -0.02536 0.188 0.196 0.227
v 0.06364 0.50016 -0.04832 0.188 0.196 0.227
v 0.09500 0.50018 -0.05672 0.188 0.196 0.227
v 0.12636 0.50016 -0.04832 0.188 0.196 0.227
v 0.14932 0.50009 -0.02536 0.188 0.196 0.227
v 0.15870 0.43700 0.00510 0.188 0.196 0.227
v 0.15017 0.43655 0.03695 0.188 0.196 0.227
v 0.12685 0.43621 0.06026 0.188 0.196 0.227
v 0.09500 0.43609 0.06879 0.188 0.196 0.227
v 0.06315 0.43621 0.06026 0.188 0.196 0.227
v 0.03983 0.43655 0.03695 0.188 0.196 0.227
v 0.03130 0.43700 0.00510 0.188 0.196 0.227
v 0.03983 0.43745 -0.02675 0.188 0.196 0.227
v 0.06315 0.43779 -0.05006 0.188 0.196 0.227
v 0.09500 0.43791 -0.05859 0.188 0.196 0.227
v 0.12685 0.43779 -0.05006 0.188 0.196 0.227
v 0.15017 0.43745 -0.02675 0.188 0.196 0.227
v 0.16164 0.32360 0.00348 0.188 0.196 0.227
v 0.15271 0.32312 0.03680 0.188 0.196 0.227
v 0.12832 0.32278 0.06119 0.188 0.196 0.227
v 0.09500 0.32265 0.07011 0.188 0.196 0.227
v 0.06168 0.32278 0.06119 0.188 0.196 0.227
v 0.03729 0.32312 0.03680 0.188 0.196 0.227
v 0.02836 0.32360 0.00348 0.188 0.196 0.227
v 0.03729 0.32408 -0.02984 0.188 0.196 0.227
v 0.06168 0.32442 -0.05423 0.188 0.196 0.227
v 0.09500 0.32455 -0.06315 0.188 0.196 0.227
v 0.12832 0.32442 -0.05423 0.188 0.196 0.227
v 0.15271 0.32408 -0.02984 0.188 0.196 0.227
v 0.15380 0.19760 0.00168 0.188 0.196 0.227
v 0.14592 0.19718 0.03108 0.188 0.196 0.227
v 0.12440 0.19687 0.05260 0.188 0.196 0.227
v 0.09500 0.19676 0.06047 0.188 0.196 0.227
v 0.06560 0.19687 0.05260 0.188 0.196 0.227
v 0.04408 0.19718 0.03108 0.188 0.196 0.227
v 0.03620 0.19760 0.00168 0.188 0.196 0.227
v 0.04408 0.19802 -0.02772 0.188 0.196 0.227
v 0.06560 0.19833 -0.04924 0.188 0.196 0.227
v 0.09500 0.19844 -0.05711 0.188 0.196 0.227
v 0.12440 0.19833 -0.04924 0.188 0.196 0.227
v 0.14592 0.19802 -0.02772 0.188 0.196 0.227
v 0.09500 0.99000 0.00000 0.188 0.196 0.227
v 0.09500 0.19760 0.00168 0.188 0.196 0.227
v 0.15576 0.22280 0.00204 0.604 0.631 0.686
v 0.14762 0.22237 0.03242 0.604 0.631 0.686
v 0.12538 0.22205 0.05465 0.604 0.631 0.686
v 0.09500 0.22193 0.06279 0.604 0.631 0.686
v 0.06462 0.22205 0.05465 0.604 0.631 0.686
v 0.04238 0.22237 0.03242 0.604 0.631 0.686
v 0.03424 0.22280 0.00204 0.604 0.631 0.686
v 0.04238 0.22323 -0.02834 0.604 0.631 0.686
v 0.06462 0.22355 -0.05057 0.604 0.631 0.686
v 0.09500 0.22367 -0.05871 0.604 0.631 0.686
v 0.12538 0.22355 -0.05057 0.604 0.631 0.686
v 0.14762 0.22323 -0.02834 0.604 0.631 0.686
v 0.15380 0.19760 0.00168 0.604 0.631 0.686
v 0.14592 0.19718 0.03108 0.604 0.631 0.686
v 0.12440 0.19687 0.05260 0.604 0.631 0.686
v 0.09500 0.19676 0.06047 0.604 0.631 0.686
v 0.06560 0.19687 0.05260 0.604 0.631 0.686
v 0.04408 0.19718 0.03108 0.604 0.631 0.686
v 0.03620 0.19760 0.00168 0.604 0.631 0.686
v 0.04408 0.19802 -0.02772 0.604 0.631 0.686
v 0.06560 0.19833 -0.04924 0.604 0.631 0.686
v 0.09500 0.19844 -0.05711 0.604 0.631 0.686
v 0.12440 0.19833 -0.04924 0.604 0.631 0.686
v 0.14592 0.19802 -0.02772 0.604 0.631 0.686
v 0.15086 0.18080 0.00144 0.106 0.110 0.133
v 0.14338 0.18040 0.02937 0.106 0.110 0.133
v 0.12293 0.18011 0.04981 0.106 0.110 0.133
v 0.09500 0.18000 0.05729 0.106 0.110 0.133
v 0.06707 0.18011 0.04981 0.106 0.110 0.133
v 0.04662 0.18040 0.02937 0.106 0.110 0.133
v 0.03914 0.18080 0.00144 0.106 0.110 0.133
v 0.04662 0.18120 -0.02649 0.106 0.110 0.133
v 0.06707 0.18149 -0.04693 0.106 0.110 0.133
v 0.09500 0.18160 -0.05441 0.106 0.110 0.133
v 0.12293 0.18149 -0.04693 0.106 0.110 0.133
v 0.14338 0.18120 -0.02649 0.106 0.110 0.133
v 0.14400 0.10100 0.00030 0.106 0.110 0.133
v 0.13744 0.10069 0.02480 0.106 0.110 0.133
v 0.11950 0.10046 0.04273 0.106 0.110 0.133
v 0.09500 0.10037 0.04930 0.106 0.110 0.133
v 0.07050 0.10046 0.04273 0.106 0.110 0.133
v 0.05256 0.10069 0.02480 0.106 0.110 0.133
v 0.04600 0.10100 0.00030 0.106 0.110 0.133
v 0.05256 0.10131 -0.02420 0.106 0.110 0.133
v 0.07050 0.10154 -0.04213 0.106 0.110 0.133
v 0.09500 0.10163 -0.04870 0.106 0.110 0.133
v 0.11950 0.10154 -0.04213 0.106 0.110 0.133
v 0.13744 0.10131 -0.02420 0.106 0.110 0.133
v 0.14400 0.06800 0.00000 0.106 0.110 0.133
v 0.13744 0.06778 0.02450 0.106 0.110 0.133
v 0.11950 0.06761 0.04243 0.106 0.110 0.133
v 0.09500 0.06755 0.04900 0.106 0.110 0.133
v 0.07050 0.06761 0.04243 0.106 0.110 0.133
v 0.05256 0.06778 0.02450 0.106 0.110 0.133
v 0.04600 0.06800 0.00000 0.106 0.110 0.133
v 0.05256 0.06822 -0.02450 0.106 0.110 0.133
v 0.07050 0.06839 -0.04243 0.106 0.110 0.133
v 0.09500 0.06845 -0.04900 0.106 0.110 0.133
v 0.11950 0.06839 -0.04243 0.106 0.110 0.133
v 0.13744 0.06822 -0.02450 0.106 0.110 0.133
v 0.09500 0.06800 0.00000 0.106 0.110 0.133
v 0.13900 0.05800 -0.06200 0.106 0.110 0.133
v 0.13311 0.08600 -0.06200 0.106 0.110 0.133
v 0.11700 0.10650 -0.06200 0.106 0.110 0.133
v 0.09500 0.11400 -0.06200 0.106 0.110 0.133
v 0.07300 0.10650 -0.06200 0.106 0.110 0.133
v 0.05689 0.08600 -0.06200 0.106 0.110 0.133
v 0.05100 0.05800 -0.06200 0.106 0.110 0.133
v 0.05689 0.03000 -0.06200 0.106 0.110 0.133
v 0.07300 0.00950 -0.06200 0.106 0.110 0.133
v 0.09500 0.00200 -0.06200 0.106 0.110 0.133
v 0.11700 0.00950 -0.06200 0.106 0.110 0.133
v 0.13311 0.03000 -0.06200 0.106 0.110 0.133
v 0.14500 0.05000 -0.02000 0.106 0.110 0.133
v 0.13830 0.07700 -0.02000 0.106 0.110 0.133
v 0.12000 0.09677 -0.02000 0.106 0.110 0.133
v 0.09500 0.10400 -0.02000 0.106 0.110 0.133
v 0.07000 0.09677 -0.02000 0.106 0.110 0.133
v 0.05170 0.07700 -0.02000 0.106 0.110 0.133
v 0.04500 0.05000 -0.02000 0.106 0.110 0.133
v 0.05170 0.02300 -0.02000 0.106 0.110 0.133
v 0.07000 0.00323 -0.02000 0.106 0.110 0.133
v 0.09500 -0.00400 -0.02000 0.106 0.110 0.133
v 0.12000 0.00323 -0.02000 0.106 0.110 0.133
v 0.13830 0.02300 -0.02000 0.106 0.110 0.133
v 0.14400 0.04000 0.05500 0.106 0.110 0.133
v 0.13744 0.06000 0.05500 0.106 0.110 0.133
v 0.11950 0.07464 0.05500 0.106 0.110 0.133
v 0.09500 0.08000 0.05500 0.106 0.110 0.133
v 0.07050 0.07464 0.05500 0.106 0.110 0.133
v 0.05256 0.06000 0.05500 0.106 0.110 0.133
v 0.04600 0.04000 0.05500 0.106 0.110 0.133
v 0.05256 0.02000 0.05500 0.106 0.110 0.133
v 0.07050 0.00536 0.05500 0.106 0.110 0.133
v 0.09500 0.00000 0.05500 0.106 0.110 0.133
v 0.11950 0.00536 0.05500 0.106 0.110 0.133
v 0.13744 0.02000 0.05500 0.106 0.110 0.133
v 0.13900 0.03400 0.11500 0.106 0.110 0.133
v 0.13311 0.05000 0.11500 0.106 0.110 0.133
v 0.11700 0.06171 0.11500 0.106 0.110 0.133
v 0.09500 0.06600 0.11500 0.106 0.110 0.133
v 0.07300 0.06171 0.11500 0.106 0.110 0.133
v 0.05689 0.05000 0.11500 0.106 0.110 0.133
v 0.05100 0.03400 0.11500 0.106 0.110 0.133
v 0.05689 0.01800 0.11500 0.106 0.110 0.133
v 0.07300 0.00629 0.11500 0.106 0.110 0.133
v 0.09500 0.00200 0.11500 0.106 0.110 0.133
v 0.11700 0.00629 0.11500 0.106 0.110 0.133
v 0.13311 0.01800 0.11500 0.106 0.110 0.133
v 0.12500 0.02600 0.18500 0.106 0.110 0.133
v 0.12098 0.03800 0.18500 0.106 0.110 0.133
v 0.11000 0.04678 0.18500 0.106 0.110 0.133
v 0.09500 0.05000 0.18500 0.106 0.110 0.133
v 0.08000 0.04678 0.18500 0.106 0.110 0.133
v 0.06902 0.03800 0.18500 0.106 0.110 0.133
v 0.06500 0.02600 0.18500 0.106 0.110 0.133
v 0.06902 0.01400 0.18500 0.106 0.110 0.133
v 0.08000 0.00522 0.18500 0.106 0.110 0.133
v 0.09500 0.00200 0.18500 0.106 0.110 0.133
v 0.11000 0.00522 0.18500 0.106 0.110 0.133
v 0.12098 0.01400 0.18500 0.106 0.110 0.133
v 0.09500 0.05800 -0.06200 0.106 0.110 0.133
v 0.09500 0.02600 0.18500 0.106 0.110 0.133
v 0.00300 0.99000 0.00000 0.188 0.196 0.227
v -0.01013 0.99000 0.04900 0.188 0.196 0.227
v -0.04600 0.99000 0.08487 0.188 0.196 0.227
v -0.09500 0.99000 0.09800 0.188 0.196 0.227
v -0.14400 0.99000 0.08487 0.188 0.196 0.227
v -0.17987 0.99000 0.04900 0.188 0.196 0.227
v -0.19300 0.99000 0.00000 0.188 0.196 0.227
v -0.17987 0.99000 -0.04900 0.188 0.196 0.227
v -0.14400 0.99000 -0.08487 0.188 0.196 0.227
v -0.09500 0.99000 -0.09800 0.188 0.196 0.227
v -0.04600 0.99000 -0.08487 0.188 0.196 0.227
v -0.01013 0.99000 -0.04900 0.188 0.196 0.227
v 0.00594 0.92000 0.00000 0.188 0.196 0.227
v -0.00758 0.92046 0.05047 0.188 0.196 0.227
v -0.04453 0.92080 0.08741 0.188 0.196 0.227
v -0.09500 0.92093 0.10094 0.188 0.196 0.227
v -0.14547 0.92080 0.08741 0.188 0.196 0.227
v -0.18242 0.92046 0.05047 0.188 0.196 0.227
v -0.19594 0.92000 0.00000 0.188 0.196 0.227
v -0.18242 0.91954 -0.05047 0.188 0.196 0.227
v -0.14547 0.91920 -0.08741 0.188 0.196 0.227
v -0.09500 0.91907 -0.10094 0.188 0.196 0.227
v -0.04453 0.91920 -0.08741 0.188 0.196 0.227
v -0.00758 0.91954 -0.05047 0.188 0.196 0.227
v 0.00104 0.79400 0.00180 0.188 0.196 0.227
v -0.01183 0.79469 0.04982 0.188 0.196 0.227
v -0.04698 0.79519 0.08496 0.188 0.196 0.227
v -0.09500 0.79537 0.09783 0.188 0.196 0.227
v -0.14302 0.79519 0.08496 0.188 0.196 0.227
v -0.17817 0.79469 0.04982 0.188 0.196 0.227
v -0.19104 0.79400 0.00180 0.188 0.196 0.227
v -0.17817 0.79331 -0.04622 0.188 0.196 0.227
v -0.14302 0.79281 -0.08136 0.188 0.196 0.227
v -0.09500 0.79263 -0.09423 0.188 0.196 0.227
v -0.04698 0.79281 -0.08136 0.188 0.196 0.227
v -0.01183 0.79331 -0.04622 0.188 0.196 0.227
v -0.01268 0.65960 0.00372 0.188 0.196 0.227
v -0.02371 0.66019 0.04488 0.188 0.196 0.227
v -0.05384 0.66062 0.07500 0.188 0.196 0.227
v -0.09500 0.66078 0.08603 0.188 0.196 0.227
v -0.13616 0.66062 0.07500 0.188 0.196 0.227
v -0.16629 0.66019 0.04488 0.188 0.196 0.227
v -0.17732 0.65960 0.00372 0.188 0.196 0.227
v -0.16629 0.65901 -0.03744 0.188 0.196 0.227
v -0.13616 0.65858 -0.06756 0.188 0.196 0.227
v -0.09500 0.65842 -0.07859 0.188 0.196 0.227
v -0.05384 0.65858 -0.06756 0.188 0.196 0.227
v -0.02371 0.65901 -0.03744 0.188 0.196 0.227
v -0.02640 0.54200 0.00540 0.188 0.196 0.227
v -0.03559 0.54249 0.03970 0.188 0.196 0.227
v -0.06070 0.54285 0.06480 0.188 0.196 0.227
v -0.09500 0.54298 0.07399 0.188 0.196 0.227
v -0.12930 0.54285 0.06480 0.188 0.196 0.227
v -0.15441 0.54249 0.03970 0.188 0.196 0.227
v -0.16360 0.54200 0.00540 0.188 0.196 0.227
v -0.15441 0.54151 -0.02890 0.188 0.196 0.227
v -0.12930 0.54115 -0.05400 0.188 0.196 0.227
v -0.09500 0.54102 -0.06319 0.188 0.196 0.227
v -0.06070 0.54115 -0.05400 0.188 0.196 0.227
v -0.03559 0.54151 -0.02890 0.188 0.196 0.227
v -0.03228 0.50000 0.00600 0.188 0.196 0.227
v -0.04068 0.49991 0.03736 0.188 0.196 0.227
v -0.06364 0.49984 0.06032 0.188 0.196 0.227
v -0.09500 0.49982 0.06872 0.188 0.196 0.227
v -0.12636 0.49984 0.06032 0.188 0.196 0.227
v -0.14932 0.49991 0.03736 0.188 0.196 0.227
v -0.15772 0.50000 0.00600 0.188 0.196 0.227
v -0.14932 0.50009 -0.02536 0.188 0.196 0.227
v -0.12636 0.50016 -0.04832 0.188 0.196 0.227
v -0.09500 0.50018 -0.05672 0.188 0.196 0.227
v -0.06364 0.50016 -0.04832 0.188 0.196 0.227
v -0.04068 0.50009 -0.02536 0.188 0.196 0.227
v -0.03130 0.43700 0.00510 0.188 0.196 0.227
v -0.03983 0.43655 0.03695 0.188 0.196 0.227
v -0.06315 0.43621 0.06026 0.188 0.196 0.227
v -0.09500 0.43609 0.06879 0.188 0.196 0.227
v -0.12685 0.43621 0.06026 0.188 0.196 0.227
v -0.15017 0.43655 0.03695 0.188 0.196 0.227
v -0.15870 0.43700 0.00510 0.188 0.196 0.227
v -0.15017 0.43745 -0.02675 0.188 0.196 0.227
v -0.12685 0.43779 -0.05006 0.188 0.196 0.227
v -0.09500 0.43791 -0.05859 0.188 0.196 0.227
v -0.06315 0.43779 -0.05006 0.188 0.196 0.227
v -0.03983 0.43745 -0.02675 0.188 0.196 0.227
v -0.02836 0.32360 0.00348 0.188 0.196 0.227
v -0.03729 0.32312 0.03680 0.188 0.196 0.227
v -0.06168 0.32278 0.06119 0.188 0.196 0.227
v -0.09500 0.32265 0.07011 0.188 0.196 0.227
v -0.12832 0.32278 0.06119 0.188 0.196 0.227
v -0.15271 0.32312 0.03680 0.188 0.196 0.227
v -0.16164 0.32360 0.00348 0.188 0.196 0.227
v -0.15271 0.32408 -0.02984 0.188 0.196 0.227
v -0.12832 0.32442 -0.05423 0.188 0.196 0.227
v -0.09500 0.32455 -0.06315 0.188 0.196 0.227
v -0.06168 0.32442 -0.05423 0.188 0.196 0.227
v -0.03729 0.32408 -0.02984 0.188 0.196 0.227
v -0.03620 0.19760 0.00168 0.188 0.196 0.227
v -0.04408 0.19718 0.03108 0.188 0.196 0.227
v -0.06560 0.19687 0.05260 0.188 0.196 0.227
v -0.09500 0.19676 0.06047 0.188 0.196 0.227
v -0.12440 0.19687 0.05260 0.188 0.196 0.227
v -0.14592 0.19718 0.03108 0.188 0.196 0.227
v -0.15380 0.19760 0.00168 0.188 0.196 0.227
v -0.14592 0.19802 -0.02772 0.188 0.196 0.227
v -0.12440 0.19833 -0.04924 0.188 0.196 0.227
v -0.09500 0.19844 -0.05711 0.188 0.196 0.227
v -0.06560 0.19833 -0.04924 0.188 0.196 0.227
v -0.04408 0.19802 -0.02772 0.188 0.196 0.227
v -0.09500 0.99000 0.00000 0.188 0.196 0.227
v -0.09500 0.19760 0.00168 0.188 0.196 0.227
v -0.03424 0.22280 0.00204 0.604 0.631 0.686
v -0.04238 0.22237 0.03242 0.604 0.631 0.686
v -0.06462 0.22205 0.05465 0.604 0.631 0.686
v -0.09500 0.22193 0.06279 0.604 0.631 0.686
v -0.12538 0.22205 0.05465 0.604 0.631 0.686
v -0.14762 0.22237 0.03242 0.604 0.631 0.686
v -0.15576 0.22280 0.00204 0.604 0.631 0.686
v -0.14762 0.22323 -0.02834 0.604 0.631 0.686
v -0.12538 0.22355 -0.05057 0.604 0.631 0.686
v -0.09500 0.22367 -0.05871 0.604 0.631 0.686
v -0.06462 0.22355 -0.05057 0.604 0.631 0.686
v -0.04238 0.22323 -0.02834 0.604 0.631 0.686
v -0.03620 0.19760 0.00168 0.604 0.631 0.686
v -0.04408 0.19718 0.03108 0.604 0.631 0.686
v -0.06560 0.19687 0.05260 0.604 0.631 0.686
v -0.09500 0.19676 0.06047 0.604 0.631 0.686
v -0.12440 0.19687 0.05260 0.604 0.631 0.686
v -0.14592 0.19718 0.03108 0.604 0.631 0.686
v -0.15380 0.19760 0.00168 0.604 0.631 0.686
v -0.14592 0.19802 -0.02772 0.604 0.631 0.686
v -0.12440 0.19833 -0.04924 0.604 0.631 0.686
v -0.09500 0.19844 -0.05711 0.604 0.631 0.686
v -0.06560 0.19833 -0.04924 0.604 0.631 0.686
v -0.04408 0.19802 -0.02772 0.604 0.631 0.686
v -0.03914 0.18080 0.00144 0.106 0.110 0.133
v -0.04662 0.18040 0.02937 0.106 0.110 0.133
v -0.06707 0.18011 0.04981 0.106 0.110 0.133
v -0.09500 0.18000 0.05729 0.106 0.110 0.133
v -0.12293 0.18011 0.04981 0.106 0.110 0.133
v -0.14338 0.18040 0.02937 0.106 0.110 0.133
v -0.15086 0.18080 0.00144 0.106 0.110 0.133
v -0.14338 0.18120 -0.02649 0.106 0.110 0.133
v -0.12293 0.18149 -0.04693 0.106 0.110 0.133
v -0.09500 0.18160 -0.05441 0.106 0.110 0.133
v -0.06707 0.18149 -0.04693 0.106 0.110 0.133
v -0.04662 0.18120 -0.02649 0.106 0.110 0.133
v -0.04600 0.10100 0.00030 0.106 0.110 0.133
v -0.05256 0.10069 0.02480 0.106 0.110 0.133
v -0.07050 0.10046 0.04273 0.106 0.110 0.133
v -0.09500 0.10037 0.04930 0.106 0.110 0.133
v -0.11950 0.10046 0.04273 0.106 0.110 0.133
v -0.13744 0.10069 0.02480 0.106 0.110 0.133
v -0.14400 0.10100 0.00030 0.106 0.110 0.133
v -0.13744 0.10131 -0.02420 0.106 0.110 0.133
v -0.11950 0.10154 -0.04213 0.106 0.110 0.133
v -0.09500 0.10163 -0.04870 0.106 0.110 0.133
v -0.07050 0.10154 -0.04213 0.106 0.110 0.133
v -0.05256 0.10131 -0.02420 0.106 0.110 0.133
v -0.04600 0.06800 0.00000 0.106 0.110 0.133
v -0.05256 0.06778 0.02450 0.106 0.110 0.133
v -0.07050 0.06761 0.04243 0.106 0.110 0.133
v -0.09500 0.06755 0.04900 0.106 0.110 0.133
v -0.11950 0.06761 0.04243 0.106 0.110 0.133
v -0.13744 0.06778 0.02450 0.106 0.110 0.133
v -0.14400 0.06800 0.00000 0.106 0.110 0.133
v -0.13744 0.06822 -0.02450 0.106 0.110 0.133
v -0.11950 0.06839 -0.04243 0.106 0.110 0.133
v -0.09500 0.06845 -0.04900 0.106 0.110 0.133
v -0.07050 0.06839 -0.04243 0.106 0.110 0.133
v -0.05256 0.06822 -0.02450 0.106 0.110 0.133
v -0.09500 0.06800 0.00000 0.106 0.110 0.133
v -0.05100 0.05800 -0.06200 0.106 0.110 0.133
v -0.05689 0.08600 -0.06200 0.106 0.110 0.133
v -0.07300 0.10650 -0.06200 0.106 0.110 0.133
v -0.09500 0.11400 -0.06200 0.106 0.110 0.133
v -0.11700 0.10650 -0.06200 0.106 0.110 0.133
v -0.13311 0.08600 -0.06200 0.106 0.110 0.133
v -0.13900 0.05800 -0.06200 0.106 0.110 0.133
v -0.13311 0.03000 -0.06200 0.106 0.110 0.133
v -0.11700 0.00950 -0.06200 0.106 0.110 0.133
v -0.09500 0.00200 -0.06200 0.106 0.110 0.133
v -0.07300 0.00950 -0.06200 0.106 0.110 0.133
v -0.05689 0.03000 -0.06200 0.106 0.110 0.133
v -0.04500 0.05000 -0.02000 0.106 0.110 0.133
v -0.05170 0.07700 -0.02000 0.106 0.110 0.133
v -0.07000 0.09677 -0.02000 0.106 0.110 0.133
v -0.09500 0.10400 -0.02000 0.106 0.110 0.133
v -0.12000 0.09677 -0.02000 0.106 0.110 0.133
v -0.13830 0.07700 -0.02000 0.106 0.110 0.133
v -0.14500 0.05000 -0.02000 0.106 0.110 0.133
v -0.13830 0.02300 -0.02000 0.106 0.110 0.133
v -0.12000 0.00323 -0.02000 0.106 0.110 0.133
v -0.09500 -0.00400 -0.02000 0.106 0.110 0.133
v -0.07000 0.00323 -0.02000 0.106 0.110 0.133
v -0.05170 0.02300 -0.02000 0.106 0.110 0.133
v -0.04600 0.04000 0.05500 0.106 0.110 0.133
v -0.05256 0.06000 0.05500 0.106 0.110 0.133
v -0.07050 0.07464 0.05500 0.106 0.110 0.133
v -0.09500 0.08000 0.05500 0.106 0.110 0.133
v -0.11950 0.07464 0.05500 0.106 0.110 0.133
v -0.13744 0.06000 0.05500 0.106 0.110 0.133
v -0.14400 0.04000 0.05500 0.106 0.110 0.133
v -0.13744 0.02000 0.05500 0.106 0.110 0.133
v -0.11950 0.00536 0.05500 0.106 0.110 0.133
v -0.09500 0.00000 0.05500 0.106 0.110 0.133
v -0.07050 0.00536 0.05500 0.106 0.110 0.133
v -0.05256 0.02000 0.05500 0.106 0.110 0.133
v -0.05100 0.03400 0.11500 0.106 0.110 0.133
v -0.05689 0.05000 0.11500 0.106 0.110 0.133
v -0.07300 0.06171 0.11500 0.106 0.110 0.133
v -0.09500 0.06600 0.11500 0.106 0.110 0.133
v -0.11700 0.06171 0.11500 0.106 0.110 0.133
v -0.13311 0.05000 0.11500 0.106 0.110 0.133
v -0.13900 0.03400 0.11500 0.106 0.110 0.133
v -0.13311 0.01800 0.11500 0.106 0.110 0.133
v -0.11700 0.00629 0.11500 0.106 0.110 0.133
v -0.09500 0.00200 0.11500 0.106 0.110 0.133
v -0.07300 0.00629 0.11500 0.106 0.110 0.133
v -0.05689 0.01800 0.11500 0.106 0.110 0.133
v -0.06500 0.02600 0.18500 0.106 0.110 0.133
v -0.06902 0.03800 0.18500 0.106 0.110 0.133
v -0.08000 0.04678 0.18500 0.106 0.110 0.133
v -0.09500 0.05000 0.18500 0.106 0.110 0.133
v -0.11000 0.04678 0.18500 0.106 0.110 0.133
v -0.12098 0.03800 0.18500 0.106 0.110 0.133
v -0.12500 0.02600 0.18500 0.106 0.110 0.133
v -0.12098 0.01400 0.18500 0.106 0.110 0.133
v -0.11000 0.00522 0.18500 0.106 0.110 0.133
v -0.09500 0.00200 0.18500 0.106 0.110 0.133
v -0.08000 0.00522 0.18500 0.106 0.110 0.133
v -0.06902 0.01400 0.18500 0.106 0.110 0.133
v -0.09500 0.05800 -0.06200 0.106 0.110 0.133
v -0.09500 0.02600 0.18500 0.106 0.110 0.133
v -0.14800 0.86000 0.00000 0.188 0.196 0.227
v -0.14076 0.86000 0.03214 0.188 0.196 0.227
v -0.11973 0.86000 0.06113 0.188 0.196 0.227
v -0.08699 0.86000 0.08414 0.188 0.196 0.227
v -0.04573 0.86000 0.09891 0.188 0.196 0.227
v -0.00000 0.86000 0.10400 0.188 0.196 0.227
v 0.04573 0.86000 0.09891 0.188 0.196 0.227
v 0.08699 0.86000 0.08414 0.188 0.196 0.227
v 0.11973 0.86000 0.06113 0.188 0.196 0.227
v 0.14076 0.86000 0.03214 0.188 0.196 0.227
v 0.14800 0.86000 0.00000 0.188 0.196 0.227
v 0.14076 0.86000 -0.03214 0.188 0.196 0.227
v 0.11973 0.86000 -0.06113 0.188 0.196 0.227
v 0.08699 0.86000 -0.08414 0.188 0.196 0.227
v 0.04573 0.86000 -0.09891 0.188 0.196 0.227
v 0.00000 0.86000 -0.10400 0.188 0.196 0.227
v -0.04573 0.86000 -0.09891 0.188 0.196 0.227
v -0.08699 0.86000 -0.08414 0.188 0.196 0.227
v -0.11973 0.86000 -0.06113 0.188 0.196 0.227
v -0.14076 0.86000 -0.03214 0.188 0.196 0.227
v -0.16200 0.96000 0.00000 0.141 0.153 0.184
v -0.15407 0.96000 0.03461 0.141 0.153 0.184
v -0.13106 0.96000 0.06583 0.141 0.153 0.184
v -0.09522 0.96000 0.09061 0.141 0.153 0.184
v -0.05006 0.96000 0.10652 0.141 0.153 0.184
v -0.00000 0.96000 0.11200 0.141 0.153 0.184
v 0.05006 0.96000 0.10652 0.141 0.153 0.184
v 0.09522 0.96000 0.09061 0.141 0.153 0.184
v 0.13106 0.96000 0.06583 0.141 0.153 0.184
v 0.15407 0.96000 0.03461 0.141 0.153 0.184
v 0.16200 0.96000 0.00000 0.141 0.153 0.184
v 0.15407 0.96000 -0.03461 0.141 0.153 0.184
v 0.13106 0.96000 -0.06583 0.141 0.153 0.184
v 0.09522 0.96000 -0.09061 0.141 0.153 0.184
v 0.05006 0.96000 -0.10652 0.141 0.153 0.184
v 0.00000 0.96000 -0.11200 0.141 0.153 0.184
v -0.05006 0.96000 -0.10652 0.141 0.153 0.184
v -0.09522 0.96000 -0.09061 0.141 0.153 0.184
v -0.13106 0.96000 -0.06583 0.141 0.153 0.184
v -0.15407 0.96000 -0.03461 0.141 0.153 0.184
v -0.14000 1.07000 0.00000 0.141 0.153 0.184
v -0.13315 1.07000 0.03028 0.141 0.153 0.184
v -0.11326 1.07000 0.05760 0.141 0.153 0.184
v -0.08229 1.07000 0.07928 0.141 0.153 0.184
v -0.04326 1.07000 0.09320 0.141 0.153 0.184
v -0.00000 1.07000 0.09800 0.784 0.808 0.851
v 0.04326 1.07000 0.09320 0.141 0.153 0.184
v 0.08229 1.07000 0.07928 0.141 0.153 0.184
v 0.11326 1.07000 0.05760 0.141 0.153 0.184
v 0.13315 1.07000 0.03028 0.141 0.153 0.184
v 0.14000 1.07000 0.00000 0.141 0.153 0.184
v 0.13315 1.07000 -0.03028 0.141 0.153 0.184
v 0.11326 1.07000 -0.05760 0.141 0.153 0.184
v 0.08229 1.07000 -0.07928 0.141 0.153 0.184
v 0.04326 1.07000 -0.09320 0.141 0.153 0.184
v 0.00000 1.07000 -0.09800 0.141 0.153 0.184
v -0.04326 1.07000 -0.09320 0.141 0.153 0.184
v -0.08229 1.07000 -0.07928 0.141 0.153 0.184
v -0.11326 1.07000 -0.05760 0.141 0.153 0.184
v -0.13315 1.07000 -0.03028 0.141 0.153 0.184
v -0.15000 1.18000 0.00000 0.141 0.153 0.184
v -0.14266 1.18000 0.03214 0.141 0.153 0.184
v -0.12135 1.18000 0.06113 0.141 0.153 0.184
v -0.08817 1.18000 0.08414 0.141 0.153 0.184
v -0.04635 1.18000 0.09891 0.141 0.153 0.184
v -0.00000 1.18000 0.10400 0.784 0.808 0.851
v 0.04635 1.18000 0.09891 0.141 0.153 0.184
v 0.08817 1.18000 0.08414 0.141 0.153 0.184
v 0.12135 1.18000 0.06113 0.141 0.153 0.184
v 0.14266 1.18000 0.03214 0.141 0.153 0.184
v 0.15000 1.18000 0.00000 0.141 0.153 0.184
v 0.14266 1.18000 -0.03214 0.141 0.153 0.184
v 0.12135 1.18000 -0.06113 0.141 0.153 0.184
v 0.08817 1.18000 -0.08414 0.141 0.153 0.184
v 0.04635 1.18000 -0.09891 0.141 0.153 0.184
v 0.00000 1.18000 -0.10400 0.141 0.153 0.184
v -0.04635 1.18000 -0.09891 0.141 0.153 0.184
v -0.08817 1.18000 -0.08414 0.141 0.153 0.184
v -0.12135 1.18000 -0.06113 0.141 0.153 0.184
v -0.14266 1.18000 -0.03214 0.141 0.153 0.184
v -0.18800 1.29000 0.00000 0.141 0.153 0.184
v -0.17880 1.29000 0.03646 0.141 0.153 0.184
v -0.15210 1.29000 0.06936 0.141 0.153 0.184
v -0.11050 1.29000 0.09546 0.141 0.153 0.184
v -0.05810 1.29000 0.11222 0.141 0.153 0.184
v -0.00000 1.29000 0.11800 0.784 0.808 0.851
v 0.05810 1.29000 0.11222 0.141 0.153 0.184
v 0.11050 1.29000 0.09546 0.141 0.153 0.184
v 0.15210 1.29000 0.06936 0.141 0.153 0.184
v 0.17880 1.29000 0.03646 0.141 0.153 0.184
v 0.18800 1.29000 0.00000 0.141 0.153 0.184
v 0.17880 1.29000 -0.03646 0.141 0.153 0.184
v 0.15210 1.29000 -0.06936 0.141 0.153 0.184
v 0.11050 1.29000 -0.09546 0.141 0.153 0.184
v 0.05810 1.29000 -0.11222 0.141 0.153 0.184
v 0.00000 1.29000 -0.11800 0.141 0.153 0.184
v -0.05810 1.29000 -0.11222 0.141 0.153 0.184
v -0.11050 1.29000 -0.09546 0.141 0.153 0.184
v -0.15210 1.29000 -0.06936 0.141 0.153 0.184
v -0.17880 1.29000 -0.03646 0.141 0.153 0.184
v -0.20500 1.37500 0.00000 0.141 0.153 0.184
v -0.19497 1.37500 0.03337 0.141 0.153 0.184
v -0.16585 1.37500 0.06348 0.141 0.153 0.184
v -0.12050 1.37500 0.08737 0.141 0.153 0.184
v -0.06335 1.37500 0.10271 0.141 0.153 0.184
v -0.00000 1.37500 0.10800 0.784 0.808 0.851
v 0.06335 1.37500 0.10271 0.141 0.153 0.184
v 0.12050 1.37500 0.08737 0.141 0.153 0.184
v 0.16585 1.37500 0.06348 0.141 0.153 0.184
v 0.19497 1.37500 0.03337 0.141 0.153 0.184
v 0.20500 1.37500 0.00000 0.141 0.153 0.184
v 0.19497 1.37500 -0.03337 0.141 0.153 0.184
v 0.16585 1.37500 -0.06348 0.141 0.153 0.184
v 0.12050 1.37500 -0.08737 0.141 0.153 0.184
v 0.06335 1.37500 -0.10271 0.141 0.153 0.184
v 0.00000 1.37500 -0.10800 0.141 0.153 0.184
v -0.06335 1.37500 -0.10271 0.141 0.153 0.184
v -0.12050 1.37500 -0.08737 0.141 0.153 0.184
v -0.16585 1.37500 -0.06348 0.141 0.153 0.184
v -0.19497 1.37500 -0.03337 0.141 0.153 0.184
v -0.11500 1.43500 0.00000 0.141 0.153 0.184
v -0.10937 1.43500 0.02410 0.141 0.153 0.184
v -0.09304 1.43500 0.04585 0.141 0.153 0.184
v -0.06760 1.43500 0.06310 0.784 0.808 0.851
v -0.03554 1.43500 0.07418 0.784 0.808 0.851
v -0.00000 1.43500 0.07800 0.784 0.808 0.851
v 0.03554 1.43500 0.07418 0.784 0.808 0.851
v 0.06760 1.43500 0.06310 0.784 0.808 0.851
v 0.09304 1.43500 0.04585 0.141 0.153 0.184
v 0.10937 1.43500 0.02410 0.141 0.153 0.184
v 0.11500 1.43500 0.00000 0.141 0.153 0.184
v 0.10937 1.43500 -0.02410 0.141 0.153 0.184
v 0.09304 1.43500 -0.04585 0.141 0.153 0.184
v 0.06760 1.43500 -0.06310 0.784 0.808 0.851
v 0.03554 1.43500 -0.07418 0.784 0.808 0.851
v 0.00000 1.43500 -0.07800 0.784 0.808 0.851
v -0.03554 1.43500 -0.07418 0.784 0.808 0.851
v -0.06760 1.43500 -0.06310 0.784 0.808 0.851
v -0.09304 1.43500 -0.04585 0.141 0.153 0.184
v -0.10937 1.43500 -0.02410 0.141 0.153 0.184
v -0.06000 1.47000 0.00000 0.784 0.808 0.851
v -0.05706 1.47000 0.01700 0.784 0.808 0.851
v -0.04854 1.47000 0.03233 0.784 0.808 0.851
v -0.03527 1.47000 0.04450 0.784 0.808 0.851
v -0.01854 1.47000 0.05231 0.784 0.808 0.851
v -0.00000 1.47000 0.05500 0.784 0.808 0.851
v 0.01854 1.47000 0.05231 0.784 0.808 0.851
v 0.03527 1.47000 0.04450 0.784 0.808 0.851
v 0.04854 1.47000 0.03233 0.784 0.808 0.851
v 0.05706 1.47000 0.01700 0.784 0.808 0.851
v 0.06000 1.47000 0.00000 0.784 0.808 0.851
v 0.05706 1.47000 -0.01700 0.784 0.808 0.851
v 0.04854 1.47000 -0.03233 0.784 0.808 0.851
v 0.03527 1.47000 -0.04450 0.784 0.808 0.851
v 0.01854 1.47000 -0.05231 0.784 0.808 0.851
v 0.00000 1.47000 -0.05500 0.784 0.808 0.851
v -0.01854 1.47000 -0.05231 0.784 0.808 0.851
v -0.03527 1.47000 -0.04450 0.784 0.808 0.851
v -0.04854 1.47000 -0.03233 0.784 0.808 0.851
v -0.05706 1.47000 -0.01700 0.784 0.808 0.851
v 0.00000 0.86000 0.00000 0.188 0.196 0.227
v 0.00000 1.47000 0.00000 0.784 0.808 0.851
v -0.15200 1.03500 0.00000 0.498 0.114 0.173
v -0.14456 1.03500 0.03337 0.498 0.114 0.173
v -0.12297 1.03500 0.06348 0.498 0.114 0.173
v -0.08934 1.03500 0.08737 0.498 0.114 0.173
v -0.04697 1.03500 0.10271 0.498 0.114 0.173
v -0.00000 1.03500 0.10800 0.498 0.114 0.173
v 0.04697 1.03500 0.10271 0.498 0.114 0.173
v 0.08934 1.03500 0.08737 0.498 0.114 0.173
v 0.12297 1.03500 0.06348 0.498 0.114 0.173
v 0.14456 1.03500 0.03337 0.498 0.114 0.173
v 0.15200 1.03500 0.00000 0.498 0.114 0.173
v 0.14456 1.03500 -0.03337 0.498 0.114 0.173
v 0.12297 1.03500 -0.06348 0.498 0.114 0.173
v 0.08934 1.03500 -0.08737 0.498 0.114 0.173
v 0.04697 1.03500 -0.10271 0.498 0.114 0.173
v 0.00000 1.03500 -0.10800 0.498 0.114 0.173
v -0.04697 1.03500 -0.10271 0.498 0.114 0.173
v -0.08934 1.03500 -0.08737 0.498 0.114 0.173
v -0.12297 1.03500 -0.06348 0.498 0.114 0.173
v -0.14456 1.03500 -0.03337 0.498 0.114 0.173
v -0.15000 1.09000 0.00000 0.498 0.114 0.173
v -0.14266 1.09000 0.03276 0.498 0.114 0.173
v -0.12135 1.09000 0.06231 0.498 0.114 0.173
v -0.08817 1.09000 0.08576 0.498 0.114 0.173
v -0.04635 1.09000 0.10081 0.498 0.114 0.173
v -0.00000 1.09000 0.10600 0.498 0.114 0.173
v 0.04635 1.09000 0.10081 0.498 0.114 0.173
v 0.08817 1.09000 0.08576 0.498 0.114 0.173
v 0.12135 1.09000 0.06231 0.498 0.114 0.173
v 0.14266 1.09000 0.03276 0.498 0.114 0.173
v 0.15000 1.09000 0.00000 0.498 0.114 0.173
v 0.14266 1.09000 -0.03276 0.498 0.114 0.173
v 0.12135 1.09000 -0.06231 0.498 0.114 0.173
v 0.08817 1.09000 -0.08576 0.498 0.114 0.173
v 0.04635 1.09000 -0.10081 0.498 0.114 0.173
v 0.00000 1.09000 -0.10600 0.498 0.114 0.173
v -0.04635 1.09000 -0.10081 0.498 0.114 0.173
v -0.08817 1.09000 -0.08576 0.498 0.114 0.173
v -0.12135 1.09000 -0.06231 0.498 0.114 0.173
v -0.14266 1.09000 -0.03276 0.498 0.114 0.173
v 0.00000 1.03500 0.00000 0.498 0.114 0.173
v 0.00000 1.09000 0.00000 0.498 0.114 0.173
v 0.00000 1.03650 0.11310 0.784 0.808 0.851
v 0.00707 1.04397 0.11161 0.784 0.808 0.851
v 0.01000 1.06200 0.10800 0.784 0.808 0.851
v 0.00707 1.08003 0.10439 0.784 0.808 0.851
v 0.00000 1.08750 0.10290 0.784 0.808 0.851
v -0.00707 1.08003 0.10439 0.784 0.808 0.851
v -0.01000 1.06200 0.10800 0.784 0.808 0.851
v -0.00707 1.04397 0.11161 0.784 0.808 0.851
v 0.00000 1.04243 0.12231 0.784 0.808 0.851
v 0.00424 1.04875 0.12105 0.784 0.808 0.851
v 0.00600 1.06400 0.11800 0.784 0.808 0.851
v 0.00424 1.07925 0.11495 0.784 0.808 0.851
v 0.00000 1.08557 0.11369 0.784 0.808 0.851
v -0.00424 1.07925 0.11495 0.784 0.808 0.851
v -0.00600 1.06400 0.11800 0.784 0.808 0.851
v -0.00424 1.04875 0.12105 0.784 0.808 0.851
v 0.00000 1.06200 0.10800 0.784 0.808 0.851
v 0.00000 1.06400 0.11800 0.784 0.808 0.851
v -0.08200 1.43000 0.00000 0.141 0.153 0.184
v -0.07576 1.43229 0.02669 0.141 0.153 0.184
v -0.05798 1.43423 0.04932 0.141 0.153 0.184
v -0.03138 1.43552 0.06444 0.141 0.153 0.184
v -0.00000 1.43598 0.06974 0.141 0.153 0.184
v 0.03138 1.43552 0.06444 0.141 0.153 0.184
v 0.05798 1.43423 0.04932 0.141 0.153 0.184
v 0.07576 1.43229 0.02669 0.141 0.153 0.184
v 0.08200 1.43000 0.00000 0.141 0.153 0.184
v 0.07576 1.42771 -0.02669 0.141 0.153 0.184
v 0.05798 1.42577 -0.04932 0.141 0.153 0.184
v 0.03138 1.42448 -0.06444 0.141 0.153 0.184
v 0.00000 1.42402 -0.06974 0.141 0.153 0.184
v -0.03138 1.42448 -0.06444 0.141 0.153 0.184
v -0.05798 1.42577 -0.04932 0.141 0.153 0.184
v -0.07576 1.42771 -0.02669 0.141 0.153 0.184
v -0.07400 1.50000 -0.00600 0.784 0.808 0.851
v -0.06837 1.50216 0.01916 0.784 0.808 0.851
v -0.05233 1.50399 0.04050 0.784 0.808 0.851
v -0.02832 1.50521 0.05475 0.784 0.808 0.851
v -0.00000 1.50564 0.05976 0.784 0.808 0.851
v 0.02832 1.50521 0.05475 0.784 0.808 0.851
v 0.05233 1.50399 0.04050 0.784 0.808 0.851
v 0.06837 1.50216 0.01916 0.784 0.808 0.851
v 0.07400 1.50000 -0.00600 0.784 0.808 0.851
v 0.06837 1.49784 -0.03116 0.784 0.808 0.851
v 0.05233 1.49601 -0.05250 0.784 0.808 0.851
v 0.02832 1.49479 -0.06675 0.784 0.808 0.851
v 0.00000 1.49436 -0.07176 0.784 0.808 0.851
v -0.02832 1.49479 -0.06675 0.784 0.808 0.851
v -0.05233 1.49601 -0.05250 0.784 0.808 0.851
v -0.06837 1.49784 -0.03116 0.784 0.808 0.851
v -0.05400 1.42000 0.00000 0.918 0.788 0.706
v -0.04677 1.41865 0.02697 0.918 0.788 0.706
v -0.02700 1.41766 0.04671 0.918 0.788 0.706
v -0.00000 1.41730 0.05393 0.918 0.788 0.706
v 0.02700 1.41766 0.04671 0.918 0.788 0.706
v 0.04677 1.41865 0.02697 0.918 0.788 0.706
v 0.05400 1.42000 0.00000 0.918 0.788 0.706
v 0.04677 1.42135 -0.02697 0.918 0.788 0.706
v 0.02700 1.42234 -0.04671 0.918 0.788 0.706
v 0.00000 1.42270 -0.05393 0.918 0.788 0.706
v -0.02700 1.42234 -0.04671 0.918 0.788 0.706
v -0.04677 1.42135 -0.02697 0.918 0.788 0.706
v -0.05000 1.50000 0.00400 0.918 0.788 0.706
v -0.04330 1.49834 0.02894 0.918 0.788 0.706
v -0.02500 1.49712 0.04721 0.918 0.788 0.706
v -0.00000 1.49667 0.05389 0.918 0.788 0.706
v 0.02500 1.49712 0.04721 0.918 0.788 0.706
v 0.04330 1.49834 0.02894 0.918 0.788 0.706
v 0.05000 1.50000 0.00400 0.918 0.788 0.706
v 0.04330 1.50166 -0.02094 0.918 0.788 0.706
v 0.02500 1.50288 -0.03921 0.918 0.788 0.706
v 0.00000 1.50333 -0.04589 0.918 0.788 0.706
v -0.02500 1.50288 -0.03921 0.918 0.788 0.706
v -0.04330 1.50166 -0.02094 0.918 0.788 0.706
v -0.04800 1.60000 0.01200 0.918 0.788 0.706
v -0.04157 1.59809 0.03592 0.918 0.788 0.706
v -0.02400 1.59669 0.05344 0.918 0.788 0.706
v -0.00000 1.59617 0.05985 0.918 0.788 0.706
v 0.02400 1.59669 0.05344 0.918 0.788 0.706
v 0.04157 1.59809 0.03592 0.918 0.788 0.706
v 0.04800 1.60000 0.01200 0.918 0.788 0.706
v 0.04157 1.60191 -0.01192 0.918 0.788 0.706
v 0.02400 1.60331 -0.02944 0.918 0.788 0.706
v 0.00000 1.60383 -0.03585 0.918 0.788 0.706
v -0.02400 1.60331 -0.02944 0.918 0.788 0.706
v -0.04157 1.60191 -0.01192 0.918 0.788 0.706
v 0.00000 1.60000 0.01200 0.918 0.788 0.706
v 0.24931 1.45060 0.00000 0.141 0.153 0.184
v 0.24129 1.44686 0.03304 0.141 0.153 0.184
v 0.21937 1.43663 0.05723 0.141 0.153 0.184
v 0.18943 1.42265 0.06608 0.141 0.153 0.184
v 0.15949 1.40868 0.05723 0.141 0.153 0.184
v 0.13757 1.39845 0.03304 0.141 0.153 0.184
v 0.12955 1.39471 0.00000 0.141 0.153 0.184
v 0.13757 1.39845 -0.03304 0.141 0.153 0.184
v 0.15949 1.40868 -0.05723 0.141 0.153 0.184
v 0.18943 1.42265 -0.06608 0.141 0.153 0.184
v 0.21937 1.43663 -0.05723 0.141 0.153 0.184
v 0.24129 1.44686 -0.03304 0.141 0.153 0.184
v 0.25887 1.42747 0.00000 0.141 0.153 0.184
v 0.25098 1.42379 0.03248 0.141 0.153 0.184
v 0.22943 1.41374 0.05626 0.141 0.153 0.184
v 0.20000 1.40000 0.06496 0.141 0.153 0.184
v 0.17057 1.38626 0.05626 0.141 0.153 0.184
v 0.14902 1.37621 0.03248 0.141 0.153 0.184
v 0.14113 1.37253 0.00000 0.141 0.153 0.184
v 0.14902 1.37621 -0.03248 0.141 0.153 0.184
v 0.17057 1.38626 -0.05626 0.141 0.153 0.184
v 0.20000 1.40000 -0.06496 0.141 0.153 0.184
v 0.22943 1.41374 -0.05626 0.141 0.153 0.184
v 0.25098 1.42379 -0.03248 0.141 0.153 0.184
v 0.30251 1.31541 0.00000 0.141 0.153 0.184
v 0.29557 1.31218 0.02856 0.141 0.153 0.184
v 0.27663 1.30334 0.04947 0.141 0.153 0.184
v 0.25075 1.29126 0.05712 0.141 0.153 0.184
v 0.22487 1.27918 0.04947 0.141 0.153 0.184
v 0.20592 1.27034 0.02856 0.141 0.153 0.184
v 0.19899 1.26710 0.00000 0.141 0.153 0.184
v 0.20592 1.27034 -0.02856 0.141 0.153 0.184
v 0.22487 1.27918 -0.04947 0.141 0.153 0.184
v 0.25075 1.29126 -0.05712 0.141 0.153 0.184
v 0.27663 1.30334 -0.04947 0.141 0.153 0.184
v 0.29557 1.31218 -0.02856 0.141 0.153 0.184
v 0.34843 1.18787 0.00000 0.141 0.153 0.184
v 0.34299 1.18533 0.02240 0.141 0.153 0.184
v 0.32813 1.17840 0.03880 0.141 0.153 0.184
v 0.30784 1.16892 0.04480 0.141 0.153 0.184
v 0.28754 1.15945 0.03880 0.141 0.153 0.184
v 0.27268 1.15252 0.02240 0.141 0.153 0.184
v 0.26724 1.14998 0.00000 0.141 0.153 0.184
v 0.27268 1.15252 -0.02240 0.141 0.153 0.184
v 0.28754 1.15945 -0.03880 0.141 0.153 0.184
v 0.30784 1.16892 -0.04480 0.141 0.153 0.184
v 0.32813 1.17840 -0.03880 0.141 0.153 0.184
v 0.34299 1.18533 -0.02240 0.141 0.153 0.184
v 0.36442 1.14567 0.00000 0.141 0.153 0.184
v 0.35939 1.14332 0.02072 0.141 0.153 0.184
v 0.34564 1.13691 0.03589 0.141 0.153 0.184
v 0.32687 1.12815 0.04144 0.141 0.153 0.184
v 0.30809 1.11938 0.03589 0.141 0.153 0.184
v 0.29434 1.11297 0.02072 0.141 0.153 0.184
v 0.28931 1.11062 0.00000 0.141 0.153 0.184
v 0.29434 1.11297 -0.02072 0.141 0.153 0.184
v 0.30809 1.11938 -0.03589 0.141 0.153 0.184
v 0.32687 1.12815 -0.04144 0.141 0.153 0.184
v 0.34564 1.13691 -0.03589 0.141 0.153 0.184
v 0.35939 1.14332 -0.02072 0.141 0.153 0.184
v 0.38357 1.10992 0.00000 0.141 0.153 0.184
v 0.37827 1.10744 0.02184 0.141 0.153 0.184
v 0.36378 1.10068 0.03783 0.141 0.153 0.184
v 0.34399 1.09144 0.04368 0.141 0.153 0.184
v 0.32420 1.08221 0.03783 0.141 0.153 0.184
v 0.30971 1.07545 0.02184 0.141 0.153 0.184
v 0.30441 1.07297 0.00000 0.141 0.153 0.184
v 0.30971 1.07545 -0.02184 0.141 0.153 0.184
v 0.32420 1.08221 -0.03783 0.141 0.153 0.184
v 0.34399 1.09144 -0.04368 0.141 0.153 0.184
v 0.36378 1.10068 -0.03783 0.141 0.153 0.184
v 0.37827 1.10744 -0.02184 0.141 0.153 0.184
v 0.41618 1.05064 0.00000 0.141 0.153 0.184
v 0.41033 1.04791 0.02408 0.141 0.153 0.184
v 0.39436 1.04046 0.04171 0.141 0.153 0.184
v 0.37254 1.03028 0.04816 0.141 0.153 0.184
v 0.35072 1.02009 0.04171 0.141 0.153 0.184
v 0.33474 1.01264 0.02408 0.141 0.153 0.184
v 0.32890 1.00991 0.00000 0.141 0.153 0.184
v 0.33474 1.01264 -0.02408 0.141 0.153 0.184
v 0.35072 1.02009 -0.04171 0.141 0.153 0.184
v 0.37254 1.03028 -0.04816 0.141 0.153 0.184
v 0.39436 1.04046 -0.04171 0.141 0.153 0.184
v 0.41033 1.04791 -0.02408 0.141 0.153 0.184
v 0.45437 0.93438 0.00000 0.141 0.153 0.184
v 0.45029 0.93248 0.01680 0.141 0.153 0.184
v 0.43914 0.92728 0.02910 0.141 0.153 0.184
v 0.42392 0.92018 0.03360 0.141 0.153 0.184
v 0.40869 0.91307 0.02910 0.141 0.153 0.184
v 0.39755 0.90787 0.01680 0.141 0.153 0.184
v 0.39347 0.90597 0.00000 0.141 0.153 0.184
v 0.39755 0.90787 -0.01680 0.141 0.153 0.184
v 0.40869 0.91307 -0.02910 0.141 0.153 0.184
v 0.42392 0.92018 -0.03360 0.141 0.153 0.184
v 0.43914 0.92728 -0.02910 0.141 0.153 0.184
v 0.45029 0.93248 -0.01680 0.141 0.153 0.184
v 0.46896 0.89650 0.00000 0.141 0.153 0.184
v 0.46522 0.89476 0.01540 0.141 0.153 0.184
v 0.45500 0.88999 0.02667 0.141 0.153 0.184
v 0.44104 0.88348 0.03080 0.141 0.153 0.184
v 0.42709 0.87696 0.02667 0.141 0.153 0.184
v 0.41687 0.87220 0.01540 0.141 0.153 0.184
v 0.41313 0.87045 0.00000 0.141 0.153 0.184
v 0.41687 0.87220 -0.01540 0.141 0.153 0.184
v 0.42709 0.87696 -0.02667 0.141 0.153 0.184
v 0.44104 0.88348 -0.03080 0.141 0.153 0.184
v 0.45500 0.88999 -0.02667 0.141 0.153 0.184
v 0.46522 0.89476 -0.01540 0.141 0.153 0.184
v 0.18943 1.42265 0.00000 0.141 0.153 0.184
v 0.44104 0.88348 0.00000 0.141 0.153 0.184
v 0.43597 1.00029 0.00000 0.090 0.094 0.114
v 0.43053 0.99775 0.02240 0.090 0.094 0.114
v 0.41567 0.99082 0.03880 0.090 0.094 0.114
v 0.39537 0.98134 0.04480 0.090 0.094 0.114
v 0.37507 0.97187 0.03880 0.090 0.094 0.114
v 0.36022 0.96494 0.02240 0.090 0.094 0.114
v 0.35478 0.96240 0.00000 0.090 0.094 0.114
v 0.36022 0.96494 -0.02240 0.090 0.094 0.114
v 0.37507 0.97187 -0.03880 0.090 0.094 0.114
v 0.39537 0.98134 -0.04480 0.090 0.094 0.114
v 0.41567 0.99082 -0.03880 0.090 0.094 0.114
v 0.43053 0.99775 -0.02240 0.090 0.094 0.114
v 0.46337 0.91773 0.00000 0.090 0.094 0.114
v 0.45916 0.91576 0.01736 0.090 0.094 0.114
v 0.44764 0.91039 0.03007 0.090 0.094 0.114
v 0.43191 0.90305 0.03472 0.090 0.094 0.114
v 0.41618 0.89571 0.03007 0.090 0.094 0.114
v 0.40466 0.89033 0.01736 0.090 0.094 0.114
v 0.40045 0.88837 0.00000 0.090 0.094 0.114
v 0.40466 0.89033 -0.01736 0.090 0.094 0.114
v 0.41618 0.89571 -0.03007 0.090 0.094 0.114
v 0.43191 0.90305 -0.03472 0.090 0.094 0.114
v 0.44764 0.91039 -0.03007 0.090 0.094 0.114
v 0.45916 0.91576 -0.01736 0.090 0.094 0.114
v 0.47555 0.88634 0.00000 0.090 0.094 0.114
v 0.47161 0.88450 0.01624 0.090 0.094 0.114
v 0.46084 0.87947 0.02813 0.090 0.094 0.114
v 0.44612 0.87260 0.03248 0.090 0.094 0.114
v 0.43140 0.86573 0.02813 0.090 0.094 0.114
v 0.42063 0.86071 0.01624 0.090 0.094 0.114
v 0.41669 0.85887 0.00000 0.090 0.094 0.114
v 0.42063 0.86071 -0.01624 0.090 0.094 0.114
v 0.43140 0.86573 -0.02813 0.090 0.094 0.114
v 0.44612 0.87260 -0.03248 0.090 0.094 0.114
v 0.46084 0.87947 -0.02813 0.090 0.094 0.114
v 0.47161 0.88450 -0.01624 0.090 0.094 0.114
v 0.39537 0.98134 0.00000 0.090 0.094 0.114
v 0.44612 0.87260 0.00000 0.090 0.094 0.114
v 0.44104 0.88348 0.03600 0.090 0.094 0.114
v 0.42823 0.87750 0.02546 0.090 0.094 0.114
v 0.42292 0.87502 0.00000 0.090 0.094 0.114
v 0.42823 0.87750 -0.02546 0.090 0.094 0.114
v 0.44104 0.88348 -0.03600 0.090 0.094 0.114
v 0.45386 0.88946 -0.02546 0.090 0.094 0.114
v 0.45917 0.89193 -0.00000 0.090 0.094 0.114
v 0.45386 0.88946 0.02546 0.090 0.094 0.114
v 0.45585 0.85176 0.03400 0.090 0.094 0.114
v 0.44431 0.84638 0.02404 0.090 0.094 0.114
v 0.43953 0.84415 0.00000 0.090 0.094 0.114
v 0.44431 0.84638 -0.02404 0.090 0.094 0.114
v 0.45585 0.85176 -0.03400 0.090 0.094 0.114
v 0.46738 0.85714 -0.02404 0.090 0.094 0.114
v 0.47216 0.85937 -0.00000 0.090 0.094 0.114
v 0.46738 0.85714 0.02404 0.090 0.094 0.114
v 0.47276 0.81551 0.03200 0.090 0.094 0.114
v 0.46251 0.81073 0.02263 0.090 0.094 0.114
v 0.45826 0.80875 0.00000 0.090 0.094 0.114
v 0.46251 0.81073 -0.02263 0.090 0.094 0.114
v 0.47276 0.81551 -0.03200 0.090 0.094 0.114
v 0.48301 0.82030 -0.02263 0.090 0.094 0.114
v 0.48726 0.82228 -0.00000 0.090 0.094 0.114
v 0.48301 0.82030 0.02263 0.090 0.094 0.114
v 0.44104 0.88348 0.00000 0.090 0.094 0.114
v 0.47276 0.81551 0.00000 0.090 0.094 0.114
v 0.44047 0.87185 0.04824 0.090 0.094 0.114
v 0.43218 0.86402 0.04312 0.090 0.094 0.114
v 0.43521 0.85753 0.03288 0.090 0.094 0.114
v 0.44653 0.85886 0.02776 0.090 0.094 0.114
v 0.45483 0.86668 0.03288 0.090 0.094 0.114
v 0.45180 0.87318 0.04312 0.090 0.094 0.114
v 0.44841 0.85483 0.06047 0.090 0.094 0.114
v 0.44062 0.84747 0.05566 0.090 0.094 0.114
v 0.44347 0.84137 0.04603 0.090 0.094 0.114
v 0.45411 0.84262 0.04122 0.090 0.094 0.114
v 0.46191 0.84997 0.04603 0.090 0.094 0.114
v 0.45906 0.85608 0.05566 0.090 0.094 0.114
v 0.45186 0.84744 0.06557 0.090 0.094 0.114
v 0.44440 0.84040 0.06096 0.090 0.094 0.114
v 0.44712 0.83455 0.05174 0.090 0.094 0.114
v 0.45732 0.83575 0.04713 0.090 0.094 0.114
v 0.46478 0.84279 0.05174 0.090 0.094 0.114
v 0.46205 0.84864 0.06096 0.090 0.094 0.114
v 0.45792 0.83445 0.07438 0.090 0.094 0.114
v 0.45112 0.82803 0.07018 0.090 0.094 0.114
v 0.45361 0.82271 0.06179 0.090 0.094 0.114
v 0.46289 0.82380 0.05759 0.090 0.094 0.114
v 0.46970 0.83021 0.06179 0.090 0.094 0.114
v 0.46721 0.83554 0.07018 0.090 0.094 0.114
v 0.46241 0.82484 0.07876 0.090 0.094 0.114
v 0.45727 0.81998 0.07558 0.090 0.094 0.114
v 0.45915 0.81596 0.06923 0.090 0.094 0.114
v 0.46617 0.81678 0.06606 0.090 0.094 0.114
v 0.47131 0.82163 0.06923 0.090 0.094 0.114
v 0.46943 0.82566 0.07558 0.090 0.094 0.114
v 0.44350 0.86535 0.03800 0.090 0.094 0.114
v 0.46429 0.82081 0.07241 0.090 0.094 0.114
v 0.47699 0.80645 0.04150 0.090 0.094 0.114
v 0.46797 0.80224 0.03575 0.090 0.094 0.114
v 0.46797 0.80224 0.02425 0.090 0.094 0.114
v 0.47699 0.80645 0.01850 0.090 0.094 0.114
v 0.48601 0.81066 0.02425 0.090 0.094 0.114
v 0.48601 0.81066 0.03575 0.090 0.094 0.114
v 0.48765 0.78361 0.04081 0.090 0.094 0.114
v 0.47916 0.77966 0.03540 0.090 0.094 0.114
v 0.47916 0.77966 0.02460 0.090 0.094 0.114
v 0.48765 0.78361 0.01919 0.090 0.094 0.114
v 0.49613 0.78757 0.02459 0.090 0.094 0.114
v 0.49613 0.78757 0.03540 0.090 0.094 0.114
v 0.49221 0.77383 0.04035 0.090 0.094 0.114
v 0.48409 0.77004 0.03517 0.090 0.094 0.114
v 0.48409 0.77004 0.02482 0.090 0.094 0.114
v 0.49221 0.77383 0.01965 0.090 0.094 0.114
v 0.50034 0.77762 0.02482 0.090 0.094 0.114
v 0.50034 0.77762 0.03517 0.090 0.094 0.114
v 0.49983 0.75752 0.03943 0.090 0.094 0.114
v 0.49243 0.75406 0.03471 0.090 0.094 0.114
v 0.49243 0.75406 0.02529 0.090 0.094 0.114
v 0.49983 0.75752 0.02057 0.090 0.094 0.114
v 0.50723 0.76097 0.02528 0.090 0.094 0.114
v 0.50723 0.76097 0.03471 0.090 0.094 0.114
v 0.50490 0.74664 0.03713 0.090 0.094 0.114
v 0.49930 0.74403 0.03356 0.090 0.094 0.114
v 0.49930 0.74403 0.02644 0.090 0.094 0.114
v 0.50490 0.74664 0.02287 0.090 0.094 0.114
v 0.51050 0.74925 0.02643 0.090 0.094 0.114
v 0.51050 0.74925 0.03356 0.090 0.094 0.114
v 0.47699 0.80645 0.03000 0.090 0.094 0.114
v 0.50490 0.74664 0.03000 0.090 0.094 0.114
v 0.47699 0.80645 0.01950 0.090 0.094 0.114
v 0.46797 0.80224 0.01375 0.090 0.094 0.114
v 0.46797 0.80224 0.00225 0.090 0.094 0.114
v 0.47699 0.80645 -0.00350 0.090 0.094 0.114
v 0.48601 0.81066 0.00225 0.090 0.094 0.114
v 0.48601 0.81066 0.01375 0.090 0.094 0.114
v 0.48883 0.78108 0.01881 0.090 0.094 0.114
v 0.48035 0.77712 0.01341 0.090 0.094 0.114
v 0.48035 0.77712 0.00260 0.090 0.094 0.114
v 0.48883 0.78108 -0.00281 0.090 0.094 0.114
v 0.49731 0.78504 0.00259 0.090 0.094 0.114
v 0.49731 0.78504 0.01341 0.090 0.094 0.114
v 0.49391 0.77020 0.01835 0.090 0.094 0.114
v 0.48578 0.76641 0.01318 0.090 0.094 0.114
v 0.48578 0.76641 0.00283 0.090 0.094 0.114
v 0.49391 0.77020 -0.00235 0.090 0.094 0.114
v 0.50203 0.77399 0.00282 0.090 0.094 0.114
v 0.50203 0.77399 0.01318 0.090 0.094 0.114
v 0.50152 0.75389 0.01743 0.090 0.094 0.114
v 0.49412 0.75044 0.01272 0.090 0.094 0.114
v 0.49412 0.75044 0.00329 0.090 0.094 0.114
v 0.50152 0.75389 -0.00143 0.090 0.094 0.114
v 0.50892 0.75734 0.00328 0.090 0.094 0.114
v 0.50892 0.75734 0.01272 0.090 0.094 0.114
v 0.50659 0.74302 0.01513 0.090 0.094 0.114
v 0.50100 0.74041 0.01157 0.090 0.094 0.114
v 0.50100 0.74041 0.00444 0.090 0.094 0.114
v 0.50659 0.74302 0.00087 0.090 0.094 0.114
v 0.51219 0.74563 0.00443 0.090 0.094 0.114
v 0.51219 0.74563 0.01157 0.090 0.094 0.114
v 0.47699 0.80645 0.00800 0.090 0.094 0.114
v 0.50659 0.74302 0.00800 0.090 0.094 0.114
v 0.47699 0.80645 -0.00450 0.090 0.094 0.114
v 0.46640 0.80151 -0.01125 0.090 0.094 0.114
v 0.46640 0.80151 -0.02475 0.090 0.094 0.114
v 0.47699 0.80645 -0.03150 0.090 0.094 0.114
v 0.48758 0.81139 -0.02475 0.090 0.094 0.114
v 0.48758 0.81139 -0.01125 0.090 0.094 0.114
v 0.48765 0.78361 -0.00531 0.090 0.094 0.114
v 0.47769 0.77897 -0.01165 0.090 0.094 0.114
v 0.47769 0.77897 -0.02434 0.090 0.094 0.114
v 0.48765 0.78361 -0.03069 0.090 0.094 0.114
v 0.49761 0.78826 -0.02435 0.090 0.094 0.114
v 0.49761 0.78826 -0.01165 0.090 0.094 0.114
v 0.49221 0.77383 -0.00585 0.090 0.094 0.114
v 0.48268 0.76938 -0.01192 0.090 0.094 0.114
v 0.48268 0.76938 -0.02407 0.090 0.094 0.114
v 0.49221 0.77383 -0.03015 0.090 0.094 0.114
v 0.50175 0.77828 -0.02408 0.090 0.094 0.114
v 0.50175 0.77828 -0.01192 0.090 0.094 0.114
v 0.49983 0.75752 -0.00693 0.090 0.094 0.114
v 0.49114 0.75346 -0.01246 0.090 0.094 0.114
v 0.49114 0.75346 -0.02353 0.090 0.094 0.114
v 0.49983 0.75752 -0.02907 0.090 0.094 0.114
v 0.50851 0.76157 -0.02354 0.090 0.094 0.114
v 0.50851 0.76157 -0.01246 0.090 0.094 0.114
v 0.50490 0.74664 -0.00963 0.090 0.094 0.114
v 0.49833 0.74358 -0.01381 0.090 0.094 0.114
v 0.49833 0.74358 -0.02218 0.090 0.094 0.114
v 0.50490 0.74664 -0.02637 0.090 0.094 0.114
v 0.51147 0.74971 -0.02219 0.090 0.094 0.114
v 0.51147 0.74971 -0.01381 0.090 0.094 0.114
v 0.47699 0.80645 -0.01800 0.090 0.094 0.114
v 0.50490 0.74664 -0.01800 0.090 0.094 0.114
v -0.12955 1.39471 0.00000 0.141 0.153 0.184
v -0.13757 1.39845 0.03304 0.141 0.153 0.184
v -0.15949 1.40868 0.05723 0.141 0.153 0.184
v -0.18943 1.42265 0.06608 0.141 0.153 0.184
v -0.21937 1.43663 0.05723 0.141 0.153 0.184
v -0.24129 1.44686 0.03304 0.141 0.153 0.184
v -0.24931 1.45060 0.00000 0.141 0.153 0.184
v -0.24129 1.44686 -0.03304 0.141 0.153 0.184
v -0.21937 1.43663 -0.05723 0.141 0.153 0.184
v -0.18943 1.42265 -0.06608 0.141 0.153 0.184
v -0.15949 1.40868 -0.05723 0.141 0.153 0.184
v -0.13757 1.39845 -0.03304 0.141 0.153 0.184
v -0.14113 1.37253 0.00000 0.141 0.153 0.184
v -0.14902 1.37621 0.03248 0.141 0.153 0.184
v -0.17057 1.38626 0.05626 0.141 0.153 0.184
v -0.20000 1.40000 0.06496 0.141 0.153 0.184
v -0.22943 1.41374 0.05626 0.141 0.153 0.184
v -0.25098 1.42379 0.03248 0.141 0.153 0.184
v -0.25887 1.42747 0.00000 0.141 0.153 0.184
v -0.25098 1.42379 -0.03248 0.141 0.153 0.184
v -0.22943 1.41374 -0.05626 0.141 0.153 0.184
v -0.20000 1.40000 -0.06496 0.141 0.153 0.184
v -0.17057 1.38626 -0.05626 0.141 0.153 0.184
v -0.14902 1.37621 -0.03248 0.141 0.153 0.184
v -0.19899 1.26710 0.00000 0.141 0.153 0.184
v -0.20592 1.27034 0.02856 0.141 0.153 0.184
v -0.22487 1.27918 0.04947 0.141 0.153 0.184
v -0.25075 1.29126 0.05712 0.141 0.153 0.184
v -0.27663 1.30334 0.04947 0.141 0.153 0.184
v -0.29557 1.31218 0.02856 0.141 0.153 0.184
v -0.30251 1.31541 0.00000 0.141 0.153 0.184
v -0.29557 1.31218 -0.02856 0.141 0.153 0.184
v -0.27663 1.30334 -0.04947 0.141 0.153 0.184
v -0.25075 1.29126 -0.05712 0.141 0.153 0.184
v -0.22487 1.27918 -0.04947 0.141 0.153 0.184
v -0.20592 1.27034 -0.02856 0.141 0.153 0.184
v -0.26724 1.14998 0.00000 0.141 0.153 0.184
v -0.27268 1.15252 0.02240 0.141 0.153 0.184
v -0.28754 1.15945 0.03880 0.141 0.153 0.184
v -0.30784 1.16892 0.04480 0.141 0.153 0.184
v -0.32813 1.17840 0.03880 0.141 0.153 0.184
v -0.34299 1.18533 0.02240 0.141 0.153 0.184
v -0.34843 1.18787 0.00000 0.141 0.153 0.184
v -0.34299 1.18533 -0.02240 0.141 0.153 0.184
v -0.32813 1.17840 -0.03880 0.141 0.153 0.184
v -0.30784 1.16892 -0.04480 0.141 0.153 0.184
v -0.28754 1.15945 -0.03880 0.141 0.153 0.184
v -0.27268 1.15252 -0.02240 0.141 0.153 0.184
v -0.28931 1.11062 0.00000 0.141 0.153 0.184
v -0.29434 1.11297 0.02072 0.141 0.153 0.184
v -0.30809 1.11938 0.03589 0.141 0.153 0.184
v -0.32687 1.12815 0.04144 0.141 0.153 0.184
v -0.34564 1.13691 0.03589 0.141 0.153 0.184
v -0.35939 1.14332 0.02072 0.141 0.153 0.184
v -0.36442 1.14567 0.00000 0.141 0.153 0.184
v -0.35939 1.14332 -0.02072 0.141 0.153 0.184
v -0.34564 1.13691 -0.03589 0.141 0.153 0.184
v -0.32687 1.12815 -0.04144 0.141 0.153 0.184
v -0.30809 1.11938 -0.03589 0.141 0.153 0.184
v -0.29434 1.11297 -0.02072 0.141 0.153 0.184
v -0.30441 1.07297 0.00000 0.141 0.153 0.184
v -0.30971 1.07545 0.02184 0.141 0.153 0.184
v -0.32420 1.08221 0.03783 0.141 0.153 0.184
v -0.34399 1.09144 0.04368 0.141 0.153 0.184
v -0.36378 1.10068 0.03783 0.141 0.153 0.184
v -0.37827 1.10744 0.02184 0.141 0.153 0.184
v -0.38357 1.10992 0.00000 0.141 0.153 0.184
v -0.37827 1.10744 -0.02184 0.141 0.153 0.184
v -0.36378 1.10068 -0.03783 0.141 0.153 0.184
v -0.34399 1.09144 -0.04368 0.141 0.153 0.184
v -0.32420 1.08221 -0.03783 0.141 0.153 0.184
v -0.30971 1.07545 -0.02184 0.141 0.153 0.184
v -0.32890 1.00991 0.00000 0.141 0.153 0.184
v -0.33474 1.01264 0.02408 0.141 0.153 0.184
v -0.35072 1.02009 0.04171 0.141 0.153 0.184
v -0.37254 1.03028 0.04816 0.141 0.153 0.184
v -0.39436 1.04046 0.04171 0.141 0.153 0.184
v -0.41033 1.04791 0.02408 0.141 0.153 0.184
v -0.41618 1.05064 0.00000 0.141 0.153 0.184
v -0.41033 1.04791 -0.02408 0.141 0.153 0.184
v -0.39436 1.04046 -0.04171 0.141 0.153 0.184
v -0.37254 1.03028 -0.04816 0.141 0.153 0.184
v -0.35072 1.02009 -0.04171 0.141 0.153 0.184
v -0.33474 1.01264 -0.02408 0.141 0.153 0.184
v -0.39347 0.90597 0.00000 0.141 0.153 0.184
v -0.39755 0.90787 0.01680 0.141 0.153 0.184
v -0.40869 0.91307 0.02910 0.141 0.153 0.184
v -0.42392 0.92018 0.03360 0.141 0.153 0.184
v -0.43914 0.92728 0.02910 0.141 0.153 0.184
v -0.45029 0.93248 0.01680 0.141 0.153 0.184
v -0.45437 0.93438 0.00000 0.141 0.153 0.184
v -0.45029 0.93248 -0.01680 0.141 0.153 0.184
v -0.43914 0.92728 -0.02910 0.141 0.153 0.184
v -0.42392 0.92018 -0.03360 0.141 0.153 0.184
v -0.40869 0.91307 -0.02910 0.141 0.153 0.184
v -0.39755 0.90787 -0.01680 0.141 0.153 0.184
v -0.41313 0.87045 0.00000 0.141 0.153 0.184
v -0.41687 0.87220 0.01540 0.141 0.153 0.184
v -0.42709 0.87696 0.02667 0.141 0.153 0.184
v -0.44104 0.88348 0.03080 0.141 0.153 0.184
v -0.45500 0.88999 0.02667 0.141 0.153 0.184
v -0.46522 0.89476 0.01540 0.141 0.153 0.184
v -0.46896 0.89650 0.00000 0.141 0.153 0.184
v -0.46522 0.89476 -0.01540 0.141 0.153 0.184
v -0.45500 0.88999 -0.02667 0.141 0.153 0.184
v -0.44104 0.88348 -0.03080 0.141 0.153 0.184
v -0.42709 0.87696 -0.02667 0.141 0.153 0.184
v -0.41687 0.87220 -0.01540 0.141 0.153 0.184
v -0.18943 1.42265 0.00000 0.141 0.153 0.184
v -0.44104 0.88348 0.00000 0.141 0.153 0.184
v -0.35478 0.96240 0.00000 0.090 0.094 0.114
v -0.36022 0.96494 0.02240 0.090 0.094 0.114
v -0.37507 0.97187 0.03880 0.090 0.094 0.114
v -0.39537 0.98134 0.04480 0.090 0.094 0.114
v -0.41567 0.99082 0.03880 0.090 0.094 0.114
v -0.43053 0.99775 0.02240 0.090 0.094 0.114
v -0.43597 1.00029 0.00000 0.090 0.094 0.114
v -0.43053 0.99775 -0.02240 0.090 0.094 0.114
v -0.41567 0.99082 -0.03880 0.090 0.094 0.114
v -0.39537 0.98134 -0.04480 0.090 0.094 0.114
v -0.37507 0.97187 -0.03880 0.090 0.094 0.114
v -0.36022 0.96494 -0.02240 0.090 0.094 0.114
v -0.40045 0.88837 0.00000 0.090 0.094 0.114
v -0.40466 0.89033 0.01736 0.090 0.094 0.114
v -0.41618 0.89571 0.03007 0.090 0.094 0.114
v -0.43191 0.90305 0.03472 0.090 0.094 0.114
v -0.44764 0.91039 0.03007 0.090 0.094 0.114
v -0.45916 0.91576 0.01736 0.090 0.094 0.114
v -0.46337 0.91773 0.00000 0.090 0.094 0.114
v -0.45916 0.91576 -0.01736 0.090 0.094 0.114
v -0.44764 0.91039 -0.03007 0.090 0.094 0.114
v -0.43191 0.90305 -0.03472 0.090 0.094 0.114
v -0.41618 0.89571 -0.03007 0.090 0.094 0.114
v -0.40466 0.89033 -0.01736 0.090 0.094 0.114
v -0.41669 0.85887 0.00000 0.090 0.094 0.114
v -0.42063 0.86071 0.01624 0.090 0.094 0.114
v -0.43140 0.86573 0.02813 0.090 0.094 0.114
v -0.44612 0.87260 0.03248 0.090 0.094 0.114
v -0.46084 0.87947 0.02813 0.090 0.094 0.114
v -0.47161 0.88450 0.01624 0.090 0.094 0.114
v -0.47555 0.88634 0.00000 0.090 0.094 0.114
v -0.47161 0.88450 -0.01624 0.090 0.094 0.114
v -0.46084 0.87947 -0.02813 0.090 0.094 0.114
v -0.44612 0.87260 -0.03248 0.090 0.094 0.114
v -0.43140 0.86573 -0.02813 0.090 0.094 0.114
v -0.42063 0.86071 -0.01624 0.090 0.094 0.114
v -0.39537 0.98134 0.00000 0.090 0.094 0.114
v -0.44612 0.87260 0.00000 0.090 0.094 0.114
v -0.44104 0.88348 0.03600 0.090 0.094 0.114
v -0.42823 0.87750 0.02546 0.090 0.094 0.114
v -0.42292 0.87502 0.00000 0.090 0.094 0.114
v -0.42823 0.87750 -0.02546 0.090 0.094 0.114
v -0.44104 0.88348 -0.03600 0.090 0.094 0.114
v -0.45386 0.88946 -0.02546 0.090 0.094 0.114
v -0.45917 0.89193 -0.00000 0.090 0.094 0.114
v -0.45386 0.88946 0.02546 0.090 0.094 0.114
v -0.45585 0.85176 0.03400 0.090 0.094 0.114
v -0.44431 0.84638 0.02404 0.090 0.094 0.114
v -0.43953 0.84415 0.00000 0.090 0.094 0.114
v -0.44431 0.84638 -0.02404 0.090 0.094 0.114
v -0.45585 0.85176 -0.03400 0.090 0.094 0.114
v -0.46738 0.85714 -0.02404 0.090 0.094 0.114
v -0.47216 0.85937 -0.00000 0.090 0.094 0.114
v -0.46738 0.85714 0.02404 0.090 0.094 0.114
v -0.47276 0.81551 0.03200 0.090 0.094 0.114
v -0.46251 0.81073 0.02263 0.090 0.094 0.114
v -0.45826 0.80875 0.00000 0.090 0.094 0.114
v -0.46251 0.81073 -0.02263 0.090 0.094 0.114
v -0.47276 0.81551 -0.03200 0.090 0.094 0.114
v -0.48301 0.82030 -0.02263 0.090 0.094 0.114
v -0.48726 0.82228 -0.00000 0.090 0.094 0.114
v -0.48301 0.82030 0.02263 0.090 0.094 0.114
v -0.44104 0.88348 0.00000 0.090 0.094 0.114
v -0.47276 0.81551 0.00000 0.090 0.094 0.114
v -0.44653 0.85886 0.02776 0.090 0.094 0.114
v -0.43521 0.85753 0.03288 0.090 0.094 0.114
v -0.43218 0.86402 0.04312 0.090 0.094 0.114
v -0.44047 0.87185 0.04824 0.090 0.094 0.114
v -0.45180 0.87318 0.04312 0.090 0.094 0.114
v -0.45483 0.86668 0.03288 0.090 0.094 0.114
v -0.45411 0.84262 0.04122 0.090 0.094 0.114
v -0.44347 0.84137 0.04603 0.090 0.094 0.114
v -0.44062 0.84747 0.05566 0.090 0.094 0.114
v -0.44841 0.85483 0.06047 0.090 0.094 0.114
v -0.45906 0.85608 0.05566 0.090 0.094 0.114
v -0.46191 0.84997 0.04603 0.090 0.094 0.114
v -0.45732 0.83575 0.04713 0.090 0.094 0.114
v -0.44712 0.83455 0.05174 0.090 0.094 0.114
v -0.44440 0.84040 0.06096 0.090 0.094 0.114
v -0.45186 0.84744 0.06557 0.090 0.094 0.114
v -0.46205 0.84864 0.06096 0.090 0.094 0.114
v -0.46478 0.84279 0.05174 0.090 0.094 0.114
v -0.46289 0.82380 0.05759 0.090 0.094 0.114
v -0.45361 0.82271 0.06179 0.090 0.094 0.114
v -0.45112 0.82803 0.07018 0.090 0.094 0.114
v -0.45792 0.83445 0.07438 0.090 0.094 0.114
v -0.46721 0.83554 0.07018 0.090 0.094 0.114
v -0.46970 0.83021 0.06179 0.090 0.094 0.114
v -0.46617 0.81678 0.06606 0.090 0.094 0.114
v -0.45915 0.81596 0.06923 0.090 0.094 0.114
v -0.45727 0.81998 0.07558 0.090 0.094 0.114
v -0.46241 0.82484 0.07876 0.090 0.094 0.114
v -0.46943 0.82566 0.07558 0.090 0.094 0.114
v -0.47131 0.82163 0.06923 0.090 0.094 0.114
v -0.44350 0.86535 0.03800 0.090 0.094 0.114
v -0.46429 0.82081 0.07241 0.090 0.094 0.114
v -0.47699 0.80645 0.01850 0.090 0.094 0.114
v -0.46797 0.80224 0.02425 0.090 0.094 0.114
v -0.46797 0.80224 0.03575 0.090 0.094 0.114
v -0.47699 0.80645 0.04150 0.090 0.094 0.114
v -0.48601 0.81066 0.03575 0.090 0.094 0.114
v -0.48601 0.81066 0.02425 0.090 0.094 0.114
v -0.48765 0.78361 0.01919 0.090 0.094 0.114
v -0.47916 0.77966 0.02459 0.090 0.094 0.114
v -0.47916 0.77966 0.03540 0.090 0.094 0.114
v -0.48765 0.78361 0.04081 0.090 0.094 0.114
v -0.49613 0.78757 0.03541 0.090 0.094 0.114
v -0.49613 0.78757 0.02459 0.090 0.094 0.114
v -0.49221 0.77383 0.01965 0.090 0.094 0.114
v -0.48409 0.77004 0.02482 0.090 0.094 0.114
v -0.48409 0.77004 0.03517 0.090 0.094 0.114
v -0.49221 0.77383 0.04035 0.090 0.094 0.114
v -0.50034 0.77762 0.03518 0.090 0.094 0.114
v -0.50034 0.77762 0.02482 0.090 0.094 0.114
v -0.49983 0.75752 0.02057 0.090 0.094 0.114
v -0.49243 0.75406 0.02528 0.090 0.094 0.114
v -0.49243 0.75406 0.03471 0.090 0.094 0.114
v -0.49983 0.75752 0.03943 0.090 0.094 0.114
v -0.50723 0.76097 0.03472 0.090 0.094 0.114
v -0.50723 0.76097 0.02528 0.090 0.094 0.114
v -0.50490 0.74664 0.02287 0.090 0.094 0.114
v -0.49930 0.74403 0.02643 0.090 0.094 0.114
v -0.49930 0.74403 0.03356 0.090 0.094 0.114
v -0.50490 0.74664 0.03713 0.090 0.094 0.114
v -0.51050 0.74925 0.03357 0.090 0.094 0.114
v -0.51050 0.74925 0.02643 0.090 0.094 0.114
v -0.47699 0.80645 0.03000 0.090 0.094 0.114
v -0.50490 0.74664 0.03000 0.090 0.094 0.114
v -0.47699 0.80645 -0.00350 0.090 0.094 0.114
v -0.46797 0.80224 0.00225 0.090 0.094 0.114
v -0.46797 0.80224 0.01375 0.090 0.094 0.114
v -0.47699 0.80645 0.01950 0.090 0.094 0.114
v -0.48601 0.81066 0.01375 0.090 0.094 0.114
v -0.48601 0.81066 0.00225 0.090 0.094 0.114
v -0.48883 0.78108 -0.00281 0.090 0.094 0.114
v -0.48035 0.77712 0.00260 0.090 0.094 0.114
v -0.48035 0.77712 0.01340 0.090 0.094 0.114
v -0.48883 0.78108 0.01881 0.090 0.094 0.114
v -0.49731 0.78504 0.01341 0.090 0.094 0.114
v -0.49731 0.78504 0.00260 0.090 0.094 0.114
v -0.49391 0.77020 -0.00235 0.090 0.094 0.114
v -0.48578 0.76641 0.00282 0.090 0.094 0.114
v -0.48578 0.76641 0.01317 0.090 0.094 0.114
v -0.49391 0.77020 0.01835 0.090 0.094 0.114
v -0.50203 0.77399 0.01318 0.090 0.094 0.114
v -0.50203 0.77399 0.00282 0.090 0.094 0.114
v -0.50152 0.75389 -0.00143 0.090 0.094 0.114
v -0.49412 0.75044 0.00328 0.090 0.094 0.114
v -0.49412 0.75044 0.01271 0.090 0.094 0.114
v -0.50152 0.75389 0.01743 0.090 0.094 0.114
v -0.50892 0.75734 0.01272 0.090 0.094 0.114
v -0.50892 0.75734 0.00328 0.090 0.094 0.114
v -0.50659 0.74302 0.00087 0.090 0.094 0.114
v -0.50100 0.74041 0.00443 0.090 0.094 0.114
v -0.50100 0.74041 0.01156 0.090 0.094 0.114
v -0.50659 0.74302 0.01513 0.090 0.094 0.114
v -0.51219 0.74563 0.01157 0.090 0.094 0.114
v -0.51219 0.74563 0.00443 0.090 0.094 0.114
v -0.47699 0.80645 0.00800 0.090 0.094 0.114
v -0.50659 0.74302 0.00800 0.090 0.094 0.114
v -0.47699 0.80645 -0.03150 0.090 0.094 0.114
v -0.46640 0.80151 -0.02475 0.090 0.094 0.114
v -0.46640 0.80151 -0.01125 0.090 0.094 0.114
v -0.47699 0.80645 -0.00450 0.090 0.094 0.114
v -0.48758 0.81139 -0.01125 0.090 0.094 0.114
v -0.48758 0.81139 -0.02475 0.090 0.094 0.114
v -0.48765 0.78361 -0.03069 0.090 0.094 0.114
v -0.47769 0.77897 -0.02434 0.090 0.094 0.114
v -0.47769 0.77897 -0.01166 0.090 0.094 0.114
v -0.48765 0.78361 -0.00531 0.090 0.094 0.114
v -0.49761 0.78826 -0.01165 0.090 0.094 0.114
v -0.49761 0.78826 -0.02434 0.090 0.094 0.114
v -0.49221 0.77383 -0.03015 0.090 0.094 0.114
v -0.48268 0.76938 -0.02407 0.090 0.094 0.114
v -0.48268 0.76938 -0.01193 0.090 0.094 0.114
v -0.49221 0.77383 -0.00585 0.090 0.094 0.114
v -0.50175 0.77828 -0.01192 0.090 0.094 0.114
v -0.50175 0.77828 -0.02407 0.090 0.094 0.114
v -0.49983 0.75752 -0.02907 0.090 0.094 0.114
v -0.49114 0.75346 -0.02354 0.090 0.094 0.114
v -0.49114 0.75346 -0.01247 0.090 0.094 0.114
v -0.49983 0.75752 -0.00693 0.090 0.094 0.114
v -0.50851 0.76157 -0.01246 0.090 0.094 0.114
v -0.50851 0.76157 -0.02354 0.090 0.094 0.114
v -0.50490 0.74664 -0.02637 0.090 0.094 0.114
v -0.49833 0.74358 -0.02218 0.090 0.094 0.114
v -0.49833 0.74358 -0.01382 0.090 0.094 0.114
v -0.50490 0.74664 -0.00963 0.090 0.094 0.114
v -0.51147 0.74971 -0.01381 0.090 0.094 0.114
v -0.51147 0.74971 -0.02218 0.090 0.094 0.114
v -0.47699 0.80645 -0.01800 0.090 0.094 0.114
v -0.50490 0.74664 -0.01800 0.090 0.094 0.114
v -0.13023 1.40512 0.00000 0.141 0.153 0.184
v -0.13714 1.40857 0.03037 0.141 0.153 0.184
v -0.15650 1.41825 0.05473 0.141 0.153 0.184
v -0.18448 1.43224 0.06824 0.141 0.153 0.184
v -0.21552 1.44776 0.06824 0.141 0.153 0.184
v -0.24350 1.46175 0.05473 0.141 0.153 0.184
v -0.26286 1.47143 0.03037 0.141 0.153 0.184
v -0.26977 1.47488 0.00000 0.141 0.153 0.184
v -0.26286 1.47143 -0.03037 0.141 0.153 0.184
v -0.24350 1.46175 -0.05473 0.141 0.153 0.184
v -0.21552 1.44776 -0.06824 0.141 0.153 0.184
v -0.18448 1.43224 -0.06824 0.141 0.153 0.184
v -0.15650 1.41825 -0.05473 0.141 0.153 0.184
v -0.13714 1.40857 -0.03037 0.141 0.153 0.184
v -0.13912 1.36534 0.00000 0.784 0.808 0.851
v -0.14713 1.36877 0.03298 0.784 0.808 0.851
v -0.16957 1.37839 0.05942 0.784 0.808 0.851
v -0.20200 1.39229 0.07409 0.784 0.808 0.851
v -0.23800 1.40771 0.07409 0.784 0.808 0.851
v -0.27043 1.42161 0.05942 0.784 0.808 0.851
v -0.29287 1.43123 0.03298 0.784 0.808 0.851
v -0.30088 1.43466 0.00000 0.784 0.808 0.851
v -0.29287 1.43123 -0.03298 0.784 0.808 0.851
v -0.27043 1.42161 -0.05942 0.784 0.808 0.851
v -0.23800 1.40771 -0.07409 0.784 0.808 0.851
v -0.20200 1.39229 -0.07409 0.784 0.808 0.851
v -0.16957 1.37839 -0.05942 0.784 0.808 0.851
v -0.14713 1.36877 -0.03298 0.784 0.808 0.851
v -0.15411 1.34470 0.00000 0.141 0.153 0.184
v -0.16162 1.34721 0.03037 0.141 0.153 0.184
v -0.18268 1.35423 0.05473 0.141 0.153 0.184
v -0.21311 1.36437 0.06824 0.141 0.153 0.184
v -0.24689 1.37563 0.06824 0.141 0.153 0.184
v -0.27732 1.38577 0.05473 0.141 0.153 0.184
v -0.29838 1.39279 0.03037 0.141 0.153 0.184
v -0.30589 1.39530 0.00000 0.141 0.153 0.184
v -0.29838 1.39279 -0.03037 0.141 0.153 0.184
v -0.27732 1.38577 -0.05473 0.141 0.153 0.184
v -0.24689 1.37563 -0.06824 0.141 0.153 0.184
v -0.21311 1.36437 -0.06824 0.141 0.153 0.184
v -0.18268 1.35423 -0.05473 0.141 0.153 0.184
v -0.16162 1.34721 -0.03037 0.141 0.153 0.184
v -0.20000 1.44000 0.00000 0.141 0.153 0.184
v -0.23000 1.37000 0.00000 0.141 0.153 0.184
v 0.00000 1.79600 0.01200 0.918 0.788 0.706
v 0.00000 1.79600 0.01200 0.918 0.788 0.706
v 0.00000 1.79600 0.01200 0.918 0.788 0.706
v 0.00000 1.79600 0.01200 0.918 0.788 0.706
v 0.00000 1.79600 0.01200 0.918 0.788 0.706
v 0.00000 1.79600 0.01200 0.918 0.788 0.706
v 0.00000 1.79600 0.01200 0.918 0.788 0.706
v 0.00000 1.79600 0.01200 0.918 0.788 0.706
v 0.00000 1.79600 0.01200 0.918 0.788 0.706
v 0.00000 1.79600 0.01200 0.918 0.788 0.706
v 0.00000 1.79600 0.01200 0.918 0.788 0.706
v 0.00000 1.79600 0.01200 0.918 0.788 0.706
v 0.00000 1.79600 0.01200 0.918 0.788 0.706
v 0.00000 1.79600 0.01200 0.918 0.788 0.706
v 0.00000 1.79600 0.01200 0.918 0.788 0.706
v 0.00000 1.79600 0.01200 0.918 0.788 0.706
v 0.00000 1.79600 0.01200 0.918 0.788 0.706
v 0.00000 1.79600 0.01200 0.918 0.788 0.706
v 0.00000 1.79600 0.01200 0.918 0.788 0.706
v 0.00000 1.79600 0.01200 0.918 0.788 0.706
v 0.00000 1.79600 0.01200 0.918 0.788 0.706
v 0.00000 1.79600 0.01200 0.918 0.788 0.706
v 0.00000 1.79600 0.01200 0.918 0.788 0.706
v 0.00000 1.79600 0.01200 0.918 0.788 0.706
v 0.00000 1.79600 0.01200 0.918 0.788 0.706
v 0.00000 1.79600 0.01200 0.918 0.788 0.706
v 0.00000 1.79600 0.01200 0.918 0.788 0.706
v 0.00000 1.79600 0.01200 0.918 0.788 0.706
v 0.00000 1.79457 0.02858 0.918 0.788 0.706
v 0.00320 1.79457 0.02817 0.918 0.788 0.706
v 0.00624 1.79457 0.02694 0.918 0.788 0.706
v 0.00897 1.79457 0.02496 0.918 0.788 0.706
v 0.01125 1.79457 0.02234 0.918 0.788 0.706
v 0.01297 1.79457 0.01919 0.918 0.788 0.706
v 0.01403 1.79457 0.01569 0.918 0.788 0.706
v 0.01439 1.79457 0.01200 0.918 0.788 0.706
v 0.01403 1.79457 0.00831 0.918 0.788 0.706
v 0.01297 1.79457 0.00481 0.918 0.788 0.706
v 0.01125 1.79457 0.00166 0.918 0.788 0.706
v 0.00897 1.79457 -0.00096 0.918 0.788 0.706
v 0.00624 1.79457 -0.00294 0.918 0.788 0.706
v 0.00320 1.79457 -0.00417 0.918 0.788 0.706
v 0.00000 1.79457 -0.00458 0.918 0.788 0.706
v -0.00320 1.79457 -0.00417 0.918 0.788 0.706
v -0.00624 1.79457 -0.00294 0.918 0.788 0.706
v -0.00897 1.79457 -0.00096 0.918 0.788 0.706
v -0.01125 1.79457 0.00166 0.918 0.788 0.706
v -0.01297 1.79457 0.00481 0.918 0.788 0.706
v -0.01403 1.79457 0.00831 0.918 0.788 0.706
v -0.01439 1.79457 0.01200 0.918 0.788 0.706
v -0.01403 1.79457 0.01569 0.918 0.788 0.706
v -0.01297 1.79457 0.01919 0.918 0.788 0.706
v -0.01125 1.79457 0.02234 0.918 0.788 0.706
v -0.00897 1.79457 0.02496 0.918 0.788 0.706
v -0.00624 1.79457 0.02694 0.918 0.788 0.706
v -0.00320 1.79457 0.02817 0.918 0.788 0.706
v 0.00000 1.79032 0.04476 0.918 0.788 0.706
v 0.00633 1.79032 0.04393 0.918 0.788 0.706
v 0.01234 1.79032 0.04151 0.918 0.788 0.706
v 0.01773 1.79032 0.03761 0.918 0.788 0.706
v 0.02223 1.79032 0.03242 0.918 0.788 0.706
v 0.02561 1.79032 0.02621 0.918 0.788 0.706
v 0.02772 1.79032 0.01929 0.918 0.788 0.706
v 0.02843 1.79032 0.01200 0.918 0.788 0.706
v 0.02772 1.79032 0.00471 0.918 0.788 0.706
v 0.02561 1.79032 -0.00221 0.918 0.788 0.706
v 0.02223 1.79032 -0.00842 0.918 0.788 0.706
v 0.01773 1.79032 -0.01361 0.918 0.788 0.706
v 0.01234 1.79032 -0.01751 0.918 0.788 0.706
v 0.00633 1.79032 -0.01993 0.918 0.788 0.706
v 0.00000 1.79032 -0.02076 0.918 0.788 0.706
v -0.00633 1.79032 -0.01993 0.918 0.788 0.706
v -0.01234 1.79032 -0.01751 0.918 0.788 0.706
v -0.01773 1.79032 -0.01361 0.918 0.788 0.706
v -0.02223 1.79032 -0.00842 0.918 0.788 0.706
v -0.02561 1.79032 -0.00221 0.918 0.788 0.706
v -0.02772 1.79032 0.00471 0.918 0.788 0.706
v -0.02843 1.79032 0.01200 0.918 0.788 0.706
v -0.02772 1.79032 0.01929 0.918 0.788 0.706
v -0.02561 1.79032 0.02621 0.918 0.788 0.706
v -0.02223 1.79032 0.03242 0.918 0.788 0.706
v -0.01773 1.79032 0.03761 0.918 0.788 0.706
v -0.01234 1.79032 0.04151 0.918 0.788 0.706
v -0.00633 1.79032 0.04393 0.918 0.788 0.706
v 0.00000 1.78336 0.06012 0.918 0.788 0.706
v 0.00929 1.78336 0.05892 0.918 0.788 0.706
v 0.01812 1.78336 0.05536 0.918 0.788 0.706
v 0.02604 1.78336 0.04962 0.918 0.788 0.706
v 0.03265 1.78336 0.04200 0.918 0.788 0.706
v 0.03763 1.78336 0.03288 0.918 0.788 0.706
v 0.04072 1.78336 0.02271 0.918 0.788 0.706
v 0.04177 1.78336 0.01200 0.918 0.788 0.706
v 0.04072 1.78336 0.00129 0.918 0.788 0.706
v 0.03763 1.78336 -0.00888 0.918 0.788 0.706
v 0.03265 1.78336 -0.01800 0.918 0.788 0.706
v 0.02604 1.78336 -0.02562 0.918 0.788 0.706
v 0.01812 1.78336 -0.03136 0.918 0.788 0.706
v 0.00929 1.78336 -0.03492 0.918 0.788 0.706
v 0.00000 1.78336 -0.03612 0.918 0.788 0.706
v -0.00929 1.78336 -0.03492 0.918 0.788 0.706
v -0.01812 1.78336 -0.03136 0.918 0.788 0.706
v -0.02604 1.78336 -0.02562 0.918 0.788 0.706
v -0.03265 1.78336 -0.01800 0.918 0.788 0.706
v -0.03763 1.78336 -0.00888 0.918 0.788 0.706
v -0.04072 1.78336 0.00129 0.918 0.788 0.706
v -0.04177 1.78336 0.01200 0.918 0.788 0.706
v -0.04072 1.78336 0.02271 0.918 0.788 0.706
v -0.03763 1.78336 0.03288 0.918 0.788 0.706
v -0.03265 1.78336 0.04200 0.918 0.788 0.706
v -0.02604 1.78336 0.04962 0.918 0.788 0.706
v -0.01812 1.78336 0.05536 0.918 0.788 0.706
v -0.00929 1.78336 0.05892 0.918 0.788 0.706
v 0.00000 1.77385 0.07431 0.918 0.788 0.706
v 0.01203 1.77385 0.07274 0.918 0.788 0.706
v 0.02346 1.77385 0.06814 0.918 0.788 0.706
v 0.03372 1.77385 0.06071 0.918 0.788 0.706
v 0.04228 1.77385 0.05085 0.918 0.788 0.706
v 0.04872 1.77385 0.03903 0.918 0.788 0.706
v 0.05272 1.77385 0.02586 0.918 0.788 0.706
v 0.05408 1.77385 0.01200 0.918 0.788 0.706
v 0.05272 1.77385 -0.00186 0.918 0.788 0.706
v 0.04872 1.77385 -0.01503 0.918 0.788 0.706
v 0.04228 1.77385 -0.02685 0.918 0.788 0.706
v 0.03372 1.77385 -0.03671 0.918 0.788 0.706
v 0.02346 1.77385 -0.04414 0.918 0.788 0.706
v 0.01203 1.77385 -0.04874 0.918 0.788 0.706
v 0.00000 1.77385 -0.05031 0.918 0.788 0.706
v -0.01203 1.77385 -0.04874 0.918 0.788 0.706
v -0.02346 1.77385 -0.04414 0.918 0.788 0.706
v -0.03372 1.77385 -0.03671 0.918 0.788 0.706
v -0.04228 1.77385 -0.02685 0.918 0.788 0.706
v -0.04872 1.77385 -0.01503 0.918 0.788 0.706
v -0.05272 1.77385 -0.00186 0.918 0.788 0.706
v -0.05408 1.77385 0.01200 0.918 0.788 0.706
v -0.05272 1.77385 0.02586 0.918 0.788 0.706
v -0.04872 1.77385 0.03903 0.918 0.788 0.706
v -0.04228 1.77385 0.05085 0.918 0.788 0.706
v -0.03372 1.77385 0.06071 0.918 0.788 0.706
v -0.02346 1.77385 0.06814 0.918 0.788 0.706
v -0.01203 1.77385 0.07274 0.918 0.788 0.706
v 0.00000 1.76202 0.08695 0.918 0.788 0.706
v 0.01448 1.76202 0.08507 0.918 0.788 0.706
v 0.02823 1.76202 0.07953 0.918 0.788 0.706
v 0.04056 1.76202 0.07060 0.918 0.788 0.706
v 0.05086 1.76202 0.05873 0.918 0.788 0.706
v 0.05861 1.76202 0.04452 0.918 0.788 0.706
v 0.06342 1.76202 0.02868 0.918 0.788 0.706
v 0.06505 1.76202 0.01200 0.918 0.788 0.706
v 0.06342 1.76202 -0.00468 0.918 0.788 0.706
v 0.05861 1.76202 -0.02052 0.918 0.788 0.706
v 0.05086 1.76202 -0.03473 0.918 0.788 0.706
v 0.04056 1.76202 -0.04660 0.918 0.788 0.706
v 0.02823 1.76202 -0.05553 0.918 0.788 0.706
v 0.01448 1.76202 -0.06107 0.918 0.788 0.706
v 0.00000 1.76202 -0.06295 0.918 0.788 0.706
v -0.01448 1.76202 -0.06107 0.918 0.788 0.706
v -0.02823 1.76202 -0.05553 0.918 0.788 0.706
v -0.04056 1.76202 -0.04660 0.918 0.788 0.706
v -0.05086 1.76202 -0.03473 0.918 0.788 0.706
v -0.05861 1.76202 -0.02052 0.918 0.788 0.706
v -0.06342 1.76202 -0.00468 0.918 0.788 0.706
v -0.06505 1.76202 0.01200 0.918 0.788 0.706
v -0.06342 1.76202 0.02868 0.918 0.788 0.706
v -0.05861 1.76202 0.04452 0.918 0.788 0.706
v -0.05086 1.76202 0.05873 0.918 0.788 0.706
v -0.04056 1.76202 0.07060 0.918 0.788 0.706
v -0.02823 1.76202 0.07953 0.918 0.788 0.706
v -0.01448 1.76202 0.08507 0.918 0.788 0.706
v 0.00000 1.74818 0.09776 0.918 0.788 0.706
v 0.01656 1.74818 0.09561 0.918 0.788 0.706
v 0.03229 1.74818 0.08926 0.918 0.788 0.706
v 0.04641 1.74818 0.07905 0.918 0.788 0.706
v 0.05819 1.74818 0.06547 0.918 0.788 0.706
v 0.06706 1.74818 0.04921 0.918 0.788 0.706
v 0.07256 1.74818 0.03108 0.918 0.788 0.706
v 0.07443 1.74818 0.01200 0.918 0.788 0.706
v 0.07256 1.74818 -0.00708 0.918 0.788 0.706
v 0.06706 1.74818 -0.02521 0.918 0.788 0.706
v 0.05819 1.74818 -0.04147 0.918 0.788 0.706
v 0.04641 1.74818 -0.05505 0.918 0.788 0.706
v 0.03229 1.74818 -0.06526 0.918 0.788 0.706
v 0.01656 1.74818 -0.07161 0.918 0.788 0.706
v 0.00000 1.74818 -0.07376 0.918 0.788 0.706
v -0.01656 1.74818 -0.07161 0.918 0.788 0.706
v -0.03229 1.74818 -0.06526 0.918 0.788 0.706
v -0.04641 1.74818 -0.05505 0.918 0.788 0.706
v -0.05819 1.74818 -0.04147 0.918 0.788 0.706
v -0.06706 1.74818 -0.02521 0.918 0.788 0.706
v -0.07256 1.74818 -0.00708 0.918 0.788 0.706
v -0.07443 1.74818 0.01200 0.918 0.788 0.706
v -0.07256 1.74818 0.03108 0.918 0.788 0.706
v -0.06706 1.74818 0.04921 0.918 0.788 0.706
v -0.05819 1.74818 0.06547 0.918 0.788 0.706
v -0.04641 1.74818 0.07905 0.918 0.788 0.706
v -0.03229 1.74818 0.08926 0.918 0.788 0.706
v -0.01656 1.74818 0.09561 0.918 0.788 0.706
v 0.00000 1.73266 0.10645 0.918 0.788 0.706
v 0.01824 1.73266 0.10408 0.918 0.788 0.706
v 0.03557 1.73266 0.09709 0.918 0.788 0.706
v 0.05111 1.73266 0.08584 0.918 0.788 0.706
v 0.06409 1.73266 0.07089 0.918 0.788 0.706
v 0.07385 1.73266 0.05298 0.918 0.788 0.706
v 0.07992 1.73266 0.03302 0.918 0.788 0.706
v 0.08197 1.73266 0.01200 0.918 0.788 0.706
v 0.07992 1.73266 -0.00902 0.918 0.788 0.706
v 0.07385 1.73266 -0.02898 0.918 0.788 0.706
v 0.06409 1.73266 -0.04689 0.918 0.788 0.706
v 0.05111 1.73266 -0.06184 0.918 0.788 0.706
v 0.03557 1.73266 -0.07309 0.918 0.788 0.706
v 0.01824 1.73266 -0.08008 0.918 0.788 0.706
v 0.00000 1.73266 -0.08245 0.918 0.788 0.706
v -0.01824 1.73266 -0.08008 0.918 0.788 0.706
v -0.03557 1.73266 -0.07309 0.918 0.788 0.706
v -0.05111 1.73266 -0.06184 0.918 0.788 0.706
v -0.06409 1.73266 -0.04689 0.918 0.788 0.706
v -0.07385 1.73266 -0.02898 0.918 0.788 0.706
v -0.07992 1.73266 -0.00902 0.918 0.788 0.706
v -0.08197 1.73266 0.01200 0.918 0.788 0.706
v -0.07992 1.73266 0.03302 0.918 0.788 0.706
v -0.07385 1.73266 0.05298 0.918 0.788 0.706
v -0.06409 1.73266 0.07089 0.918 0.788 0.706
v -0.05111 1.73266 0.08584 0.918 0.788 0.706
v -0.03557 1.73266 0.09709 0.918 0.788 0.706
v -0.01824 1.73266 0.10408 0.918 0.788 0.706
v 0.00000 1.71585 0.11281 0.918 0.788 0.706
v 0.01947 1.71585 0.11028 0.918 0.788 0.706
v 0.03796 1.71585 0.10283 0.918 0.788 0.706
v 0.05455 1.71585 0.09082 0.918 0.788 0.706
v 0.06841 1.71585 0.07486 0.918 0.788 0.706
v 0.07883 1.71585 0.05574 0.918 0.788 0.706
v 0.08530 1.71585 0.03443 0.918 0.788 0.706
v 0.08750 1.71585 0.01200 0.918 0.788 0.706
v 0.08530 1.71585 -0.01043 0.918 0.788 0.706
v 0.07883 1.71585 -0.03174 0.918 0.788 0.706
v 0.06841 1.71585 -0.05086 0.918 0.788 0.706
v 0.05455 1.71585 -0.06682 0.918 0.788 0.706
v 0.03796 1.71585 -0.07883 0.918 0.788 0.706
v 0.01947 1.71585 -0.08628 0.918 0.788 0.706
v 0.00000 1.71585 -0.08881 0.918 0.788 0.706
v -0.01947 1.71585 -0.08628 0.918 0.788 0.706
v -0.03796 1.71585 -0.07883 0.918 0.788 0.706
v -0.05455 1.71585 -0.06682 0.918 0.788 0.706
v -0.06841 1.71585 -0.05086 0.918 0.788 0.706
v -0.07883 1.71585 -0.03174 0.918 0.788 0.706
v -0.08530 1.71585 -0.01043 0.918 0.788 0.706
v -0.08750 1.71585 0.01200 0.918 0.788 0.706
v -0.08530 1.71585 0.03443 0.918 0.788 0.706
v -0.07883 1.71585 0.05574 0.918 0.788 0.706
v -0.06841 1.71585 0.07486 0.918 0.788 0.706
v -0.05455 1.71585 0.09082 0.918 0.788 0.706
v -0.03796 1.71585 0.10283 0.918 0.788 0.706
v -0.01947 1.71585 0.11028 0.918 0.788 0.706
v 0.00000 1.69815 0.11669 0.918 0.788 0.706
v 0.02022 1.69815 0.11407 0.918 0.788 0.706
v 0.03943 1.69815 0.10633 0.918 0.788 0.706
v 0.05665 1.69815 0.09385 0.918 0.788 0.706
v 0.07104 1.69815 0.07728 0.918 0.788 0.706
v 0.08187 1.69815 0.05743 0.918 0.788 0.706
v 0.08859 1.69815 0.03530 0.918 0.788 0.706
v 0.09087 1.69815 0.01200 0.918 0.788 0.706
v 0.08859 1.69815 -0.01130 0.918 0.788 0.706
v 0.08187 1.69815 -0.03343 0.918 0.788 0.706
v 0.07104 1.69815 -0.05328 0.918 0.788 0.706
v 0.05665 1.69815 -0.06985 0.918 0.788 0.706
v 0.03943 1.69815 -0.08233 0.918 0.788 0.706
v 0.02022 1.69815 -0.09007 0.918 0.788 0.706
v 0.00000 1.69815 -0.09269 0.918 0.788 0.706
v -0.02022 1.69815 -0.09007 0.918 0.788 0.706
v -0.03943 1.69815 -0.08233 0.918 0.788 0.706
v -0.05665 1.69815 -0.06985 0.918 0.788 0.706
v -0.07104 1.69815 -0.05328 0.918 0.788 0.706
v -0.08187 1.69815 -0.03343 0.918 0.788 0.706
v -0.08859 1.69815 -0.01130 0.918 0.788 0.706
v -0.09087 1.69815 0.01200 0.918 0.788 0.706
v -0.08859 1.69815 0.03530 0.918 0.788 0.706
v -0.08187 1.69815 0.05743 0.918 0.788 0.706
v -0.07104 1.69815 0.07728 0.918 0.788 0.706
v -0.05665 1.69815 0.09385 0.918 0.788 0.706
v -0.03943 1.69815 0.10633 0.918 0.788 0.706
v -0.02022 1.69815 0.11407 0.918 0.788 0.706
v 0.00000 1.68000 0.11800 0.918 0.788 0.706
v 0.02047 1.68000 0.11534 0.918 0.788 0.706
v 0.03992 1.68000 0.10750 0.918 0.788 0.706
v 0.05736 1.68000 0.09487 0.918 0.788 0.706
v 0.07193 1.68000 0.07809 0.918 0.788 0.706
v 0.08289 1.68000 0.05799 0.918 0.788 0.706
v 0.08969 1.68000 0.03559 0.918 0.788 0.706
v 0.09200 1.68000 0.01200 0.918 0.788 0.706
v 0.08969 1.68000 -0.01159 0.918 0.788 0.706
v 0.08289 1.68000 -0.03399 0.918 0.788 0.706
v 0.07193 1.68000 -0.05409 0.918 0.788 0.706
v 0.05736 1.68000 -0.07087 0.918 0.788 0.706
v 0.03992 1.68000 -0.08350 0.918 0.788 0.706
v 0.02047 1.68000 -0.09134 0.918 0.788 0.706
v 0.00000 1.68000 -0.09400 0.918 0.788 0.706
v -0.02047 1.68000 -0.09134 0.918 0.788 0.706
v -0.03992 1.68000 -0.08350 0.918 0.788 0.706
v -0.05736 1.68000 -0.07087 0.918 0.788 0.706
v -0.07193 1.68000 -0.05409 0.918 0.788 0.706
v -0.08289 1.68000 -0.03399 0.918 0.788 0.706
v -0.08969 1.68000 -0.01159 0.918 0.788 0.706
v -0.09200 1.68000 0.01200 0.918 0.788 0.706
v -0.08969 1.68000 0.03559 0.918 0.788 0.706
v -0.08289 1.68000 0.05799 0.918 0.788 0.706
v -0.07193 1.68000 0.07809 0.918 0.788 0.706
v -0.05736 1.68000 0.09487 0.918 0.788 0.706
v -0.03992 1.68000 0.10750 0.918 0.788 0.706
v -0.02047 1.68000 0.11534 0.918 0.788 0.706
v 0.00000 1.66196 0.11552 0.918 0.788 0.706
v 0.01957 1.66196 0.11293 0.918 0.788 0.706
v 0.03815 1.66196 0.10527 0.918 0.788 0.706
v 0.05483 1.66196 0.09294 0.918 0.788 0.706
v 0.06875 1.66196 0.07654 0.918 0.788 0.706
v 0.07923 1.66196 0.05692 0.918 0.788 0.706
v 0.08573 1.66196 0.03504 0.918 0.788 0.706
v 0.08793 1.66196 0.01200 0.918 0.788 0.706
v 0.08573 1.66196 -0.01104 0.918 0.788 0.706
v 0.07923 1.66196 -0.03292 0.918 0.788 0.706
v 0.06875 1.66196 -0.05254 0.918 0.788 0.706
v 0.05483 1.66196 -0.06894 0.918 0.788 0.706
v 0.03815 1.66196 -0.08127 0.918 0.788 0.706
v 0.01957 1.66196 -0.08893 0.918 0.788 0.706
v 0.00000 1.66196 -0.09152 0.918 0.788 0.706
v -0.01957 1.66196 -0.08893 0.918 0.788 0.706
v -0.03815 1.66196 -0.08127 0.918 0.788 0.706
v -0.05483 1.66196 -0.06894 0.918 0.788 0.706
v -0.06875 1.66196 -0.05254 0.918 0.788 0.706
v -0.07923 1.66196 -0.03292 0.918 0.788 0.706
v -0.08573 1.66196 -0.01104 0.918 0.788 0.706
v -0.08793 1.66196 0.01200 0.918 0.788 0.706
v -0.08573 1.66196 0.03504 0.918 0.788 0.706
v -0.07923 1.66196 0.05692 0.918 0.788 0.706
v -0.06875 1.66196 0.07654 0.918 0.788 0.706
v -0.05483 1.66196 0.09294 0.918 0.788 0.706
v -0.03815 1.66196 0.10527 0.918 0.788 0.706
v -0.01957 1.66196 0.11293 0.918 0.788 0.706
v 0.00000 1.64464 0.11006 0.918 0.788 0.706
v 0.01772 1.64464 0.10760 0.918 0.788 0.706
v 0.03456 1.64464 0.10035 0.918 0.788 0.706
v 0.04966 1.64464 0.08867 0.918 0.788 0.706
v 0.06227 1.64464 0.07314 0.918 0.788 0.706
v 0.07176 1.64464 0.05455 0.918 0.788 0.706
v 0.07765 1.64464 0.03382 0.918 0.788 0.706
v 0.07964 1.64464 0.01200 0.918 0.788 0.706
v 0.07765 1.64464 -0.00982 0.918 0.788 0.706
v 0.07176 1.64464 -0.03055 0.918 0.788 0.706
v 0.06227 1.64464 -0.04914 0.918 0.788 0.706
v 0.04966 1.64464 -0.06467 0.918 0.788 0.706
v 0.03456 1.64464 -0.07635 0.918 0.788 0.706
v 0.01772 1.64464 -0.08360 0.918 0.788 0.706
v 0.00000 1.64464 -0.08606 0.918 0.788 0.706
v -0.01772 1.64464 -0.08360 0.918 0.788 0.706
v -0.03456 1.64464 -0.07635 0.918 0.788 0.706
v -0.04966 1.64464 -0.06467 0.918 0.788 0.706
v -0.06227 1.64464 -0.04914 0.918 0.788 0.706
v -0.07176 1.64464 -0.03055 0.918 0.788 0.706
v -0.07765 1.64464 -0.00982 0.918 0.788 0.706
v -0.07964 1.64464 0.01200 0.918 0.788 0.706
v -0.07765 1.64464 0.03382 0.918 0.788 0.706
v -0.07176 1.64464 0.05455 0.918 0.788 0.706
v -0.06227 1.64464 0.07314 0.918 0.788 0.706
v -0.04966 1.64464 0.08867 0.918 0.788 0.706
v -0.03456 1.64464 0.10035 0.918 0.788 0.706
v -0.01772 1.64464 0.10760 0.918 0.788 0.706
v 0.00000 1.62846 0.10243 0.918 0.788 0.706
v 0.01551 1.62846 0.10016 0.918 0.788 0.706
v 0.03024 1.62846 0.09347 0.918 0.788 0.706
v 0.04346 1.62846 0.08270 0.918 0.788 0.706
v 0.05450 1.62846 0.06838 0.918 0.788 0.706
v 0.06280 1.62846 0.05124 0.918 0.788 0.706
v 0.06796 1.62846 0.03212 0.918 0.788 0.706
v 0.06971 1.62846 0.01200 0.918 0.788 0.706
v 0.06796 1.62846 -0.00812 0.918 0.788 0.706
v 0.06280 1.62846 -0.02724 0.918 0.788 0.706
v 0.05450 1.62846 -0.04438 0.918 0.788 0.706
v 0.04346 1.62846 -0.05870 0.918 0.788 0.706
v 0.03024 1.62846 -0.06947 0.918 0.788 0.706
v 0.01551 1.62846 -0.07616 0.918 0.788 0.706
v 0.00000 1.62846 -0.07843 0.918 0.788 0.706
v -0.01551 1.62846 -0.07616 0.918 0.788 0.706
v -0.03024 1.62846 -0.06947 0.918 0.788 0.706
v -0.04346 1.62846 -0.05870 0.918 0.788 0.706
v -0.05450 1.62846 -0.04438 0.918 0.788 0.706
v -0.06280 1.62846 -0.02724 0.918 0.788 0.706
v -0.06796 1.62846 -0.00812 0.918 0.788 0.706
v -0.06971 1.62846 0.01200 0.918 0.788 0.706
v -0.06796 1.62846 0.03212 0.918 0.788 0.706
v -0.06280 1.62846 0.05124 0.918 0.788 0.706
v -0.05450 1.62846 0.06838 0.918 0.788 0.706
v -0.04346 1.62846 0.08270 0.918 0.788 0.706
v -0.03024 1.62846 0.09347 0.918 0.788 0.706
v -0.01551 1.62846 0.10016 0.918 0.788 0.706
v 0.00000 1.61375 0.09290 0.918 0.788 0.706
v 0.01312 1.61375 0.09087 0.918 0.788 0.706
v 0.02558 1.61375 0.08489 0.918 0.788 0.706
v 0.03676 1.61375 0.07525 0.918 0.788 0.706
v 0.04609 1.61375 0.06244 0.918 0.788 0.706
v 0.05312 1.61375 0.04710 0.918 0.788 0.706
v 0.05748 1.61375 0.03000 0.918 0.788 0.706
v 0.05895 1.61375 0.01200 0.918 0.788 0.706
v 0.05748 1.61375 -0.00600 0.918 0.788 0.706
v 0.05312 1.61375 -0.02310 0.918 0.788 0.706
v 0.04609 1.61375 -0.03844 0.918 0.788 0.706
v 0.03676 1.61375 -0.05125 0.918 0.788 0.706
v 0.02558 1.61375 -0.06089 0.918 0.788 0.706
v 0.01312 1.61375 -0.06687 0.918 0.788 0.706
v 0.00000 1.61375 -0.06890 0.918 0.788 0.706
v -0.01312 1.61375 -0.06687 0.918 0.788 0.706
v -0.02558 1.61375 -0.06089 0.918 0.788 0.706
v -0.03676 1.61375 -0.05125 0.918 0.788 0.706
v -0.04609 1.61375 -0.03844 0.918 0.788 0.706
v -0.05312 1.61375 -0.02310 0.918 0.788 0.706
v -0.05748 1.61375 -0.00600 0.918 0.788 0.706
v -0.05895 1.61375 0.01200 0.918 0.788 0.706
v -0.05748 1.61375 0.03000 0.918 0.788 0.706
v -0.05312 1.61375 0.04710 0.918 0.788 0.706
v -0.04609 1.61375 0.06244 0.918 0.788 0.706
v -0.03676 1.61375 0.07525 0.918 0.788 0.706
v -0.02558 1.61375 0.08489 0.918 0.788 0.706
v -0.01312 1.61375 0.09087 0.918 0.788 0.706
v 0.00000 1.60081 0.08777 0.918 0.788 0.706
v 0.01069 1.60081 0.08602 0.918 0.788 0.706
v 0.02084 1.60081 0.08086 0.918 0.788 0.706
v 0.02994 1.60081 0.07255 0.918 0.788 0.706
v 0.03755 1.60081 0.06150 0.918 0.788 0.706
v 0.04327 1.60081 0.04227 0.918 0.788 0.706
v 0.04682 1.60081 0.02753 0.918 0.788 0.706
v 0.04802 1.60081 0.01200 0.918 0.788 0.706
v 0.04682 1.60081 -0.00353 0.918 0.788 0.706
v 0.04327 1.60081 -0.01827 0.918 0.788 0.706
v 0.03755 1.60081 -0.03150 0.918 0.788 0.706
v 0.02994 1.60081 -0.04255 0.918 0.788 0.706
v 0.02084 1.60081 -0.05086 0.918 0.788 0.706
v 0.01069 1.60081 -0.05602 0.918 0.788 0.706
v 0.00000 1.60081 -0.05777 0.918 0.788 0.706
v -0.01069 1.60081 -0.05602 0.918 0.788 0.706
v -0.02084 1.60081 -0.05086 0.918 0.788 0.706
v -0.02994 1.60081 -0.04255 0.918 0.788 0.706
v -0.03755 1.60081 -0.03150 0.918 0.788 0.706
v -0.04327 1.60081 -0.01827 0.918 0.788 0.706
v -0.04682 1.60081 -0.00353 0.918 0.788 0.706
v -0.04802 1.60081 0.01200 0.918 0.788 0.706
v -0.04682 1.60081 0.02753 0.918 0.788 0.706
v -0.04327 1.60081 0.04227 0.918 0.788 0.706
v -0.03755 1.60081 0.06150 0.918 0.788 0.706
v -0.02994 1.60081 0.07255 0.918 0.788 0.706
v -0.02084 1.60081 0.08086 0.918 0.788 0.706
v -0.01069 1.60081 0.08602 0.918 0.788 0.706
v 0.00000 1.58990 0.07533 0.918 0.788 0.706
v 0.00831 1.58990 0.07389 0.918 0.788 0.706
v 0.01621 1.58990 0.06965 0.918 0.788 0.706
v 0.02330 1.58990 0.06282 0.918 0.788 0.706
v 0.02921 1.58990 0.04774 0.918 0.788 0.706
v 0.03367 1.58990 0.03687 0.918 0.788 0.706
v 0.03643 1.58990 0.02476 0.918 0.788 0.706
v 0.03737 1.58990 0.01200 0.918 0.788 0.706
v 0.03643 1.58990 -0.00076 0.918 0.788 0.706
v 0.03367 1.58990 -0.01287 0.918 0.788 0.706
v 0.02921 1.58990 -0.02374 0.918 0.788 0.706
v 0.02330 1.58990 -0.03282 0.918 0.788 0.706
v 0.01621 1.58990 -0.03965 0.918 0.788 0.706
v 0.00831 1.58990 -0.04389 0.918 0.788 0.706
v 0.00000 1.58990 -0.04533 0.918 0.788 0.706
v -0.00831 1.58990 -0.04389 0.918 0.788 0.706
v -0.01621 1.58990 -0.03965 0.918 0.788 0.706
v -0.02330 1.58990 -0.03282 0.918 0.788 0.706
v -0.02921 1.58990 -0.02374 0.918 0.788 0.706
v -0.03367 1.58990 -0.01287 0.918 0.788 0.706
v -0.03643 1.58990 -0.00076 0.918 0.788 0.706
v -0.03737 1.58990 0.01200 0.918 0.788 0.706
v -0.03643 1.58990 0.02476 0.918 0.788 0.706
v -0.03367 1.58990 0.03687 0.918 0.788 0.706
v -0.02921 1.58990 0.04774 0.918 0.788 0.706
v -0.02330 1.58990 0.06282 0.918 0.788 0.706
v -0.01621 1.58990 0.06965 0.918 0.788 0.706
v -0.00831 1.58990 0.07389 0.918 0.788 0.706
v 0.00000 1.58122 0.06186 0.918 0.788 0.706
v 0.00606 1.58122 0.06076 0.918 0.788 0.706
v 0.01182 1.58122 0.05752 0.918 0.788 0.706
v 0.01699 1.58122 0.04629 0.918 0.788 0.706
v 0.02130 1.58122 0.03935 0.918 0.788 0.706
v 0.02455 1.58122 0.03103 0.918 0.788 0.706
v 0.02656 1.58122 0.02176 0.918 0.788 0.706
v 0.02724 1.58122 0.01200 0.918 0.788 0.706
v 0.02656 1.58122 0.00224 0.918 0.788 0.706
v 0.02455 1.58122 -0.00703 0.918 0.788 0.706
v 0.02130 1.58122 -0.01535 0.918 0.788 0.706
v 0.01699 1.58122 -0.02229 0.918 0.788 0.706
v 0.01182 1.58122 -0.02752 0.918 0.788 0.706
v 0.00606 1.58122 -0.03076 0.918 0.788 0.706
v 0.00000 1.58122 -0.03186 0.918 0.788 0.706
v -0.00606 1.58122 -0.03076 0.918 0.788 0.706
v -0.01182 1.58122 -0.02752 0.918 0.788 0.706
v -0.01699 1.58122 -0.02229 0.918 0.788 0.706
v -0.02130 1.58122 -0.01535 0.918 0.788 0.706
v -0.02455 1.58122 -0.00703 0.918 0.788 0.706
v -0.02656 1.58122 0.00224 0.918 0.788 0.706
v -0.02724 1.58122 0.01200 0.918 0.788 0.706
v -0.02656 1.58122 0.02176 0.918 0.788 0.706
v -0.02455 1.58122 0.03103 0.918 0.788 0.706
v -0.02130 1.58122 0.03935 0.918 0.788 0.706
v -0.01699 1.58122 0.04629 0.918 0.788 0.706
v -0.01182 1.58122 0.05752 0.918 0.788 0.706
v -0.00606 1.58122 0.06076 0.918 0.788 0.706
v 0.00000 1.57491 0.04165 0.918 0.788 0.706
v 0.00395 1.57491 0.04091 0.918 0.788 0.706
v 0.00769 1.57491 0.03871 0.918 0.788 0.706
v 0.01105 1.57491 0.03518 0.918 0.788 0.706
v 0.01386 1.57491 0.03049 0.918 0.788 0.706
v 0.01597 1.57491 0.02486 0.918 0.788 0.706
v 0.01728 1.57491 0.01860 0.918 0.788 0.706
v 0.01773 1.57491 0.01200 0.918 0.788 0.706
v 0.01728 1.57491 0.00540 0.918 0.788 0.706
v 0.01597 1.57491 -0.00086 0.918 0.788 0.706
v 0.01386 1.57491 -0.00649 0.918 0.788 0.706
v 0.01105 1.57491 -0.01118 0.918 0.788 0.706
v 0.00769 1.57491 -0.01471 0.918 0.788 0.706
v 0.00395 1.57491 -0.01691 0.918 0.788 0.706
v 0.00000 1.57491 -0.01765 0.918 0.788 0.706
v -0.00395 1.57491 -0.01691 0.918 0.788 0.706
v -0.00769 1.57491 -0.01471 0.918 0.788 0.706
v -0.01105 1.57491 -0.01118 0.918 0.788 0.706
v -0.01386 1.57491 -0.00649 0.918 0.788 0.706
v -0.01597 1.57491 -0.00086 0.918 0.788 0.706
v -0.01728 1.57491 0.00540 0.918 0.788 0.706
v -0.01773 1.57491 0.01200 0.918 0.788 0.706
v -0.01728 1.57491 0.01860 0.918 0.788 0.706
v -0.01597 1.57491 0.02486 0.918 0.788 0.706
v -0.01386 1.57491 0.03049 0.918 0.788 0.706
v -0.01105 1.57491 0.03518 0.918 0.788 0.706
v -0.00769 1.57491 0.03871 0.918 0.788 0.706
v -0.00395 1.57491 0.04091 0.918 0.788 0.706
v 0.00000 1.57108 0.02695 0.918 0.788 0.706
v 0.00194 1.57108 0.02657 0.918 0.788 0.706
v 0.00378 1.57108 0.02547 0.918 0.788 0.706
v 0.00544 1.57108 0.02368 0.918 0.788 0.706
v 0.00682 1.57108 0.02132 0.918 0.788 0.706
v 0.00786 1.57108 0.01848 0.918 0.788 0.706
v 0.00850 1.57108 0.01533 0.918 0.788 0.706
v 0.00872 1.57108 0.01200 0.918 0.788 0.706
v 0.00850 1.57108 0.00867 0.918 0.788 0.706
v 0.00786 1.57108 0.00552 0.918 0.788 0.706
v 0.00682 1.57108 0.00268 0.918 0.788 0.706
v 0.00544 1.57108 0.00032 0.918 0.788 0.706
v 0.00378 1.57108 -0.00147 0.918 0.788 0.706
v 0.00194 1.57108 -0.00257 0.918 0.788 0.706
v 0.00000 1.57108 -0.00295 0.918 0.788 0.706
v -0.00194 1.57108 -0.00257 0.918 0.788 0.706
v -0.00378 1.57108 -0.00147 0.918 0.788 0.706
v -0.00544 1.57108 0.00032 0.918 0.788 0.706
v -0.00682 1.57108 0.00268 0.918 0.788 0.706
v -0.00786 1.57108 0.00552 0.918 0.788 0.706
v -0.00850 1.57108 0.00867 0.918 0.788 0.706
v -0.00872 1.57108 0.01200 0.918 0.788 0.706
v -0.00850 1.57108 0.01533 0.918 0.788 0.706
v -0.00786 1.57108 0.01848 0.918 0.788 0.706
v -0.00682 1.57108 0.02132 0.918 0.788 0.706
v -0.00544 1.57108 0.02368 0.918 0.788 0.706
v -0.00378 1.57108 0.02547 0.918 0.788 0.706
v -0.00194 1.57108 0.02657 0.918 0.788 0.706
v 0.00000 1.56980 0.01200 0.918 0.788 0.706
v 0.00000 1.56980 0.01200 0.918 0.788 0.706
v 0.00000 1.56980 0.01200 0.918 0.788 0.706
v 0.00000 1.56980 0.01200 0.918 0.788 0.706
v 0.00000 1.56980 0.01200 0.918 0.788 0.706
v 0.00000 1.56980 0.01200 0.918 0.788 0.706
v 0.00000 1.56980 0.01200 0.918 0.788 0.706
v 0.00000 1.56980 0.01200 0.918 0.788 0.706
v 0.00000 1.56980 0.01200 0.918 0.788 0.706
v 0.00000 1.56980 0.01200 0.918 0.788 0.706
v 0.00000 1.56980 0.01200 0.918 0.788 0.706
v 0.00000 1.56980 0.01200 0.918 0.788 0.706
v 0.00000 1.56980 0.01200 0.918 0.788 0.706
v 0.00000 1.56980 0.01200 0.918 0.788 0.706
v 0.00000 1.56980 0.01200 0.918 0.788 0.706
v -0.00000 1.56980 0.01200 0.918 0.788 0.706
v -0.00000 1.56980 0.01200 0.918 0.788 0.706
v -0.00000 1.56980 0.01200 0.918 0.788 0.706
v -0.00000 1.56980 0.01200 0.918 0.788 0.706
v -0.00000 1.56980 0.01200 0.918 0.788 0.706
v -0.00000 1.56980 0.01200 0.918 0.788 0.706
v -0.00000 1.56980 0.01200 0.918 0.788 0.706
v -0.00000 1.56980 0.01200 0.918 0.788 0.706
v -0.00000 1.56980 0.01200 0.918 0.788 0.706
v -0.00000 1.56980 0.01200 0.918 0.788 0.706
v -0.00000 1.56980 0.01200 0.918 0.788 0.706
v -0.00000 1.56980 0.01200 0.918 0.788 0.706
v -0.00000 1.56980 0.01200 0.918 0.788 0.706
v 0.08616 1.68132 0.02697 0.918 0.788 0.706
v 0.08980 1.67074 0.02433 0.918 0.788 0.706
v 0.09131 1.66265 0.01212 0.918 0.788 0.706
v 0.08980 1.66179 -0.00251 0.918 0.788 0.706
v 0.08616 1.66868 -0.01097 0.918 0.788 0.706
v 0.08252 1.67926 -0.00833 0.918 0.788 0.706
v 0.08101 1.68735 0.00388 0.918 0.788 0.706
v 0.08252 1.68821 0.01851 0.918 0.788 0.706
v 0.10216 1.68606 0.02118 0.918 0.788 0.706
v 0.10424 1.67959 0.01840 0.918 0.788 0.706
v 0.10510 1.67394 0.00835 0.918 0.788 0.706
v 0.10424 1.67243 -0.00307 0.918 0.788 0.706
v 0.10216 1.67594 -0.00918 0.918 0.788 0.706
v 0.10008 1.68241 -0.00640 0.918 0.788 0.706
v 0.09922 1.68806 0.00365 0.918 0.788 0.706
v 0.10008 1.68957 0.01507 0.918 0.788 0.706
v 0.08616 1.67500 0.00800 0.918 0.788 0.706
v 0.10216 1.68100 0.00600 0.918 0.788 0.706
v -0.08616 1.68132 0.02697 0.918 0.788 0.706
v -0.08252 1.68821 0.01851 0.918 0.788 0.706
v -0.08101 1.68735 0.00388 0.918 0.788 0.706
v -0.08252 1.67926 -0.00833 0.918 0.788 0.706
v -0.08616 1.66868 -0.01097 0.918 0.788 0.706
v -0.08980 1.66179 -0.00251 0.918 0.788 0.706
v -0.09131 1.66265 0.01212 0.918 0.788 0.706
v -0.08980 1.67074 0.02433 0.918 0.788 0.706
v -0.10216 1.68606 0.02118 0.918 0.788 0.706
v -0.10008 1.68957 0.01507 0.918 0.788 0.706
v -0.09922 1.68806 0.00365 0.918 0.788 0.706
v -0.10008 1.68241 -0.00640 0.918 0.788 0.706
v -0.10216 1.67594 -0.00918 0.918 0.788 0.706
v -0.10424 1.67243 -0.00307 0.918 0.788 0.706
v -0.10510 1.67394 0.00835 0.918 0.788 0.706
v -0.10424 1.67959 0.01840 0.918 0.788 0.706
v -0.08616 1.67500 0.00800 0.918 0.788 0.706
v -0.10216 1.68100 0.00600 0.918 0.788 0.706
v 0.00000 1.80870 0.01200 0.773 0.796 0.839
v 0.00000 1.80870 0.01200 0.773 0.796 0.839
v 0.00000 1.80870 0.01200 0.773 0.796 0.839
v 0.00000 1.80870 0.01200 0.773 0.796 0.839
v 0.00000 1.80870 0.01200 0.773 0.796 0.839
v 0.00000 1.80870 0.01200 0.773 0.796 0.839
v 0.00000 1.80870 0.01200 0.773 0.796 0.839
v 0.00000 1.80870 0.01200 0.773 0.796 0.839
v 0.00000 1.80870 0.01200 0.773 0.796 0.839
v 0.00000 1.80870 0.01200 0.773 0.796 0.839
v 0.00000 1.80870 0.01200 0.773 0.796 0.839
v 0.00000 1.80870 0.01200 0.773 0.796 0.839
v 0.00000 1.80870 0.01200 0.773 0.796 0.839
v 0.00000 1.80870 0.01200 0.773 0.796 0.839
v 0.00000 1.80870 0.01200 0.773 0.796 0.839
v 0.00000 1.80870 0.01200 0.773 0.796 0.839
v 0.00000 1.80870 0.01200 0.773 0.796 0.839
v 0.00000 1.80870 0.01200 0.773 0.796 0.839
v 0.00000 1.80870 0.01200 0.773 0.796 0.839
v 0.00000 1.80870 0.01200 0.773 0.796 0.839
v 0.00000 1.80870 0.01200 0.773 0.796 0.839
v 0.00000 1.80870 0.01200 0.773 0.796 0.839
v 0.00000 1.80870 0.01200 0.773 0.796 0.839
v 0.00000 1.80870 0.01200 0.773 0.796 0.839
v 0.00000 1.80870 0.01200 0.773 0.796 0.839
v 0.00000 1.80870 0.01200 0.773 0.796 0.839
v 0.00000 1.80870 0.01200 0.773 0.796 0.839
v 0.00000 1.80870 0.01200 0.773 0.796 0.839
v 0.00000 1.80870 0.01200 0.773 0.796 0.839
v 0.00000 1.80870 0.01200 0.773 0.796 0.839
v 0.00000 1.80776 0.02596 0.773 0.796 0.839
v 0.00252 1.80776 0.02565 0.773 0.796 0.839
v 0.00493 1.80776 0.02475 0.773 0.796 0.839
v 0.00712 1.80776 0.02329 0.773 0.796 0.839
v 0.00900 1.80776 0.02134 0.773 0.796 0.839
v 0.01049 1.80776 0.01898 0.773 0.796 0.839
v 0.01152 1.80776 0.01631 0.773 0.796 0.839
v 0.01205 1.80776 0.01346 0.773 0.796 0.839
v 0.01205 1.80776 0.00254 0.773 0.796 0.839
v 0.01152 1.80776 -0.00031 0.773 0.796 0.839
v 0.01049 1.80776 -0.00298 0.773 0.796 0.839
v 0.00900 1.80776 -0.00534 0.773 0.796 0.839
v 0.00712 1.80776 -0.00729 0.773 0.796 0.839
v 0.00493 1.80776 -0.00875 0.773 0.796 0.839
v 0.00252 1.80776 -0.00965 0.773 0.796 0.839
v 0.00000 1.80776 -0.00996 0.773 0.796 0.839
v -0.00252 1.80776 -0.00965 0.773 0.796 0.839
v -0.00493 1.80776 -0.00875 0.773 0.796 0.839
v -0.00712 1.80776 -0.00729 0.773 0.796 0.839
v -0.00900 1.80776 -0.00534 0.773 0.796 0.839
v -0.01049 1.80776 -0.00298 0.773 0.796 0.839
v -0.01152 1.80776 -0.00031 0.773 0.796 0.839
v -0.01205 1.80776 0.00254 0.773 0.796 0.839
v -0.01205 1.80776 0.01346 0.773 0.796 0.839
v -0.01152 1.80776 0.01631 0.773 0.796 0.839
v -0.01049 1.80776 0.01898 0.773 0.796 0.839
v -0.00900 1.80776 0.02134 0.773 0.796 0.839
v -0.00712 1.80776 0.02329 0.773 0.796 0.839
v -0.00493 1.80776 0.02475 0.773 0.796 0.839
v -0.00252 1.80776 0.02565 0.773 0.796 0.839
v 0.00000 1.80496 0.03971 0.773 0.796 0.839
v 0.00500 1.80496 0.03910 0.773 0.796 0.839
v 0.00978 1.80496 0.03731 0.773 0.796 0.839
v 0.01413 1.80496 0.03442 0.773 0.796 0.839
v 0.01787 1.80496 0.03054 0.773 0.796 0.839
v 0.02083 1.80496 0.02585 0.773 0.796 0.839
v 0.02287 1.80496 0.02056 0.773 0.796 0.839
v 0.02392 1.80496 0.01490 0.773 0.796 0.839
v 0.02392 1.80496 0.00110 0.773 0.796 0.839
v 0.02287 1.80496 -0.00456 0.773 0.796 0.839
v 0.02083 1.80496 -0.00985 0.773 0.796 0.839
v 0.01787 1.80496 -0.01454 0.773 0.796 0.839
v 0.01413 1.80496 -0.01842 0.773 0.796 0.839
v 0.00978 1.80496 -0.02131 0.773 0.796 0.839
v 0.00500 1.80496 -0.02310 0.773 0.796 0.839
v 0.00000 1.80496 -0.02371 0.773 0.796 0.839
v -0.00500 1.80496 -0.02310 0.773 0.796 0.839
v -0.00978 1.80496 -0.02131 0.773 0.796 0.839
v -0.01413 1.80496 -0.01842 0.773 0.796 0.839
v -0.01787 1.80496 -0.01454 0.773 0.796 0.839
v -0.02083 1.80496 -0.00985 0.773 0.796 0.839
v -0.02287 1.80496 -0.00456 0.773 0.796 0.839
v -0.02392 1.80496 0.00110 0.773 0.796 0.839
v -0.02392 1.80496 0.01490 0.773 0.796 0.839
v -0.02287 1.80496 0.02056 0.773 0.796 0.839
v -0.02083 1.80496 0.02585 0.773 0.796 0.839
v -0.01787 1.80496 0.03054 0.773 0.796 0.839
v -0.01413 1.80496 0.03442 0.773 0.796 0.839
v -0.00978 1.80496 0.03731 0.773 0.796 0.839
v -0.00500 1.80496 0.03910 0.773 0.796 0.839
v 0.00000 1.80033 0.05304 0.773 0.796 0.839
v 0.00741 1.80033 0.05214 0.773 0.796 0.839
v 0.01449 1.80033 0.04949 0.773 0.796 0.839
v 0.02094 1.80033 0.04520 0.773 0.796 0.839
v 0.02647 1.80033 0.03946 0.773 0.796 0.839
v 0.03085 1.80033 0.03252 0.773 0.796 0.839
v 0.03388 1.80033 0.02468 0.773 0.796 0.839
v 0.03542 1.80033 0.01629 0.773 0.796 0.839
v 0.03542 1.80033 -0.00029 0.773 0.796 0.839
v 0.03388 1.80033 -0.00868 0.773 0.796 0.839
v 0.03085 1.80033 -0.01652 0.773 0.796 0.839
v 0.02647 1.80033 -0.02346 0.773 0.796 0.839
v 0.02094 1.80033 -0.02920 0.773 0.796 0.839
v 0.01449 1.80033 -0.03349 0.773 0.796 0.839
v 0.00741 1.80033 -0.03614 0.773 0.796 0.839
v 0.00000 1.80033 -0.03704 0.773 0.796 0.839
v -0.00741 1.80033 -0.03614 0.773 0.796 0.839
v -0.01449 1.80033 -0.03349 0.773 0.796 0.839
v -0.02094 1.80033 -0.02920 0.773 0.796 0.839
v -0.02647 1.80033 -0.02346 0.773 0.796 0.839
v -0.03085 1.80033 -0.01652 0.773 0.796 0.839
v -0.03388 1.80033 -0.00868 0.773 0.796 0.839
v -0.03542 1.80033 -0.00029 0.773 0.796 0.839
v -0.03542 1.80033 0.01629 0.773 0.796 0.839
v -0.03388 1.80033 0.02468 0.773 0.796 0.839
v -0.03085 1.80033 0.03252 0.773 0.796 0.839
v -0.02647 1.80033 0.03946 0.773 0.796 0.839
v -0.02094 1.80033 0.04520 0.773 0.796 0.839
v -0.01449 1.80033 0.04949 0.773 0.796 0.839
v -0.00741 1.80033 0.05214 0.773 0.796 0.839
v 0.00000 1.79395 0.06575 0.773 0.796 0.839
v 0.00970 1.79395 0.06458 0.773 0.796 0.839
v 0.01898 1.79395 0.06110 0.773 0.796 0.839
v 0.02742 1.79395 0.05549 0.773 0.796 0.839
v 0.03467 1.79395 0.04797 0.773 0.796 0.839
v 0.04040 1.79395 0.03888 0.773 0.796 0.839
v 0.04437 1.79395 0.02861 0.773 0.796 0.839
v 0.04640 1.79395 0.01762 0.773 0.796 0.839
v 0.04640 1.79395 -0.00162 0.773 0.796 0.839
v 0.04437 1.79395 -0.01261 0.773 0.796 0.839
v 0.04040 1.79395 -0.02288 0.773 0.796 0.839
v 0.03467 1.79395 -0.03197 0.773 0.796 0.839
v 0.02742 1.79395 -0.03949 0.773 0.796 0.839
v 0.01898 1.79395 -0.04510 0.773 0.796 0.839
v 0.00970 1.79395 -0.04858 0.773 0.796 0.839
v 0.00000 1.79395 -0.04975 0.773 0.796 0.839
v -0.00970 1.79395 -0.04858 0.773 0.796 0.839
v -0.01898 1.79395 -0.04510 0.773 0.796 0.839
v -0.02742 1.79395 -0.03949 0.773 0.796 0.839
v -0.03467 1.79395 -0.03197 0.773 0.796 0.839
v -0.04040 1.79395 -0.02288 0.773 0.796 0.839
v -0.04437 1.79395 -0.01261 0.773 0.796 0.839
v -0.04640 1.79395 -0.00162 0.773 0.796 0.839
v -0.04640 1.79395 0.01762 0.773 0.796 0.839
v -0.04437 1.79395 0.02861 0.773 0.796 0.839
v -0.04040 1.79395 0.03888 0.773 0.796 0.839
v -0.03467 1.79395 0.04797 0.773 0.796 0.839
v -0.02742 1.79395 0.05549 0.773 0.796 0.839
v -0.01898 1.79395 0.06110 0.773 0.796 0.839
v -0.00970 1.79395 0.06458 0.773 0.796 0.839
v 0.00000 1.78592 0.07765 0.773 0.797 0.840
v 0.01185 1.78592 0.07622 0.773 0.797 0.840
v 0.02318 1.78592 0.07198 0.773 0.797 0.840
v 0.03349 1.78592 0.06512 0.773 0.797 0.840
v 0.04235 1.78592 0.05593 0.773 0.797 0.840
v 0.04935 1.78592 0.04483 0.773 0.797 0.840
v 0.05419 1.78592 0.03229 0.773 0.797 0.840
v 0.05667 1.78592 0.01886 0.773 0.797 0.840
v 0.05667 1.78592 -0.00286 0.773 0.797 0.840
v 0.05419 1.78592 -0.01629 0.773 0.797 0.840
v 0.04935 1.78592 -0.02883 0.773 0.797 0.840
v 0.04235 1.78592 -0.03993 0.773 0.797 0.840
v 0.03349 1.78592 -0.04912 0.773 0.797 0.840
v 0.02318 1.78592 -0.05598 0.773 0.797 0.840
v 0.01185 1.78592 -0.06022 0.773 0.797 0.840
v 0.00000 1.78592 -0.06165 0.773 0.797 0.840
v -0.01185 1.78592 -0.06022 0.773 0.797 0.840
v -0.02318 1.78592 -0.05598 0.773 0.797 0.840
v -0.03349 1.78592 -0.04912 0.773 0.797 0.840
v -0.04235 1.78592 -0.03993 0.773 0.797 0.840
v -0.04935 1.78592 -0.02883 0.773 0.797 0.840
v -0.05419 1.78592 -0.01629 0.773 0.797 0.840
v -0.05667 1.78592 -0.00286 0.773 0.797 0.840
v -0.05667 1.78592 0.01886 0.773 0.797 0.840
v -0.05419 1.78592 0.03229 0.773 0.797 0.840
v -0.04935 1.78592 0.04483 0.773 0.797 0.840
v -0.04235 1.78592 0.05593 0.773 0.797 0.840
v -0.03349 1.78592 0.06512 0.773 0.797 0.840
v -0.02318 1.78592 0.07198 0.773 0.797 0.840
v -0.01185 1.78592 0.07622 0.773 0.797 0.840
v 0.00000 1.77635 0.08857 0.775 0.798 0.841
v 0.01382 1.77635 0.08690 0.775 0.798 0.841
v 0.02703 1.77635 0.08195 0.775 0.798 0.841
v 0.03906 1.77635 0.07395 0.775 0.798 0.841
v 0.04939 1.77635 0.06323 0.775 0.798 0.841
v 0.05755 1.77635 0.05028 0.775 0.798 0.841
v 0.06320 1.77635 0.03566 0.775 0.798 0.841
v 0.06609 1.77635 0.02000 0.775 0.798 0.841
v 0.06609 1.77635 -0.00400 0.775 0.798 0.841
v 0.06320 1.77635 -0.01966 0.775 0.798 0.841
v 0.05755 1.77635 -0.03428 0.775 0.798 0.841
v 0.04939 1.77635 -0.04723 0.775 0.798 0.841
v 0.03906 1.77635 -0.05795 0.775 0.798 0.841
v 0.02703 1.77635 -0.06595 0.775 0.798 0.841
v 0.01382 1.77635 -0.07090 0.775 0.798 0.841
v 0.00000 1.77635 -0.07257 0.775 0.798 0.841
v -0.01382 1.77635 -0.07090 0.775 0.798 0.841
v -0.02703 1.77635 -0.06595 0.775 0.798 0.841
v -0.03906 1.77635 -0.05795 0.775 0.798 0.841
v -0.04939 1.77635 -0.04723 0.775 0.798 0.841
v -0.05755 1.77635 -0.03428 0.775 0.798 0.841
v -0.06320 1.77635 -0.01966 0.775 0.798 0.841
v -0.06609 1.77635 -0.00400 0.775 0.798 0.841
v -0.06609 1.77635 0.02000 0.775 0.798 0.841
v -0.06320 1.77635 0.03566 0.775 0.798 0.841
v -0.05755 1.77635 0.05028 0.775 0.798 0.841
v -0.04939 1.77635 0.06323 0.775 0.798 0.841
v -0.03906 1.77635 0.07395 0.775 0.798 0.841
v -0.02703 1.77635 0.08195 0.775 0.798 0.841
v -0.01382 1.77635 0.08690 0.775 0.798 0.841
v 0.00000 1.76539 0.09833 0.776 0.800 0.842
v 0.01558 1.76539 0.09644 0.776 0.800 0.842
v 0.03048 1.76539 0.09087 0.776 0.800 0.842
v 0.04404 1.76539 0.08184 0.776 0.800 0.842
v 0.05568 1.76539 0.06977 0.776 0.800 0.842
v 0.06489 1.76539 0.05517 0.776 0.800 0.842
v 0.07126 1.76539 0.03868 0.776 0.800 0.842
v 0.07452 1.76539 0.02102 0.776 0.800 0.842
v 0.07452 1.76539 -0.00502 0.776 0.800 0.842
v 0.07126 1.76539 -0.02268 0.776 0.800 0.842
v 0.06489 1.76539 -0.03917 0.776 0.800 0.842
v 0.05568 1.76539 -0.05377 0.776 0.800 0.842
v 0.04404 1.76539 -0.06584 0.776 0.800 0.842
v 0.03048 1.76539 -0.07487 0.776 0.800 0.842
v 0.01558 1.76539 -0.08044 0.776 0.800 0.842
v 0.00000 1.76539 -0.08233 0.776 0.800 0.842
v -0.01558 1.76539 -0.08044 0.776 0.800 0.842
v -0.03048 1.76539 -0.07487 0.776 0.800 0.842
v -0.04404 1.76539 -0.06584 0.776 0.800 0.842
v -0.05568 1.76539 -0.05377 0.776 0.800 0.842
v -0.06489 1.76539 -0.03917 0.776 0.800 0.842
v -0.07126 1.76539 -0.02268 0.776 0.800 0.842
v -0.07452 1.76539 -0.00502 0.776 0.800 0.842
v -0.07452 1.76539 0.02102 0.776 0.800 0.842
v -0.07126 1.76539 0.03868 0.776 0.800 0.842
v -0.06489 1.76539 0.05517 0.776 0.800 0.842
v -0.05568 1.76539 0.06977 0.776 0.800 0.842
v -0.04404 1.76539 0.08184 0.776 0.800 0.842
v -0.03048 1.76539 0.09087 0.776 0.800 0.842
v -0.01558 1.76539 0.09644 0.776 0.800 0.842
v 0.00000 1.75321 0.10679 0.779 0.802 0.844
v 0.01711 1.75321 0.10472 0.779 0.802 0.844
v 0.03346 1.75321 0.09860 0.779 0.802 0.844
v 0.04836 1.75321 0.08869 0.779 0.802 0.844
v 0.06114 1.75321 0.07543 0.779 0.802 0.844
v 0.07125 1.75321 0.05940 0.779 0.802 0.844
v 0.07824 1.75321 0.04129 0.779 0.802 0.844
v 0.08182 1.75321 0.02191 0.779 0.802 0.844
v 0.08182 1.75321 -0.00591 0.779 0.802 0.844
v 0.07824 1.75321 -0.02529 0.779 0.802 0.844
v 0.07125 1.75321 -0.04340 0.779 0.802 0.844
v 0.06114 1.75321 -0.05943 0.779 0.802 0.844
v 0.04836 1.75321 -0.07269 0.779 0.802 0.844
v 0.03346 1.75321 -0.08260 0.779 0.802 0.844
v 0.01711 1.75321 -0.08872 0.779 0.802 0.844
v 0.00000 1.75321 -0.09079 0.779 0.802 0.844
v -0.01711 1.75321 -0.08872 0.779 0.802 0.844
v -0.03346 1.75321 -0.08260 0.779 0.802 0.844
v -0.04836 1.75321 -0.07269 0.779 0.802 0.844
v -0.06114 1.75321 -0.05943 0.779 0.802 0.844
v -0.07125 1.75321 -0.04340 0.779 0.802 0.844
v -0.07824 1.75321 -0.02529 0.779 0.802 0.844
v -0.08182 1.75321 -0.00591 0.779 0.802 0.844
v -0.08182 1.75321 0.02191 0.779 0.802 0.844
v -0.07824 1.75321 0.04129 0.779 0.802 0.844
v -0.07125 1.75321 0.05940 0.779 0.802 0.844
v -0.06114 1.75321 0.07543 0.779 0.802 0.844
v -0.04836 1.75321 0.08869 0.779 0.802 0.844
v -0.03346 1.75321 0.09860 0.779 0.802 0.844
v -0.01711 1.75321 0.10472 0.779 0.802 0.844
v 0.00000 1.73998 0.11382 0.783 0.806 0.847
v 0.01837 1.73998 0.11160 0.783 0.806 0.847
v 0.03595 1.73998 0.10502 0.783 0.806 0.847
v 0.05195 1.73998 0.09438 0.783 0.806 0.847
v 0.06568 1.73998 0.08013 0.783 0.806 0.847
v 0.07654 1.73998 0.06291 0.783 0.806 0.847
v 0.08405 1.73998 0.04347 0.783 0.806 0.847
v 0.08789 1.73998 0.02264 0.783 0.806 0.847
v 0.08789 1.73998 -0.00664 0.783 0.806 0.847
v 0.08405 1.73998 -0.02747 0.783 0.806 0.847
v 0.07654 1.73998 -0.04691 0.783 0.806 0.847
v 0.06568 1.73998 -0.06413 0.783 0.806 0.847
v 0.05195 1.73998 -0.07838 0.783 0.806 0.847
v 0.03595 1.73998 -0.08902 0.783 0.806 0.847
v 0.01837 1.73998 -0.09560 0.783 0.806 0.847
v 0.00000 1.73998 -0.09782 0.783 0.806 0.847
v -0.01837 1.73998 -0.09560 0.783 0.806 0.847
v -0.03595 1.73998 -0.08902 0.783 0.806 0.847
v -0.05195 1.73998 -0.07838 0.783 0.806 0.847
v -0.06568 1.73998 -0.06413 0.783 0.806 0.847
v -0.07654 1.73998 -0.04691 0.783 0.806 0.847
v -0.08405 1.73998 -0.02747 0.783 0.806 0.847
v -0.08789 1.73998 -0.00664 0.783 0.806 0.847
v -0.08789 1.73998 0.02264 0.783 0.806 0.847
v -0.08405 1.73998 0.04347 0.783 0.806 0.847
v -0.07654 1.73998 0.06291 0.783 0.806 0.847
v -0.06568 1.73998 0.08013 0.783 0.806 0.847
v -0.05195 1.73998 0.09438 0.783 0.806 0.847
v -0.03595 1.73998 0.10502 0.783 0.806 0.847
v -0.01837 1.73998 0.11160 0.783 0.806 0.847
v 0.00000 1.72591 0.11932 0.788 0.810 0.851
v 0.01937 1.72591 0.11698 0.788 0.810 0.851
v 0.03789 1.72591 0.11004 0.788 0.810 0.851
v 0.05475 1.72591 0.09883 0.788 0.810 0.851
v 0.06922 1.72591 0.08381 0.788 0.810 0.851
v 0.08067 1.72591 0.06566 0.788 0.810 0.851
v 0.08859 1.72591 0.04516 0.788 0.810 0.851
v 0.09264 1.72591 0.02322 0.788 0.810 0.851
v 0.09264 1.72591 -0.00722 0.788 0.810 0.851
v 0.08859 1.72591 -0.02916 0.788 0.810 0.851
v 0.08067 1.72591 -0.04966 0.788 0.810 0.851
v 0.06922 1.72591 -0.06781 0.788 0.810 0.851
v 0.05475 1.72591 -0.08283 0.788 0.810 0.851
v 0.03789 1.72591 -0.09404 0.788 0.810 0.851
v 0.01937 1.72591 -0.10098 0.788 0.810 0.851
v 0.00000 1.72591 -0.10332 0.788 0.810 0.851
v -0.01937 1.72591 -0.10098 0.788 0.810 0.851
v -0.03789 1.72591 -0.09404 0.788 0.810 0.851
v -0.05475 1.72591 -0.08283 0.788 0.810 0.851
v -0.06922 1.72591 -0.06781 0.788 0.810 0.851
v -0.08067 1.72591 -0.04966 0.788 0.810 0.851
v -0.08859 1.72591 -0.02916 0.788 0.810 0.851
v -0.09264 1.72591 -0.00722 0.788 0.810 0.851
v -0.09264 1.72591 0.02322 0.788 0.810 0.851
v -0.08859 1.72591 0.04516 0.788 0.810 0.851
v -0.08067 1.72591 0.06566 0.788 0.810 0.851
v -0.06922 1.72591 0.08381 0.788 0.810 0.851
v -0.05475 1.72591 0.09883 0.788 0.810 0.851
v -0.03789 1.72591 0.11004 0.788 0.810 0.851
v -0.01937 1.72591 0.11698 0.788 0.810 0.851
v 0.00000 1.71120 0.12321 0.795 0.817 0.857
v 0.02007 1.71120 0.12078 0.795 0.817 0.857
v 0.03926 1.71120 0.11359 0.795 0.817 0.857
v 0.05673 1.71120 0.10197 0.795 0.817 0.857
v 0.07173 1.71120 0.08641 0.795 0.817 0.857
v 0.08359 1.71120 0.06760 0.795 0.817 0.857
v 0.09179 1.71120 0.04636 0.795 0.817 0.857
v 0.09599 1.71120 0.02362 0.795 0.817 0.857
v 0.09599 1.71120 -0.00762 0.795 0.817 0.857
v 0.09179 1.71120 -0.03036 0.795 0.817 0.857
v 0.08359 1.71120 -0.05160 0.795 0.817 0.857
v 0.07173 1.71120 -0.07041 0.795 0.817 0.857
v 0.05673 1.71120 -0.08597 0.795 0.817 0.857
v 0.03926 1.71120 -0.09759 0.795 0.817 0.857
v 0.02007 1.71120 -0.10478 0.795 0.817 0.857
v 0.00000 1.71120 -0.10721 0.795 0.817 0.857
v -0.02007 1.71120 -0.10478 0.795 0.817 0.857
v -0.03926 1.71120 -0.09759 0.795 0.817 0.857
v -0.05673 1.71120 -0.08597 0.795 0.817 0.857
v -0.07173 1.71120 -0.07041 0.795 0.817 0.857
v -0.08359 1.71120 -0.05160 0.795 0.817 0.857
v -0.09179 1.71120 -0.03036 0.795 0.817 0.857
v -0.09599 1.71120 -0.00762 0.795 0.817 0.857
v -0.09599 1.71120 0.02362 0.795 0.817 0.857
v -0.09179 1.71120 0.04636 0.795 0.817 0.857
v -0.08359 1.71120 0.06760 0.795 0.817 0.857
v -0.07173 1.71120 0.08641 0.795 0.817 0.857
v -0.05673 1.71120 0.10197 0.795 0.817 0.857
v -0.03926 1.71120 0.11359 0.795 0.817 0.857
v -0.02007 1.71120 0.12078 0.795 0.817 0.857
v 0.00000 1.69609 0.12541 0.803 0.824 0.863
v 0.02047 1.69609 0.12293 0.803 0.824 0.863
v 0.04004 1.69609 0.11561 0.803 0.824 0.863
v 0.05786 1.69609 0.10375 0.803 0.824 0.863
v 0.07315 1.69609 0.08789 0.803 0.824 0.863
v 0.08525 1.69609 0.06871 0.803 0.824 0.863
v 0.09362 1.69609 0.04705 0.803 0.824 0.863
v 0.09789 1.69609 0.02385 0.803 0.824 0.863
v 0.09789 1.69609 -0.00785 0.803 0.824 0.863
v 0.09362 1.69609 -0.03105 0.803 0.824 0.863
v 0.08525 1.69609 -0.05271 0.803 0.824 0.863
v 0.07315 1.69609 -0.07189 0.803 0.824 0.863
v 0.05786 1.69609 -0.08775 0.803 0.824 0.863
v 0.04004 1.69609 -0.09961 0.803 0.824 0.863
v 0.02047 1.69609 -0.10693 0.803 0.824 0.863
v 0.00000 1.69609 -0.10941 0.803 0.824 0.863
v -0.02047 1.69609 -0.10693 0.803 0.824 0.863
v -0.04004 1.69609 -0.09961 0.803 0.824 0.863
v -0.05786 1.69609 -0.08775 0.803 0.824 0.863
v -0.07315 1.69609 -0.07189 0.803 0.824 0.863
v -0.08525 1.69609 -0.05271 0.803 0.824 0.863
v -0.09362 1.69609 -0.03105 0.803 0.824 0.863
v -0.09789 1.69609 -0.00785 0.803 0.824 0.863
v -0.09789 1.69609 0.02385 0.803 0.824 0.863
v -0.09362 1.69609 0.04705 0.803 0.824 0.863
v -0.08525 1.69609 0.06871 0.803 0.824 0.863
v -0.07315 1.69609 0.08789 0.803 0.824 0.863
v -0.05786 1.69609 0.10375 0.803 0.824 0.863
v -0.04004 1.69609 0.11561 0.803 0.824 0.863
v -0.02047 1.69609 0.12293 0.803 0.824 0.863
v 0.00000 1.68080 0.12591 0.813 0.833 0.871
v 0.02056 1.68080 0.12342 0.813 0.833 0.871
v 0.04021 1.68080 0.11606 0.813 0.833 0.871
v 0.05811 1.68080 0.10416 0.813 0.833 0.871
v 0.07347 1.68080 0.08822 0.813 0.833 0.871
v 0.08562 1.68080 0.06896 0.813 0.833 0.871
v 0.09403 1.68080 0.04720 0.813 0.833 0.871
v 0.09833 1.68080 0.02391 0.813 0.833 0.871
v 0.09833 1.68080 -0.00791 0.813 0.833 0.871
v 0.09403 1.68080 -0.03120 0.813 0.833 0.871
v 0.08562 1.68080 -0.05296 0.813 0.833 0.871
v 0.07347 1.68080 -0.07222 0.813 0.833 0.871
v 0.05811 1.68080 -0.08816 0.813 0.833 0.871
v 0.04021 1.68080 -0.10006 0.813 0.833 0.871
v 0.02056 1.68080 -0.10742 0.813 0.833 0.871
v 0.00000 1.68080 -0.10991 0.813 0.833 0.871
v -0.02056 1.68080 -0.10742 0.813 0.833 0.871
v -0.04021 1.68080 -0.10006 0.813 0.833 0.871
v -0.05811 1.68080 -0.08816 0.813 0.833 0.871
v -0.07347 1.68080 -0.07222 0.813 0.833 0.871
v -0.08562 1.68080 -0.05296 0.813 0.833 0.871
v -0.09403 1.68080 -0.03120 0.813 0.833 0.871
v -0.09833 1.68080 -0.00791 0.813 0.833 0.871
v -0.09833 1.68080 0.02391 0.813 0.833 0.871
v -0.09403 1.68080 0.04720 0.813 0.833 0.871
v -0.08562 1.68080 0.06896 0.813 0.833 0.871
v -0.07347 1.68080 0.08822 0.813 0.833 0.871
v -0.05811 1.68080 0.10416 0.813 0.833 0.871
v -0.04021 1.68080 0.11606 0.813 0.833 0.871
v -0.02056 1.68080 0.12342 0.813 0.833 0.871
v 0.00000 1.66555 0.12470 0.825 0.844 0.879
v 0.01974 1.66555 0.12223 0.825 0.844 0.879
v 0.03862 1.66555 0.11495 0.825 0.844 0.879
v 0.05581 1.66555 0.10317 0.825 0.844 0.879
v 0.07056 1.66555 0.08741 0.825 0.844 0.879
v 0.08222 1.66555 0.06835 0.825 0.844 0.879
v 0.09030 1.66555 0.04682 0.825 0.844 0.879
v 0.09442 1.66555 0.02378 0.825 0.844 0.879
v 0.09442 1.66555 -0.00778 0.825 0.844 0.879
v 0.09030 1.66555 -0.03082 0.825 0.844 0.879
v 0.08222 1.66555 -0.05235 0.825 0.844 0.879
v 0.07056 1.66555 -0.07141 0.825 0.844 0.879
v 0.05581 1.66555 -0.08717 0.825 0.844 0.879
v 0.03862 1.66555 -0.09895 0.825 0.844 0.879
v 0.01974 1.66555 -0.10623 0.825 0.844 0.879
v 0.00000 1.66555 -0.10870 0.825 0.844 0.879
v -0.01974 1.66555 -0.10623 0.825 0.844 0.879
v -0.03862 1.66555 -0.09895 0.825 0.844 0.879
v -0.05581 1.66555 -0.08717 0.825 0.844 0.879
v -0.07056 1.66555 -0.07141 0.825 0.844 0.879
v -0.08222 1.66555 -0.05235 0.825 0.844 0.879
v -0.09030 1.66555 -0.03082 0.825 0.844 0.879
v -0.09442 1.66555 -0.00778 0.825 0.844 0.879
v -0.09442 1.66555 0.02378 0.825 0.844 0.879
v -0.09030 1.66555 0.04682 0.825 0.844 0.879
v -0.08222 1.66555 0.06835 0.825 0.844 0.879
v -0.07056 1.66555 0.08741 0.825 0.844 0.879
v -0.05581 1.66555 0.10317 0.825 0.844 0.879
v -0.03862 1.66555 0.11495 0.825 0.844 0.879
v -0.01974 1.66555 0.12223 0.825 0.844 0.879
v 0.00000 1.65058 0.12178 0.838 0.856 0.889
v 0.01835 1.65058 0.11938 0.838 0.856 0.889
v 0.03590 1.65058 0.11229 0.838 0.856 0.889
v 0.05188 1.65058 0.10082 0.838 0.856 0.889
v 0.06560 1.65058 0.08546 0.838 0.856 0.889
v 0.07644 1.65058 0.06689 0.838 0.856 0.889
v 0.08395 1.65058 0.04592 0.838 0.856 0.889
v 0.08779 1.65058 0.02348 0.838 0.856 0.889
v 0.08779 1.65058 -0.00748 0.838 0.856 0.889
v 0.08395 1.65058 -0.02992 0.838 0.856 0.889
v 0.07644 1.65058 -0.05089 0.838 0.856 0.889
v 0.06560 1.65058 -0.06946 0.838 0.856 0.889
v 0.05188 1.65058 -0.08482 0.838 0.856 0.889
v 0.03590 1.65058 -0.09629 0.838 0.856 0.889
v 0.01835 1.65058 -0.10338 0.838 0.856 0.889
v 0.00000 1.65058 -0.10578 0.838 0.856 0.889
v -0.01835 1.65058 -0.10338 0.838 0.856 0.889
v -0.03590 1.65058 -0.09629 0.838 0.856 0.889
v -0.05188 1.65058 -0.08482 0.838 0.856 0.889
v -0.06560 1.65058 -0.06946 0.838 0.856 0.889
v -0.07644 1.65058 -0.05089 0.838 0.856 0.889
v -0.08395 1.65058 -0.02992 0.838 0.856 0.889
v -0.08779 1.65058 -0.00748 0.838 0.856 0.889
v -0.08779 1.65058 0.02348 0.838 0.856 0.889
v -0.08395 1.65058 0.04592 0.838 0.856 0.889
v -0.07644 1.65058 0.06689 0.838 0.856 0.889
v -0.06560 1.65058 0.08546 0.838 0.856 0.889
v -0.05188 1.65058 0.10082 0.838 0.856 0.889
v -0.03590 1.65058 0.11229 0.838 0.856 0.889
v -0.01835 1.65058 0.11938 0.838 0.856 0.889
v 0.00000 1.63611 0.11721 0.851 0.868 0.900
v 0.01670 1.63611 0.11491 0.851 0.868 0.900
v 0.03268 1.63611 0.10812 0.851 0.868 0.900
v 0.04722 1.63611 0.09712 0.851 0.868 0.900
v 0.05970 1.63611 0.08240 0.851 0.868 0.900
v 0.06958 1.63611 0.06461 0.851 0.868 0.900
v 0.07641 1.63611 0.04451 0.851 0.868 0.900
v 0.07990 1.63611 0.02300 0.851 0.868 0.900
v 0.07990 1.63611 -0.00700 0.851 0.868 0.900
v 0.07641 1.63611 -0.02851 0.851 0.868 0.900
v 0.06958 1.63611 -0.04861 0.851 0.868 0.900
v 0.05970 1.63611 -0.06640 0.851 0.868 0.900
v 0.04722 1.63611 -0.08112 0.851 0.868 0.900
v 0.03268 1.63611 -0.09212 0.851 0.868 0.900
v 0.01670 1.63611 -0.09891 0.851 0.868 0.900
v 0.00000 1.63611 -0.10121 0.851 0.868 0.900
v -0.01670 1.63611 -0.09891 0.851 0.868 0.900
v -0.03268 1.63611 -0.09212 0.851 0.868 0.900
v -0.04722 1.63611 -0.08112 0.851 0.868 0.900
v -0.05970 1.63611 -0.06640 0.851 0.868 0.900
v -0.06958 1.63611 -0.04861 0.851 0.868 0.900
v -0.07641 1.63611 -0.02851 0.851 0.868 0.900
v -0.07990 1.63611 -0.00700 0.851 0.868 0.900
v -0.07990 1.63611 0.02300 0.851 0.868 0.900
v -0.07641 1.63611 0.04451 0.851 0.868 0.900
v -0.06958 1.63611 0.06461 0.851 0.868 0.900
v -0.05970 1.63611 0.08240 0.851 0.868 0.900
v -0.04722 1.63611 0.09712 0.851 0.868 0.900
v -0.03268 1.63611 0.10812 0.851 0.868 0.900
v -0.01670 1.63611 0.11491 0.851 0.868 0.900
v 0.00000 1.62237 0.11106 0.866 0.882 0.911
v 0.01489 1.62237 0.10890 0.866 0.882 0.911
v 0.02913 1.62237 0.10250 0.866 0.882 0.911
v 0.04210 1.62237 0.09214 0.866 0.882 0.911
v 0.05323 1.62237 0.07828 0.866 0.882 0.911
v 0.06203 1.62237 0.06153 0.866 0.882 0.911
v 0.06812 1.62237 0.04261 0.866 0.882 0.911
v 0.07124 1.62237 0.02235 0.866 0.882 0.911
v 0.07124 1.62237 -0.00635 0.866 0.882 0.911
v 0.06812 1.62237 -0.02661 0.866 0.882 0.911
v 0.06203 1.62237 -0.04553 0.866 0.882 0.911
v 0.05323 1.62237 -0.06228 0.866 0.882 0.911
v 0.04210 1.62237 -0.07614 0.866 0.882 0.911
v 0.02913 1.62237 -0.08650 0.866 0.882 0.911
v 0.01489 1.62237 -0.09290 0.866 0.882 0.911
v 0.00000 1.62237 -0.09506 0.866 0.882 0.911
v -0.01489 1.62237 -0.09290 0.866 0.882 0.911
v -0.02913 1.62237 -0.08650 0.866 0.882 0.911
v -0.04210 1.62237 -0.07614 0.866 0.882 0.911
v -0.05323 1.62237 -0.06228 0.866 0.882 0.911
v -0.06203 1.62237 -0.04553 0.866 0.882 0.911
v -0.06812 1.62237 -0.02661 0.866 0.882 0.911
v -0.07124 1.62237 -0.00635 0.866 0.882 0.911
v -0.07124 1.62237 0.02235 0.866 0.882 0.911
v -0.06812 1.62237 0.04261 0.866 0.882 0.911
v -0.06203 1.62237 0.06153 0.866 0.882 0.911
v -0.05323 1.62237 0.07828 0.866 0.882 0.911
v -0.04210 1.62237 0.09214 0.866 0.882 0.911
v -0.02913 1.62237 0.10250 0.866 0.882 0.911
v -0.01489 1.62237 0.10890 0.866 0.882 0.911
v 0.00000 1.60956 0.10342 0.867 0.882 0.912
v 0.01300 1.60956 0.10142 0.867 0.882 0.912
v 0.02543 1.60956 0.09551 0.867 0.882 0.912
v 0.03675 1.60956 0.08596 0.867 0.882 0.912
v 0.04646 1.60956 0.07317 0.867 0.882 0.912
v 0.05414 1.60956 0.05771 0.867 0.882 0.912
v 0.05946 1.60956 0.04025 0.867 0.882 0.912
v 0.06218 1.60956 0.02156 0.867 0.882 0.912
v 0.06218 1.60956 -0.00556 0.867 0.882 0.912
v 0.05946 1.60956 -0.02425 0.867 0.882 0.912
v 0.05414 1.60956 -0.04171 0.867 0.882 0.912
v 0.04646 1.60956 -0.05717 0.867 0.882 0.912
v 0.03675 1.60956 -0.06996 0.867 0.882 0.912
v 0.02543 1.60956 -0.07951 0.867 0.882 0.912
v 0.01300 1.60956 -0.08542 0.867 0.882 0.912
v 0.00000 1.60956 -0.08742 0.867 0.882 0.912
v -0.01300 1.60956 -0.08542 0.867 0.882 0.912
v -0.02543 1.60956 -0.07951 0.867 0.882 0.912
v -0.03675 1.60956 -0.06996 0.867 0.882 0.912
v -0.04646 1.60956 -0.05717 0.867 0.882 0.912
v -0.05414 1.60956 -0.04171 0.867 0.882 0.912
v -0.05946 1.60956 -0.02425 0.867 0.882 0.912
v -0.06218 1.60956 -0.00556 0.867 0.882 0.912
v -0.06218 1.60956 0.02156 0.867 0.882 0.912
v -0.05946 1.60956 0.04025 0.867 0.882 0.912
v -0.05414 1.60956 0.05771 0.867 0.882 0.912
v -0.04646 1.60956 0.07317 0.867 0.882 0.912
v -0.03675 1.60956 0.08596 0.867 0.882 0.912
v -0.02543 1.60956 0.09551 0.867 0.882 0.912
v -0.01300 1.60956 0.10142 0.867 0.882 0.912
v 0.00000 1.59786 0.09439 0.867 0.882 0.912
v 0.01109 1.59786 0.09259 0.867 0.882 0.912
v 0.02169 1.59786 0.08727 0.867 0.882 0.912
v 0.03134 1.59786 0.07866 0.867 0.882 0.912
v 0.03963 1.59786 0.06713 0.867 0.882 0.912
v 0.04618 1.59786 0.05320 0.867 0.882 0.912
v 0.05072 1.59786 0.03746 0.867 0.882 0.912
v 0.05303 1.59786 0.02061 0.867 0.882 0.912
v 0.05303 1.59786 -0.00461 0.867 0.882 0.912
v 0.05072 1.59786 -0.02146 0.867 0.882 0.912
v 0.04618 1.59786 -0.03720 0.867 0.882 0.912
v 0.03963 1.59786 -0.05113 0.867 0.882 0.912
v 0.03134 1.59786 -0.06266 0.867 0.882 0.912
v 0.02169 1.59786 -0.07127 0.867 0.882 0.912
v 0.01109 1.59786 -0.07659 0.867 0.882 0.912
v 0.00000 1.59786 -0.07839 0.867 0.882 0.912
v -0.01109 1.59786 -0.07659 0.867 0.882 0.912
v -0.02169 1.59786 -0.07127 0.867 0.882 0.912
v -0.03134 1.59786 -0.06266 0.867 0.882 0.912
v -0.03963 1.59786 -0.05113 0.867 0.882 0.912
v -0.04618 1.59786 -0.03720 0.867 0.882 0.912
v -0.05072 1.59786 -0.02146 0.867 0.882 0.912
v -0.05303 1.59786 -0.00461 0.867 0.882 0.912
v -0.05303 1.59786 0.02061 0.867 0.882 0.912
v -0.05072 1.59786 0.03746 0.867 0.882 0.912
v -0.04618 1.59786 0.05320 0.867 0.882 0.912
v -0.03963 1.59786 0.06713 0.867 0.882 0.912
v -0.03134 1.59786 0.07866 0.867 0.882 0.912
v -0.02169 1.59786 0.08727 0.867 0.882 0.912
v -0.01109 1.59786 0.09259 0.867 0.882 0.912
v 0.00000 1.58746 0.08413 0.867 0.882 0.912
v 0.00921 1.58746 0.08256 0.867 0.882 0.912
v 0.01801 1.58746 0.07790 0.867 0.882 0.912
v 0.02603 1.58746 0.07036 0.867 0.882 0.912
v 0.03291 1.58746 0.06027 0.867 0.882 0.912
v 0.03835 1.58746 0.04807 0.867 0.882 0.912
v 0.04211 1.58746 0.03429 0.867 0.882 0.912
v 0.04404 1.58746 0.01954 0.867 0.882 0.912
v 0.04404 1.58746 -0.00354 0.867 0.882 0.912
v 0.04211 1.58746 -0.01829 0.867 0.882 0.912
v 0.03835 1.58746 -0.03207 0.867 0.882 0.912
v 0.03291 1.58746 -0.04427 0.867 0.882 0.912
v 0.02603 1.58746 -0.05436 0.867 0.882 0.912
v 0.01801 1.58746 -0.06190 0.867 0.882 0.912
v 0.00921 1.58746 -0.06656 0.867 0.882 0.912
v 0.00000 1.58746 -0.06813 0.867 0.882 0.912
v -0.00921 1.58746 -0.06656 0.867 0.882 0.912
v -0.01801 1.58746 -0.06190 0.867 0.882 0.912
v -0.02603 1.58746 -0.05436 0.867 0.882 0.912
v -0.03291 1.58746 -0.04427 0.867 0.882 0.912
v -0.03835 1.58746 -0.03207 0.867 0.882 0.912
v -0.04211 1.58746 -0.01829 0.867 0.882 0.912
v -0.04404 1.58746 -0.00354 0.867 0.882 0.912
v -0.04404 1.58746 0.01954 0.867 0.882 0.912
v -0.04211 1.58746 0.03429 0.867 0.882 0.912
v -0.03835 1.58746 0.04807 0.867 0.882 0.912
v -0.03291 1.58746 0.06027 0.867 0.882 0.912
v -0.02603 1.58746 0.07036 0.867 0.882 0.912
v -0.01801 1.58746 0.07790 0.867 0.882 0.912
v -0.00921 1.58746 0.08256 0.867 0.882 0.912
v 0.00000 1.57852 0.07278 0.867 0.882 0.912
v 0.00739 1.57852 0.07145 0.867 0.882 0.912
v 0.01446 1.57852 0.06753 0.867 0.882 0.912
v 0.02089 1.57852 0.06117 0.867 0.882 0.912
v 0.02641 1.57852 0.05267 0.867 0.882 0.912
v 0.03078 1.57852 0.04239 0.867 0.882 0.912
v 0.03380 1.57852 0.03078 0.867 0.882 0.912
v 0.03535 1.57852 0.01835 0.867 0.882 0.912
v 0.03535 1.57852 -0.00235 0.867 0.882 0.912
v 0.03380 1.57852 -0.01478 0.867 0.882 0.912
v 0.03078 1.57852 -0.02639 0.867 0.882 0.912
v 0.02641 1.57852 -0.03667 0.867 0.882 0.912
v 0.02089 1.57852 -0.04517 0.867 0.882 0.912
v 0.01446 1.57852 -0.05153 0.867 0.882 0.912
v 0.00739 1.57852 -0.05545 0.867 0.882 0.912
v 0.00000 1.57852 -0.05678 0.867 0.882 0.912
v -0.00739 1.57852 -0.05545 0.867 0.882 0.912
v -0.01446 1.57852 -0.05153 0.867 0.882 0.912
v -0.02089 1.57852 -0.04517 0.867 0.882 0.912
v -0.02641 1.57852 -0.03667 0.867 0.882 0.912
v -0.03078 1.57852 -0.02639 0.867 0.882 0.912
v -0.03380 1.57852 -0.01478 0.867 0.882 0.912
v -0.03535 1.57852 -0.00235 0.867 0.882 0.912
v -0.03535 1.57852 0.01835 0.867 0.882 0.912
v -0.03380 1.57852 0.03078 0.867 0.882 0.912
v -0.03078 1.57852 0.04239 0.867 0.882 0.912
v -0.02641 1.57852 0.05267 0.867 0.882 0.912
v -0.02089 1.57852 0.06117 0.867 0.882 0.912
v -0.01446 1.57852 0.06753 0.867 0.882 0.912
v -0.00739 1.57852 0.07145 0.867 0.882 0.912
v 0.00000 1.57117 0.06052 0.867 0.882 0.912
v 0.00565 1.57117 0.05946 0.867 0.882 0.912
v 0.01106 1.57117 0.05632 0.867 0.882 0.912
v 0.01598 1.57117 0.05125 0.867 0.882 0.912
v 0.02021 1.57117 0.04446 0.867 0.882 0.912
v 0.02355 1.57117 0.03626 0.867 0.882 0.912
v 0.02586 1.57117 0.02699 0.867 0.882 0.912
v 0.02704 1.57117 0.01707 0.867 0.882 0.912
v 0.02704 1.57117 -0.00107 0.867 0.882 0.912
v 0.02586 1.57117 -0.01099 0.867 0.882 0.912
v 0.02355 1.57117 -0.02026 0.867 0.882 0.912
v 0.02021 1.57117 -0.02846 0.867 0.882 0.912
v 0.01598 1.57117 -0.03525 0.867 0.882 0.912
v 0.01106 1.57117 -0.04032 0.867 0.882 0.912
v 0.00565 1.57117 -0.04346 0.867 0.882 0.912
v 0.00000 1.57117 -0.04452 0.867 0.882 0.912
v -0.00565 1.57117 -0.04346 0.867 0.882 0.912
v -0.01106 1.57117 -0.04032 0.867 0.882 0.912
v -0.01598 1.57117 -0.03525 0.867 0.882 0.912
v -0.02021 1.57117 -0.02846 0.867 0.882 0.912
v -0.02355 1.57117 -0.02026 0.867 0.882 0.912
v -0.02586 1.57117 -0.01099 0.867 0.882 0.912
v -0.02704 1.57117 -0.00107 0.867 0.882 0.912
v -0.02704 1.57117 0.01707 0.867 0.882 0.912
v -0.02586 1.57117 0.02699 0.867 0.882 0.912
v -0.02355 1.57117 0.03626 0.867 0.882 0.912
v -0.02021 1.57117 0.04446 0.867 0.882 0.912
v -0.01598 1.57117 0.05125 0.867 0.882 0.912
v -0.01106 1.57117 0.05632 0.867 0.882 0.912
v -0.00565 1.57117 0.05946 0.867 0.882 0.912
vn 0.7475 -0.6608 0.0677
vn 0.6118 -0.6631 0.4313
vn 0.3135 -0.6645 0.6783
vn -0.0679 -0.6647 0.7440
vn -0.4315 -0.6637 0.6111
vn -0.6809 -0.6616 0.3141
vn -0.7489 -0.6591 -0.0686
vn -0.6159 -0.6569 -0.4349
vn -0.3166 -0.6555 -0.6856
vn 0.0684 -0.6553 -0.7523
vn 0.4347 -0.6563 -0.6166
vn 0.6832 -0.6584 -0.3160
vn 0.9997 -0.0091 0.0238
vn 0.8538 -0.0046 0.5206
vn 0.4789 -0.0016 0.8779
vn -0.0243 -0.0008 0.9997
vn -0.5210 -0.0024 0.8536
vn -0.8779 -0.0060 0.4788
vn -0.9997 -0.0107 -0.0241
vn -0.8537 -0.0151 -0.5205
vn -0.4792 -0.0181 -0.8775
vn 0.0237 -0.0190 -0.9995
vn 0.5203 -0.0173 -0.8538
vn 0.8776 -0.0137 -0.4793
vn 0.9975 -0.0703 -0.0051
vn 0.8669 -0.0633 0.4945
vn 0.5039 -0.0581 0.8618
vn 0.0058 -0.0562 0.9984
vn -0.4937 -0.0580 0.8677
vn -0.8610 -0.0632 0.5047
vn -0.9975 -0.0702 0.0069
vn -0.8669 -0.0773 -0.4925
vn -0.5040 -0.0825 -0.8598
vn -0.0061 -0.0844 -0.9964
vn 0.4934 -0.0825 -0.8659
vn 0.8608 -0.0774 -0.5030
vn 0.9940 -0.1081 -0.0191
vn 0.8711 -0.1010 0.4806
vn 0.5149 -0.0957 0.8519
vn 0.0206 -0.0936 0.9954
vn -0.4791 -0.0954 0.8726
vn -0.8505 -0.1005 0.5163
vn -0.9940 -0.1075 0.0222
vn -0.8711 -0.1147 -0.4775
vn -0.5149 -0.1200 -0.8488
vn -0.0206 -0.1220 -0.9923
vn 0.4791 -0.1203 -0.8695
vn 0.8505 -0.1152 -0.5133
vn 0.9911 -0.1219 -0.0528
vn 0.8855 -0.1144 0.4504
vn 0.5423 -0.1088 0.8331
vn 0.0539 -0.1065 0.9929
vn -0.4488 -0.1081 0.8871
vn -0.8311 -0.1133 0.5444
vn -0.9911 -0.1206 0.0566
vn -0.8859 -0.1282 -0.4459
vn -0.5435 -0.1339 -0.8286
vn -0.0555 -0.1362 -0.9891
vn 0.4476 -0.1345 -0.8841
vn 0.8308 -0.1293 -0.5413
vn 0.9987 -0.0489 0.0161
vn 0.8570 -0.0496 0.5129
vn 0.4862 -0.0498 0.8724
vn -0.0145 -0.0494 0.9987
vn -0.5116 -0.0485 0.8579
vn -0.8719 -0.0473 0.4873
vn -0.9988 -0.0462 -0.0140
vn -0.8578 -0.0455 -0.5120
vn -0.4864 -0.0453 -0.8726
vn 0.0157 -0.0457 -0.9988
vn 0.5134 -0.0466 -0.8569
vn 0.8731 -0.0478 -0.4852
vn 0.9993 0.0219 0.0289
vn 0.8513 0.0147 0.5245
vn 0.4753 0.0096 0.8798
vn -0.0280 0.0079 0.9996
vn -0.5239 0.0100 0.8517
vn -0.8795 0.0154 0.4757
vn -0.9994 0.0226 -0.0279
vn -0.8512 0.0298 -0.5240
vn -0.4748 0.0349 -0.8794
vn 0.0288 0.0366 -0.9989
vn 0.5247 0.0345 -0.8506
vn 0.8798 0.0291 -0.4744
vn 0.9998 -0.0199 0.0008
vn 0.8653 -0.0271 0.5005
vn 0.4990 -0.0323 0.8660
vn -0.0011 -0.0342 0.9994
vn -0.5008 -0.0323 0.8649
vn -0.8664 -0.0270 0.4986
vn -0.9998 -0.0199 -0.0014
vn -0.8653 -0.0128 -0.5011
vn -0.4990 -0.0075 -0.8666
vn 0.0011 -0.0056 -1.0000
vn 0.5008 -0.0075 -0.8655
vn 0.8664 -0.0128 -0.4992
vn 0.9690 0.2297 -0.0906
vn 0.8862 0.2225 0.4064
vn 0.5659 0.2170 0.7954
vn 0.0939 0.2145 0.9722
vn -0.4032 0.2157 0.8893
vn -0.7923 0.2202 0.5691
vn -0.9690 0.2270 0.0972
vn -0.8862 0.2341 -0.3999
vn -0.5659 0.2396 -0.7889
vn -0.0939 0.2422 -0.9657
vn 0.4032 0.2410 -0.8828
vn 0.7923 0.2364 -0.5625
vn 0.0000 -1.0000 0.0000
vn 0.0000 0.9999 0.0143
vn 0.9932 -0.0785 0.0857
vn 0.8168 -0.0854 0.5706
vn 0.4215 -0.0901 0.9024
vn -0.0868 -0.0914 0.9920
vn -0.5718 -0.0889 0.8156
vn -0.9036 -0.0833 0.4203
vn -0.9932 -0.0760 -0.0879
vn -0.8168 -0.0691 -0.5728
vn -0.4215 -0.0643 -0.9046
vn 0.0868 -0.0630 -0.9942
vn 0.5718 -0.0656 -0.8178
vn 0.9036 -0.0712 -0.4225
vn 0.9931 -0.1149 -0.0229
vn 0.8707 -0.1220 0.4764
vn 0.5150 -0.1273 0.8477
vn 0.0213 -0.1294 0.9914
vn -0.4781 -0.1276 0.8690
vn -0.8494 -0.1226 0.5133
vn -0.9931 -0.1155 0.0196
vn -0.8707 -0.1084 -0.4797
vn -0.5150 -0.1031 -0.8510
vn -0.0213 -0.1010 -0.9947
vn 0.4781 -0.1028 -0.8723
vn 0.8494 -0.1078 -0.5166
vn 0.9936 -0.1023 0.0481
vn 0.8357 -0.1093 0.5382
vn 0.4539 -0.1143 0.8837
vn -0.0496 -0.1158 0.9920
vn -0.5397 -0.1135 0.8342
vn -0.8853 -0.1081 0.4524
vn -0.9936 -0.1008 -0.0510
vn -0.8357 -0.0938 -0.5411
vn -0.4538 -0.0888 -0.8866
vn 0.0496 -0.0873 -0.9949
vn 0.5398 -0.0896 -0.8370
vn 0.8853 -0.0950 -0.4552
vn 0.9971 -0.0607 -0.0452
vn 0.8858 -0.0672 0.4592
vn 0.5371 -0.0722 0.8404
vn 0.0445 -0.0743 0.9962
vn -0.4601 -0.0730 0.8849
vn -0.8414 -0.0685 0.5361
vn -0.9971 -0.0622 0.0434
vn -0.8856 -0.0556 -0.4611
vn -0.5368 -0.0506 -0.8422
vn -0.0442 -0.0485 -0.9978
vn 0.4603 -0.0499 -0.8864
vn 0.8414 -0.0543 -0.5377
vn 0.7096 0.7023 -0.0571
vn 0.6454 0.7000 0.3058
vn 0.4087 0.6982 0.5877
vn 0.0632 0.6975 0.7138
vn -0.2991 0.6980 0.6507
vn -0.5816 0.6996 0.4151
vn -0.7090 0.7018 0.0696
vn -0.6464 0.7041 -0.2938
vn -0.4102 0.7059 -0.5774
vn -0.0635 0.7067 -0.7047
vn 0.3005 0.7062 -0.6411
vn 0.5835 0.7046 -0.4039
vn 0.0000 1.0000 0.0091
vn 0.8601 0.0694 0.5053
vn 0.6857 0.4049 0.6048
vn 0.3467 0.6209 0.7030
vn -0.0711 0.6782 0.7314
vn -0.4789 0.5655 0.6715
vn -0.7735 0.2940 0.5615
vn -0.8716 -0.0703 0.4852
vn -0.7495 -0.4425 0.4925
vn -0.4076 -0.7301 0.5485
vn 0.0857 -0.8171 0.5700
vn 0.5504 -0.6499 0.5241
vn 0.8214 -0.3122 0.4773
vn 0.9990 0.0272 -0.0364
vn 0.8610 0.5022 0.0812
vn 0.4920 0.8434 0.2157
vn -0.0097 0.9622 0.2722
vn -0.5173 0.8299 0.2092
vn -0.8840 0.4620 0.0709
vn -0.9988 -0.0272 -0.0405
vn -0.8617 -0.5026 -0.0692
vn -0.5034 -0.8630 -0.0419
vn 0.0101 -0.9997 -0.0239
vn 0.5283 -0.8476 -0.0485
vn 0.8838 -0.4619 -0.0745
vn 0.9989 -0.0177 0.0443
vn 0.8330 0.5373 0.1320
vn 0.4545 0.8622 0.2236
vn 0.0280 0.9634 0.2665
vn -0.4057 0.8812 0.2426
vn -0.8066 0.5703 0.1554
vn -0.9985 0.0177 0.0518
vn -0.8403 -0.5421 0.0070
vn -0.4663 -0.8844 0.0206
vn -0.0291 -0.9988 0.0389
vn 0.4180 -0.9079 0.0326
vn 0.8164 -0.5773 0.0173
vn 0.9900 -0.0180 0.1398
vn 0.7883 0.5853 0.1899
vn 0.4007 0.8910 0.2135
vn 0.0114 0.9745 0.2243
vn -0.3769 0.8987 0.2243
vn -0.7674 0.6082 0.2031
vn -0.9897 0.0180 0.1420
vn -0.8012 -0.5949 0.0642
vn -0.4100 -0.9118 0.0224
vn -0.0117 -0.9998 0.0158
vn 0.3866 -0.9217 0.0331
vn 0.7815 -0.6194 0.0754
vn 0.9865 -0.1454 -0.0753
vn 0.8695 0.4939 -0.0057
vn 0.4907 0.8709 0.0258
vn 0.0821 0.9961 0.0324
vn -0.3213 0.9465 0.0293
vn -0.7224 0.6914 0.0109
vn -0.9884 0.1457 -0.0421
vn -0.8635 -0.4905 -0.1178
vn -0.4837 -0.8584 -0.1708
vn -0.0806 -0.9781 -0.1917
vn 0.3160 -0.9308 -0.1840
vn 0.7147 -0.6841 -0.1456
vn 0.0000 0.0000 1.0000
vn 0.0000 0.0000 -1.0000
vn 0.7475 -0.6608 0.0677
vn 0.6118 -0.6631 0.4313
vn 0.3135 -0.6645 0.6783
vn -0.0679 -0.6647 0.7440
vn -0.4315 -0.6637 0.6111
vn -0.6809 -0.6616 0.3141
vn -0.7489 -0.6591 -0.0686
vn -0.6159 -0.6569 -0.4349
vn -0.3166 -0.6555 -0.6856
vn 0.0684 -0.6553 -0.7523
vn 0.4347 -0.6563 -0.6166
vn 0.6832 -0.6584 -0.3160
vn 0.9997 -0.0091 0.0238
vn 0.8538 -0.0046 0.5206
vn 0.4789 -0.0016 0.8779
vn -0.0243 -0.0008 0.9997
vn -0.5210 -0.0024 0.8536
vn -0.8779 -0.0060 0.4788
vn -0.9997 -0.0107 -0.0241
vn -0.8537 -0.0151 -0.5205
vn -0.4792 -0.0181 -0.8775
vn 0.0237 -0.0190 -0.9995
vn 0.5203 -0.0173 -0.8538
vn 0.8776 -0.0137 -0.4793
vn 0.9975 -0.0703 -0.0051
vn 0.8669 -0.0633 0.4945
vn 0.5039 -0.0581 0.8618
vn 0.0058 -0.0562 0.9984
vn -0.4937 -0.0580 0.8677
vn -0.8610 -0.0632 0.5047
vn -0.9975 -0.0702 0.0069
vn -0.8669 -0.0773 -0.4925
vn -0.5040 -0.0825 -0.8598
vn -0.0061 -0.0844 -0.9964
vn 0.4934 -0.0825 -0.8659
vn 0.8608 -0.0774 -0.5030
vn 0.9940 -0.1081 -0.0191
vn 0.8711 -0.1010 0.4806
vn 0.5149 -0.0957 0.8519
vn 0.0206 -0.0936 0.9954
vn -0.4791 -0.0954 0.8726
vn -0.8505 -0.1005 0.5163
vn -0.9940 -0.1075 0.0222
vn -0.8711 -0.1147 -0.4775
vn -0.5149 -0.1200 -0.8488
vn -0.0206 -0.1220 -0.9923
vn 0.4791 -0.1203 -0.8695
vn 0.8505 -0.1152 -0.5133
vn 0.9911 -0.1219 -0.0528
vn 0.8855 -0.1144 0.4504
vn 0.5423 -0.1088 0.8331
vn 0.0539 -0.1065 0.9929
vn -0.4488 -0.1081 0.8871
vn -0.8311 -0.1133 0.5444
vn -0.9911 -0.1206 0.0566
vn -0.8859 -0.1282 -0.4459
vn -0.5435 -0.1339 -0.8286
vn -0.0555 -0.1362 -0.9891
vn 0.4476 -0.1345 -0.8841
vn 0.8308 -0.1293 -0.5413
vn 0.9987 -0.0489 0.0161
vn 0.8570 -0.0496 0.5129
vn 0.4862 -0.0498 0.8724
vn -0.0145 -0.0494 0.9987
vn -0.5116 -0.0485 0.8579
vn -0.8719 -0.0473 0.4873
vn -0.9988 -0.0462 -0.0140
vn -0.8578 -0.0455 -0.5120
vn -0.4864 -0.0453 -0.8726
vn 0.0157 -0.0457 -0.9988
vn 0.5134 -0.0466 -0.8569
vn 0.8731 -0.0478 -0.4852
vn 0.9993 0.0219 0.0289
vn 0.8513 0.0147 0.5245
vn 0.4753 0.0096 0.8798
vn -0.0280 0.0079 0.9996
vn -0.5239 0.0100 0.8517
vn -0.8795 0.0154 0.4757
vn -0.9994 0.0226 -0.0279
vn -0.8512 0.0298 -0.5240
vn -0.4748 0.0349 -0.8794
vn 0.0288 0.0366 -0.9989
vn 0.5247 0.0345 -0.8506
vn 0.8798 0.0291 -0.4744
vn 0.9998 -0.0199 0.0008
vn 0.8653 -0.0271 0.5005
vn 0.4990 -0.0323 0.8660
vn -0.0011 -0.0342 0.9994
vn -0.5008 -0.0323 0.8649
vn -0.8664 -0.0270 0.4986
vn -0.9998 -0.0199 -0.0014
vn -0.8653 -0.0128 -0.5011
vn -0.4990 -0.0075 -0.8666
vn 0.0011 -0.0056 -1.0000
vn 0.5008 -0.0075 -0.8655
vn 0.8664 -0.0128 -0.4992
vn 0.9690 0.2297 -0.0906
vn 0.8862 0.2225 0.4064
vn 0.5659 0.2170 0.7954
vn 0.0939 0.2145 0.9722
vn -0.4032 0.2157 0.8893
vn -0.7923 0.2202 0.5691
vn -0.9690 0.2270 0.0972
vn -0.8862 0.2341 -0.3999
vn -0.5659 0.2396 -0.7889
vn -0.0939 0.2422 -0.9657
vn 0.4032 0.2410 -0.8828
vn 0.7923 0.2364 -0.5625
vn 0.0000 -1.0000 0.0000
vn 0.0000 0.9999 0.0143
vn 0.9932 -0.0785 0.0857
vn 0.8168 -0.0854 0.5706
vn 0.4215 -0.0901 0.9024
vn -0.0868 -0.0914 0.9920
vn -0.5718 -0.0889 0.8156
vn -0.9036 -0.0833 0.4203
vn -0.9932 -0.0760 -0.0879
vn -0.8168 -0.0691 -0.5728
vn -0.4215 -0.0643 -0.9046
vn 0.0868 -0.0630 -0.9942
vn 0.5718 -0.0656 -0.8178
vn 0.9036 -0.0712 -0.4225
vn 0.9931 -0.1149 -0.0229
vn 0.8707 -0.1220 0.4764
vn 0.5150 -0.1273 0.8477
vn 0.0213 -0.1294 0.9914
vn -0.4781 -0.1276 0.8690
vn -0.8494 -0.1226 0.5133
vn -0.9931 -0.1155 0.0196
vn -0.8707 -0.1084 -0.4797
vn -0.5150 -0.1031 -0.8510
vn -0.0213 -0.1010 -0.9947
vn 0.4781 -0.1028 -0.8723
vn 0.8494 -0.1078 -0.5166
vn 0.9936 -0.1023 0.0481
vn 0.8357 -0.1093 0.5382
vn 0.4539 -0.1143 0.8837
vn -0.0496 -0.1158 0.9920
vn -0.5397 -0.1135 0.8342
vn -0.8853 -0.1081 0.4524
vn -0.9936 -0.1008 -0.0510
vn -0.8357 -0.0938 -0.5411
vn -0.4538 -0.0888 -0.8866
vn 0.0496 -0.0873 -0.9949
vn 0.5398 -0.0896 -0.8370
vn 0.8853 -0.0950 -0.4552
vn 0.9971 -0.0607 -0.0452
vn 0.8858 -0.0672 0.4592
vn 0.5371 -0.0722 0.8404
vn 0.0445 -0.0743 0.9962
vn -0.4601 -0.0730 0.8849
vn -0.8414 -0.0685 0.5361
vn -0.9971 -0.0622 0.0434
vn -0.8856 -0.0556 -0.4611
vn -0.5368 -0.0506 -0.8422
vn -0.0442 -0.0485 -0.9978
vn 0.4603 -0.0499 -0.8864
vn 0.8414 -0.0543 -0.5377
vn 0.7096 0.7023 -0.0571
vn 0.6454 0.7000 0.3058
vn 0.4087 0.6982 0.5877
vn 0.0632 0.6975 0.7138
vn -0.2991 0.6980 0.6507
vn -0.5816 0.6996 0.4151
vn -0.7090 0.7018 0.0696
vn -0.6464 0.7041 -0.2938
vn -0.4102 0.7059 -0.5774
vn -0.0635 0.7067 -0.7047
vn 0.3005 0.7062 -0.6411
vn 0.5835 0.7046 -0.4039
vn 0.0000 1.0000 0.0091
vn 0.8601 0.0694 0.5053
vn 0.6857 0.4049 0.6048
vn 0.3467 0.6209 0.7030
vn -0.0711 0.6782 0.7314
vn -0.4789 0.5655 0.6715
vn -0.7735 0.2940 0.5615
vn -0.8716 -0.0703 0.4852
vn -0.7495 -0.4425 0.4925
vn -0.4076 -0.7301 0.5485
vn 0.0857 -0.8171 0.5700
vn 0.5504 -0.6499 0.5241
vn 0.8214 -0.3122 0.4773
vn 0.9990 0.0272 -0.0364
vn 0.8610 0.5022 0.0812
vn 0.4920 0.8434 0.2157
vn -0.0097 0.9622 0.2722
vn -0.5173 0.8299 0.2092
vn -0.8840 0.4620 0.0709
vn -0.9988 -0.0272 -0.0405
vn -0.8617 -0.5026 -0.0692
vn -0.5034 -0.8630 -0.0419
vn 0.0101 -0.9997 -0.0239
vn 0.5283 -0.8476 -0.0485
vn 0.8838 -0.4619 -0.0745
vn 0.9989 -0.0177 0.0443
vn 0.8330 0.5373 0.1320
vn 0.4545 0.8622 0.2236
vn 0.0280 0.9634 0.2665
vn -0.4057 0.8812 0.2426
vn -0.8066 0.5703 0.1554
vn -0.9985 0.0177 0.0518
vn -0.8403 -0.5421 0.0070
vn -0.4663 -0.8844 0.0206
vn -0.0291 -0.9988 0.0389
vn 0.4180 -0.9079 0.0326
vn 0.8164 -0.5773 0.0173
vn 0.9900 -0.0180 0.1398
vn 0.7883 0.5853 0.1899
vn 0.4007 0.8910 0.2135
vn 0.0114 0.9745 0.2243
vn -0.3769 0.8987 0.2243
vn -0.7674 0.6082 0.2031
vn -0.9897 0.0180 0.1420
vn -0.8012 -0.5949 0.0642
vn -0.4100 -0.9118 0.0224
vn -0.0117 -0.9998 0.0158
vn 0.3866 -0.9217 0.0331
vn 0.7815 -0.6194 0.0754
vn 0.9865 -0.1454 -0.0753
vn 0.8695 0.4939 -0.0057
vn 0.4907 0.8709 0.0258
vn 0.0821 0.9961 0.0324
vn -0.3213 0.9465 0.0293
vn -0.7224 0.6914 0.0109
vn -0.9884 0.1457 -0.0421
vn -0.8635 -0.4905 -0.1178
vn -0.4837 -0.8584 -0.1708
vn -0.0806 -0.9781 -0.1917
vn 0.3160 -0.9308 -0.1840
vn 0.7147 -0.6841 -0.1456
vn 0.0000 0.0000 1.0000
vn 0.0000 0.0000 -1.0000
vn -0.7709 0.6340 0.0618
vn -0.6917 0.6117 0.3840
vn -0.5336 0.5723 0.6227
vn -0.3466 0.5366 0.7694
vn -0.1559 0.5146 0.8431
vn 0.0333 0.5090 0.8601
vn 0.2231 0.5203 0.8243
vn 0.4141 0.5477 0.7271
vn 0.5953 0.5865 0.5492
vn 0.7319 0.6227 0.2767
vn 0.7709 0.6340 -0.0618
vn 0.6917 0.6117 -0.3840
vn 0.5336 0.5723 -0.6227
vn 0.3466 0.5366 -0.7694
vn 0.1559 0.5146 -0.8431
vn -0.0333 0.5090 -0.8601
vn -0.2231 0.5203 -0.8243
vn -0.4141 0.5477 -0.7271
vn -0.5953 0.5865 -0.5492
vn -0.7319 0.6227 -0.2767
vn -0.9993 0.0366 0.0014
vn -0.9047 0.0342 0.4247
vn -0.6899 0.0309 0.7232
vn -0.4496 0.0285 0.8928
vn -0.2194 0.0275 0.9753
vn 0.0006 0.0276 0.9996
vn 0.2206 0.0288 0.9749
vn 0.4509 0.0308 0.8920
vn 0.6913 0.0335 0.7218
vn 0.9057 0.0360 0.4224
vn 0.9993 0.0366 -0.0014
vn 0.9047 0.0342 -0.4247
vn 0.6899 0.0309 -0.7232
vn 0.4496 0.0285 -0.8928
vn 0.2194 0.0275 -0.9753
vn -0.0006 0.0276 -0.9996
vn -0.2206 0.0288 -0.9749
vn -0.4509 0.0308 -0.8920
vn -0.6913 0.0335 -0.7218
vn -0.9057 0.0360 -0.4224
vn -0.9984 0.0563 -0.0031
vn -0.9063 0.0542 0.4192
vn -0.6932 0.0485 0.7191
vn -0.4531 0.0430 0.8904
vn -0.2223 0.0392 0.9742
vn -0.0015 0.0376 0.9993
vn 0.2193 0.0382 0.9749
vn 0.4499 0.0412 0.8921
vn 0.6900 0.0465 0.7223
vn 0.9040 0.0528 0.4244
vn 0.9984 0.0563 0.0031
vn 0.9063 0.0542 -0.4192
vn 0.6932 0.0485 -0.7191
vn 0.4531 0.0430 -0.8904
vn 0.2223 0.0392 -0.9742
vn 0.0015 0.0376 -0.9993
vn -0.2193 0.0382 -0.9749
vn -0.4499 0.0412 -0.8921
vn -0.6900 0.0465 -0.7223
vn -0.9040 0.0528 -0.4244
vn -0.9764 -0.2156 0.0117
vn -0.8809 -0.1944 0.4316
vn -0.6702 -0.1552 0.7257
vn -0.4357 -0.1202 0.8920
vn -0.2113 -0.0988 0.9724
vn 0.0034 -0.0933 0.9956
vn 0.2186 -0.1037 0.9703
vn 0.4443 -0.1290 0.8865
vn 0.6798 -0.1653 0.7145
vn 0.8884 -0.2016 0.4125
vn 0.9764 -0.2156 -0.0117
vn 0.8809 -0.1944 -0.4316
vn 0.6702 -0.1552 -0.7257
vn 0.4357 -0.1202 -0.8920
vn 0.2113 -0.0988 -0.9724
vn -0.0034 -0.0933 -0.9956
vn -0.2186 -0.1037 -0.9703
vn -0.4443 -0.1290 -0.8865
vn -0.6798 -0.1653 -0.7145
vn -0.8884 -0.2016 -0.4125
vn -0.9636 -0.2673 0.0021
vn -0.8628 -0.2259 0.4523
vn -0.6437 -0.1462 0.7512
vn -0.4125 -0.0747 0.9079
vn -0.2009 -0.0302 0.9792
vn -0.0033 -0.0171 0.9998
vn 0.1947 -0.0356 0.9802
vn 0.4078 -0.0843 0.9092
vn 0.6411 -0.1573 0.7511
vn 0.8620 -0.2340 0.4496
vn 0.9636 -0.2673 -0.0021
vn 0.8628 -0.2259 -0.4523
vn 0.6437 -0.1462 -0.7512
vn 0.4125 -0.0747 -0.9079
vn 0.2009 -0.0302 -0.9792
vn 0.0033 -0.0171 -0.9998
vn -0.1947 -0.0356 -0.9802
vn -0.4078 -0.0843 -0.9092
vn -0.6411 -0.1573 -0.7511
vn -0.8620 -0.2340 -0.4496
vn -0.9109 0.4116 -0.0285
vn -0.8158 0.3682 0.4460
vn -0.5941 0.3068 0.7436
vn -0.3746 0.2669 0.8879
vn -0.1834 0.2517 0.9503
vn -0.0100 0.2550 0.9669
vn 0.1616 0.2726 0.9485
vn 0.3470 0.3030 0.8876
vn 0.5588 0.3459 0.7537
vn 0.7826 0.3937 0.4822
vn 0.9109 0.4116 0.0285
vn 0.8158 0.3682 -0.4460
vn 0.5941 0.3068 -0.7436
vn 0.3746 0.2669 -0.8879
vn 0.1834 0.2517 -0.9503
vn 0.0100 0.2550 -0.9669
vn -0.1616 0.2726 -0.9485
vn -0.3470 0.3030 -0.8876
vn -0.5588 0.3459 -0.7537
vn -0.7826 0.3937 -0.4822
vn -0.5513 0.8334 -0.0383
vn -0.5345 0.8128 0.2316
vn -0.4677 0.7377 0.4869
vn -0.3489 0.6281 0.6955
vn -0.1915 0.5280 0.8274
vn -0.0174 0.4825 0.8757
vn 0.1568 0.5112 0.8450
vn 0.3168 0.6008 0.7340
vn 0.4433 0.7111 0.5458
vn 0.5218 0.7971 0.3040
vn 0.5513 0.8334 0.0383
vn 0.5345 0.8128 -0.2316
vn 0.4677 0.7377 -0.4869
vn 0.3489 0.6281 -0.6955
vn 0.1915 0.5280 -0.8274
vn 0.0174 0.4825 -0.8757
vn -0.1568 0.5112 -0.8450
vn -0.3168 0.6008 -0.7340
vn -0.4433 0.7111 -0.5458
vn -0.5218 0.7971 -0.3040
vn -0.8708 0.4843 -0.0844
vn -0.8516 0.4564 0.2579
vn -0.7495 0.3184 0.5804
vn -0.5537 0.1174 0.8244
vn -0.3048 -0.0544 0.9509
vn -0.0520 -0.1341 0.9896
vn 0.1971 -0.1070 0.9745
vn 0.4474 0.0223 0.8940
vn 0.6712 0.2185 0.7084
vn 0.8162 0.3973 0.4195
vn 0.8708 0.4843 0.0844
vn 0.8516 0.4564 -0.2579
vn 0.7495 0.3184 -0.5804
vn 0.5537 0.1174 -0.8244
vn 0.3048 -0.0544 -0.9509
vn 0.0520 -0.1341 -0.9896
vn -0.1971 -0.1070 -0.9745
vn -0.4474 0.0223 -0.8940
vn -0.6712 0.2185 -0.7084
vn -0.8162 0.3973 -0.4195
vn 0.0000 1.0000 0.0000
vn 0.0000 -1.0000 0.0000
vn -0.4673 0.8834 0.0345
vn -0.4307 0.8719 0.2330
vn -0.3484 0.8488 0.3976
vn -0.2367 0.8247 0.5137
vn -0.1101 0.8081 0.5787
vn 0.0220 0.8036 0.5948
vn 0.1531 0.8123 0.5627
vn 0.2761 0.8322 0.4809
vn 0.3799 0.8571 0.3480
vn 0.4487 0.8774 0.1696
vn 0.4673 0.8834 -0.0345
vn 0.4307 0.8719 -0.2330
vn 0.3484 0.8488 -0.3976
vn 0.2367 0.8247 -0.5137
vn 0.1101 0.8081 -0.5787
vn -0.0220 0.8036 -0.5948
vn -0.1531 0.8123 -0.5627
vn -0.2761 0.8322 -0.4809
vn -0.3799 0.8571 -0.3480
vn -0.4487 0.8774 -0.1696
vn -0.4915 -0.8701 -0.0370
vn -0.4721 -0.8634 0.1781
vn -0.3998 -0.8403 0.3660
vn -0.2908 -0.8119 0.5062
vn -0.1615 -0.7891 0.5926
vn -0.0237 -0.7789 0.6267
vn 0.1152 -0.7840 0.6100
vn 0.2485 -0.8030 0.5417
vn 0.3661 -0.8306 0.4196
vn 0.4529 -0.8569 0.2462
vn 0.4915 -0.8701 0.0370
vn 0.4721 -0.8634 -0.1781
vn 0.3998 -0.8403 -0.3660
vn 0.2908 -0.8119 -0.5062
vn 0.1615 -0.7891 -0.5926
vn 0.0237 -0.7789 -0.6267
vn -0.1152 -0.7840 -0.6100
vn -0.2485 -0.8030 -0.5417
vn -0.3661 -0.8306 -0.4196
vn -0.4529 -0.8569 -0.2462
vn 0.0000 1.0000 0.0000
vn 0.0000 -1.0000 0.0000
vn 0.1325 -0.1910 0.9726
vn 0.6138 -0.0192 0.7892
vn 0.6873 0.1650 0.7074
vn 0.5460 0.3925 0.7402
vn -0.1325 0.5503 0.8244
vn -0.6138 0.3213 0.7211
vn -0.6873 0.1198 0.7165
vn -0.5460 -0.0776 0.8342
vn -0.3721 -0.8498 -0.3733
vn 0.8896 -0.4308 -0.1517
vn 0.9982 -0.0587 0.0078
vn 0.9733 0.1953 -0.1209
vn 0.3721 0.6408 -0.6715
vn -0.8896 0.3393 -0.3058
vn -0.9982 0.0572 -0.0153
vn -0.9733 -0.2267 -0.0365
vn 0.0000 0.1961 0.9806
vn 0.0000 -0.1961 -0.9806
vn -0.9912 0.1173 0.0610
vn -0.8664 0.1404 0.4792
vn -0.6048 0.1453 0.7830
vn -0.2831 0.1431 0.9484
vn 0.0550 0.1427 0.9882
vn 0.3899 0.1461 0.9092
vn 0.6978 0.1479 0.7009
vn 0.9243 0.1373 0.3562
vn 0.9912 0.1052 -0.0801
vn 0.8664 0.0568 -0.4961
vn 0.6048 0.0099 -0.7963
vn 0.2831 -0.0203 -0.9589
vn -0.0550 -0.0275 -0.9981
vn -0.3899 -0.0108 -0.9208
vn -0.6978 0.0265 -0.7159
vn -0.9243 0.0747 -0.3743
vn -0.9905 0.1043 -0.0892
vn -0.9294 0.1365 0.3428
vn -0.7080 0.1475 0.6906
vn -0.3996 0.1460 0.9050
vn -0.0603 0.1427 0.9879
vn 0.2821 0.1431 0.9487
vn 0.6050 0.1452 0.7828
vn 0.8650 0.1405 0.4816
vn 0.9905 0.1180 0.0702
vn 0.9294 0.0761 -0.3610
vn 0.7080 0.0279 -0.7056
vn 0.3996 -0.0101 -0.9166
vn 0.0603 -0.0275 -0.9978
vn -0.2821 -0.0204 -0.9592
vn -0.6050 0.0099 -0.7961
vn -0.8650 0.0565 -0.4985
vn -0.9952 0.0455 0.0867
vn -0.8197 0.0215 0.5724
vn -0.4245 0.0050 0.9054
vn 0.0844 0.0005 0.9964
vn 0.5707 0.0091 0.8211
vn 0.9041 0.0286 0.4264
vn 0.9952 0.0538 -0.0819
vn 0.8196 0.0778 -0.5676
vn 0.4245 0.0944 -0.9005
vn -0.0844 0.0989 -0.9915
vn -0.5706 0.0902 -0.8162
vn -0.9040 0.0707 -0.4216
vn -0.9995 0.0318 0.0065
vn -0.8633 -0.0009 0.5047
vn -0.4956 -0.0245 0.8682
vn 0.0050 -0.0325 0.9995
vn 0.5042 -0.0228 0.8633
vn 0.8681 0.0020 0.4963
vn 0.9994 0.0352 -0.0030
vn 0.8629 0.0679 -0.5007
vn 0.4955 0.0914 -0.8638
vn -0.0047 0.0994 -0.9950
vn -0.5036 0.0897 -0.8593
vn -0.8678 0.0650 -0.4927
vn -0.9556 -0.2734 -0.1101
vn -0.8713 -0.3133 0.3777
vn -0.5536 -0.3444 0.7582
vn -0.0877 -0.3585 0.9294
vn 0.4017 -0.3517 0.8455
vn 0.7835 -0.3259 0.5291
vn 0.9555 -0.2879 0.0647
vn 0.8714 -0.2481 -0.4233
vn 0.5537 -0.2169 -0.8039
vn 0.0876 -0.2029 -0.9753
vn -0.4019 -0.2096 -0.8913
vn -0.7838 -0.2354 -0.5747
vn 0.0000 -0.9968 -0.0797
vn 0.8067 -0.5894 0.0425
vn 0.7289 -0.6257 0.2777
vn 0.5550 -0.7069 0.4385
vn 0.3316 -0.8112 0.4817
vn 0.1185 -0.9106 0.3959
vn -0.0272 -0.9786 0.2040
vn -0.0664 -0.9969 -0.0425
vn 0.0114 -0.9606 -0.2777
vn 0.1853 -0.8794 -0.4385
vn 0.4087 -0.7752 -0.4817
vn 0.6218 -0.6757 -0.3959
vn 0.7675 -0.6077 -0.2040
vn 0.9293 0.3658 0.0508
vn 0.7852 0.2986 0.5424
vn 0.4378 0.1365 0.8887
vn -0.0201 -0.0772 0.9968
vn -0.4655 -0.2851 0.8379
vn -0.7793 -0.4315 0.4544
vn -0.8773 -0.4772 -0.0508
vn -0.7333 -0.4100 -0.5424
vn -0.3858 -0.2479 -0.8887
vn 0.0720 -0.0342 -0.9968
vn 0.5175 0.1737 -0.8379
vn 0.8313 0.3201 -0.4544
vn 0.9364 0.3508 -0.0109
vn 0.8203 0.2967 0.4890
vn 0.4932 0.1440 0.8579
vn 0.0428 -0.0661 0.9969
vn -0.4102 -0.2775 0.8688
vn -0.7444 -0.4335 0.5079
vn -0.8704 -0.4923 0.0109
vn -0.7543 -0.4381 -0.4890
vn -0.4272 -0.2855 -0.8579
vn 0.0232 -0.0753 -0.9969
vn 0.4762 0.1361 -0.8688
vn 0.8104 0.2921 -0.5079
vn 0.9379 0.3417 -0.0606
vn 0.8446 0.2982 0.4447
vn 0.5349 0.1536 0.8308
vn 0.0917 -0.0532 0.9944
vn -0.3662 -0.2669 0.8914
vn -0.7161 -0.4302 0.5497
vn -0.8643 -0.4993 0.0606
vn -0.7710 -0.4558 -0.4447
vn -0.4613 -0.3112 -0.8308
vn -0.0181 -0.1044 -0.9944
vn 0.4398 0.1093 -0.8914
vn 0.7897 0.2726 -0.5497
vn 0.9117 0.4107 -0.0061
vn 0.7931 0.3553 0.4947
vn 0.4635 0.2015 0.8629
vn 0.0112 -0.0096 0.9999
vn -0.4426 -0.2213 0.8690
vn -0.7763 -0.3770 0.5052
vn -0.9004 -0.4350 0.0061
vn -0.7818 -0.3796 -0.4947
vn -0.4522 -0.2258 -0.8629
vn 0.0001 -0.0147 -0.9999
vn 0.4539 0.1971 -0.8690
vn 0.7876 0.3528 -0.5052
vn 0.8777 0.4783 0.0293
vn 0.7434 0.4155 0.5242
vn 0.4027 0.2566 0.8786
vn -0.0528 0.0440 0.9976
vn -0.5013 -0.1653 0.8493
vn -0.8225 -0.3152 0.4735
vn -0.9303 -0.3655 -0.0293
vn -0.7960 -0.3028 -0.5242
vn -0.4554 -0.1439 -0.8786
vn 0.0002 0.0687 -0.9976
vn 0.4487 0.2780 -0.8493
vn 0.7699 0.4279 -0.4735
vn 0.9261 0.3770 0.0120
vn 0.7995 0.3179 0.5098
vn 0.4642 0.1614 0.8709
vn 0.0103 -0.0504 0.9987
vn -0.4408 -0.2609 0.8589
vn -0.7680 -0.4136 0.4889
vn -0.8838 -0.4677 -0.0120
vn -0.7571 -0.4085 -0.5098
vn -0.4219 -0.2521 -0.8709
vn 0.0321 -0.0403 -0.9987
vn 0.4831 0.1702 -0.8589
vn 0.8103 0.3229 -0.4889
vn 0.9444 0.3218 -0.0680
vn 0.8548 0.2800 0.4370
vn 0.5484 0.1370 0.8249
vn 0.1072 -0.0689 0.9918
vn -0.3504 -0.2825 0.8930
vn -0.7020 -0.4465 0.5548
vn -0.8532 -0.5171 0.0680
vn -0.7636 -0.4753 -0.4370
vn -0.4572 -0.3323 -0.8249
vn -0.0161 -0.1264 -0.9918
vn 0.4416 0.0872 -0.8930
vn 0.7931 0.2512 -0.5548
vn 0.6673 0.7397 -0.0868
vn 0.5953 0.7060 0.3836
vn 0.3197 0.5774 0.7512
vn -0.0855 0.3884 0.9175
vn -0.5117 0.1894 0.8380
vn -0.8449 0.0340 0.5339
vn -0.9956 -0.0363 0.0868
vn -0.9235 -0.0027 -0.3836
vn -0.6479 0.1259 -0.7512
vn -0.2427 0.3150 -0.9175
vn 0.1835 0.5139 -0.8380
vn 0.5166 0.6693 -0.5339
vn 0.4229 -0.9062 -0.0000
vn -0.4229 0.9062 0.0000
vn 0.9976 -0.0192 0.0670
vn 0.8584 -0.0842 0.5060
vn 0.5391 -0.2332 0.8093
vn 0.1250 -0.4264 0.8958
vn -0.2727 -0.6121 0.7423
vn -0.5476 -0.7403 0.3899
vn -0.6260 -0.7769 -0.0670
vn -0.4869 -0.7120 -0.5060
vn -0.1675 -0.5629 -0.8093
vn 0.2465 -0.3697 -0.8958
vn 0.6443 -0.1841 -0.7423
vn 0.9192 -0.0558 -0.3899
vn 0.9435 0.3266 -0.0556
vn 0.8482 0.2821 0.4484
vn 0.5372 0.1370 0.8322
vn 0.0940 -0.0699 0.9931
vn -0.3627 -0.2830 0.8879
vn -0.7106 -0.4453 0.5447
vn -0.8564 -0.5134 0.0556
vn -0.7610 -0.4689 -0.4484
vn -0.4500 -0.3238 -0.8322
vn -0.0068 -0.1169 -0.9931
vn 0.4499 0.0962 -0.8879
vn 0.7978 0.2585 -0.5447
vn 0.5801 0.8105 -0.0810
vn 0.5114 0.7785 0.3640
vn 0.2502 0.6566 0.7115
vn -0.1334 0.4776 0.8684
vn -0.5367 0.2893 0.7926
vn -0.8517 0.1424 0.5044
vn -0.9938 0.0760 0.0810
vn -0.9251 0.1081 -0.3640
vn -0.6639 0.2300 -0.7115
vn -0.2803 0.4090 -0.8684
vn 0.1230 0.5972 -0.7926
vn 0.4379 0.7442 -0.5044
vn 0.4229 -0.9062 -0.0000
vn -0.4229 0.9062 0.0000
vn 0.0825 -0.6233 0.7777
vn -0.5565 -0.7551 0.3467
vn -0.6560 -0.7520 -0.0642
vn -0.4326 -0.7474 -0.5042
vn 0.4247 -0.4636 -0.7777
vn 0.9362 -0.0585 -0.3467
vn 0.9977 0.0198 0.0642
vn 0.8507 -0.1485 0.5042
vn 0.0227 -0.0534 0.9983
vn -0.7776 -0.4190 0.4687
vn -0.8835 -0.4684 0.0032
vn -0.7793 -0.4201 -0.4650
vn 0.0264 -0.0517 -0.9983
vn 0.8207 0.3268 -0.4687
vn 0.9265 0.3762 -0.0032
vn 0.8225 0.3275 0.4650
vn 0.0545 0.4700 0.8810
vn -0.8394 -0.0649 0.5396
vn -0.9718 -0.2236 0.0742
vn -0.9252 -0.1605 -0.3440
vn -0.3952 0.2601 -0.8810
vn 0.5889 0.6017 -0.5396
vn 0.7956 0.6012 -0.0742
vn 0.7172 0.6060 0.3440
vn 0.4229 -0.9062 0.0000
vn -0.4229 0.9062 0.0000
vn -0.2430 0.1229 0.9622
vn -0.7360 -0.4876 0.4697
vn -0.3626 -0.8899 -0.2767
vn 0.5037 -0.6817 -0.5306
vn 0.9967 -0.0712 -0.0380
vn 0.6234 0.3311 0.7083
vn -0.1494 0.5252 0.8377
vn -0.8674 -0.0773 0.4915
vn -0.7046 -0.6313 -0.3240
vn 0.1763 -0.5827 -0.7933
vn 0.8943 0.0198 -0.4471
vn 0.7314 0.5738 0.3685
vn -0.2576 0.4600 0.8498
vn -0.8937 -0.1739 0.4135
vn -0.6165 -0.6759 -0.4038
vn 0.2968 -0.5440 -0.7848
vn 0.9330 0.0899 -0.3486
vn 0.6558 0.5918 0.4687
vn -0.1365 0.4552 0.8799
vn -0.8393 -0.1485 0.5229
vn -0.6615 -0.6923 -0.2885
vn 0.2192 -0.6324 -0.7430
vn 0.9220 -0.0287 -0.3861
vn 0.7441 0.5151 0.4253
vn -0.0969 0.7282 0.6784
vn -0.8784 0.1811 0.4423
vn -0.8456 -0.4096 -0.3423
vn -0.0313 -0.4533 -0.8908
vn 0.7501 0.0937 -0.6546
vn 0.7173 0.6845 0.1300
vn 0.3464 -0.7424 0.5735
vn -0.3464 0.7424 -0.5735
vn -0.0228 -0.3585 0.9332
vn -0.6771 -0.6639 0.3174
vn -0.5210 -0.5910 -0.6158
vn 0.2894 -0.2128 -0.9332
vn 0.9438 0.0925 -0.3174
vn 0.7877 0.0197 0.6158
vn 0.0920 0.0080 0.9957
vn -0.7287 -0.3750 0.5730
vn -0.8073 -0.4117 -0.4227
vn -0.0652 -0.0654 -0.9957
vn 0.7555 0.3176 -0.5730
vn 0.8341 0.3543 0.4227
vn -0.0112 -0.0579 0.9983
vn -0.7789 -0.4162 0.4692
vn -0.7475 -0.4015 -0.5291
vn 0.0515 -0.0286 -0.9983
vn 0.8193 0.3296 -0.4692
vn 0.7879 0.3150 0.5291
vn 0.1058 -0.0639 0.9923
vn -0.7041 -0.4419 0.5558
vn -0.7666 -0.4710 -0.4365
vn -0.0190 -0.1222 -0.9923
vn 0.7909 0.2558 -0.5558
vn 0.8534 0.2850 0.4365
vn 0.1328 0.2382 0.9621
vn -0.7224 -0.1609 0.6725
vn -0.9227 -0.2544 -0.2896
vn -0.2679 0.0512 -0.9621
vn 0.5873 0.4503 -0.6725
vn 0.7877 0.5438 0.2896
vn 0.4229 -0.9062 0.0000
vn -0.4229 0.9062 0.0000
vn -0.0365 -0.3331 0.9422
vn -0.6971 -0.6414 0.3205
vn -0.5395 -0.5679 -0.6217
vn 0.2787 -0.1860 -0.9422
vn 0.9393 0.1222 -0.3205
vn 0.7817 0.0487 0.6217
vn 0.0907 0.0108 0.9958
vn -0.7301 -0.3722 0.5730
vn -0.8087 -0.4089 -0.4228
vn -0.0665 -0.0625 -0.9958
vn 0.7543 0.3205 -0.5730
vn 0.8329 0.3572 0.4228
vn -0.0033 -0.0521 0.9986
vn -0.7757 -0.4125 0.4776
vn -0.7530 -0.4019 -0.5210
vn 0.0421 -0.0309 -0.9986
vn 0.8144 0.3295 -0.4776
vn 0.7917 0.3189 0.5210
vn 0.1058 -0.0639 0.9923
vn -0.7041 -0.4419 0.5558
vn -0.7666 -0.4710 -0.4365
vn -0.0190 -0.1222 -0.9923
vn 0.7909 0.2558 -0.5558
vn 0.8534 0.2850 0.4365
vn 0.1328 0.2382 0.9621
vn -0.7224 -0.1609 0.6725
vn -0.9227 -0.2544 -0.2896
vn -0.2679 0.0512 -0.9621
vn 0.5873 0.4503 -0.6725
vn 0.7877 0.5438 0.2896
vn 0.4229 -0.9062 0.0000
vn -0.4229 0.9062 0.0000
vn 0.0004 -0.4008 0.9162
vn -0.6420 -0.7005 0.3116
vn -0.4887 -0.6290 -0.6046
vn 0.3069 -0.2577 -0.9162
vn 0.9493 0.0420 -0.3116
vn 0.7960 -0.0295 0.6046
vn 0.0943 0.0030 0.9955
vn -0.7263 -0.3800 0.5729
vn -0.8048 -0.4166 -0.4227
vn -0.0629 -0.0704 -0.9955
vn 0.7577 0.3125 -0.5729
vn 0.8363 0.3492 0.4227
vn -0.0077 -0.0654 0.9978
vn -0.7751 -0.4235 0.4690
vn -0.7437 -0.4089 -0.5289
vn 0.0550 -0.0361 -0.9978
vn 0.8224 0.3220 -0.4690
vn 0.7911 0.3074 0.5289
vn 0.1132 -0.0799 0.9904
vn -0.6952 -0.4571 0.5547
vn -0.7575 -0.4862 -0.4356
vn -0.0115 -0.1381 -0.9904
vn 0.7969 0.2392 -0.5547
vn 0.8592 0.2683 0.4356
vn 0.1205 0.2621 0.9575
vn -0.7306 -0.1351 0.6693
vn -0.9300 -0.2281 -0.2882
vn -0.2783 0.0760 -0.9575
vn 0.5728 0.4732 -0.6693
vn 0.7722 0.5663 0.2882
vn 0.4229 -0.9062 0.0000
vn -0.4229 0.9062 0.0000
vn 0.0664 -0.9969 0.0425
vn -0.0114 -0.9606 0.2777
vn -0.1853 -0.8794 0.4385
vn -0.4087 -0.7752 0.4817
vn -0.6218 -0.6757 0.3959
vn -0.7675 -0.6077 0.2040
vn -0.8067 -0.5894 -0.0425
vn -0.7289 -0.6257 -0.2777
vn -0.5550 -0.7069 -0.4385
vn -0.3316 -0.8112 -0.4817
vn -0.1185 -0.9106 -0.3959
vn 0.0272 -0.9786 -0.2040
vn 0.8773 -0.4772 0.0508
vn 0.7333 -0.4100 0.5424
vn 0.3858 -0.2479 0.8887
vn -0.0720 -0.0342 0.9968
vn -0.5175 0.1737 0.8379
vn -0.8313 0.3201 0.4544
vn -0.9293 0.3658 -0.0508
vn -0.7852 0.2986 -0.5424
vn -0.4378 0.1365 -0.8887
vn 0.0201 -0.0772 -0.9968
vn 0.4655 -0.2851 -0.8379
vn 0.7793 -0.4315 -0.4544
vn 0.8704 -0.4923 -0.0109
vn 0.7543 -0.4381 0.4890
vn 0.4272 -0.2855 0.8579
vn -0.0232 -0.0753 0.9969
vn -0.4762 0.1361 0.8688
vn -0.8104 0.2921 0.5079
vn -0.9364 0.3508 0.0109
vn -0.8203 0.2967 -0.4890
vn -0.4932 0.1440 -0.8579
vn -0.0428 -0.0661 -0.9969
vn 0.4102 -0.2775 -0.8688
vn 0.7444 -0.4335 -0.5079
vn 0.8643 -0.4993 -0.0606
vn 0.7710 -0.4558 0.4447
vn 0.4613 -0.3112 0.8308
vn 0.0181 -0.1044 0.9944
vn -0.4398 0.1093 0.8914
vn -0.7897 0.2726 0.5497
vn -0.9379 0.3417 0.0606
vn -0.8446 0.2982 -0.4447
vn -0.5349 0.1536 -0.8308
vn -0.0917 -0.0532 -0.9944
vn 0.3662 -0.2669 -0.8914
vn 0.7161 -0.4302 -0.5497
vn 0.9004 -0.4350 -0.0061
vn 0.7818 -0.3796 0.4947
vn 0.4522 -0.2258 0.8629
vn -0.0001 -0.0147 0.9999
vn -0.4539 0.1971 0.8690
vn -0.7876 0.3528 0.5052
vn -0.9117 0.4107 0.0061
vn -0.7931 0.3553 -0.4947
vn -0.4635 0.2015 -0.8629
vn -0.0112 -0.0096 -0.9999
vn 0.4426 -0.2213 -0.8690
vn 0.7763 -0.3770 -0.5052
vn 0.9303 -0.3655 0.0293
vn 0.7960 -0.3028 0.5242
vn 0.4554 -0.1439 0.8786
vn -0.0002 0.0687 0.9976
vn -0.4487 0.2780 0.8493
vn -0.7699 0.4279 0.4735
vn -0.8777 0.4783 -0.0293
vn -0.7434 0.4155 -0.5242
vn -0.4027 0.2566 -0.8786
vn 0.0528 0.0440 -0.9976
vn 0.5013 -0.1653 -0.8493
vn 0.8225 -0.3152 -0.4735
vn 0.8838 -0.4677 0.0120
vn 0.7571 -0.4085 0.5098
vn 0.4219 -0.2521 0.8709
vn -0.0321 -0.0403 0.9987
vn -0.4831 0.1702 0.8589
vn -0.8103 0.3229 0.4889
vn -0.9261 0.3770 -0.0120
vn -0.7995 0.3179 -0.5098
vn -0.4642 0.1614 -0.8709
vn -0.0103 -0.0504 -0.9987
vn 0.4408 -0.2609 -0.8589
vn 0.7680 -0.4136 -0.4889
vn 0.8532 -0.5171 -0.0680
vn 0.7636 -0.4753 0.4370
vn 0.4572 -0.3323 0.8249
vn 0.0161 -0.1264 0.9918
vn -0.4416 0.0872 0.8930
vn -0.7931 0.2512 0.5548
vn -0.9444 0.3218 0.0680
vn -0.8548 0.2800 -0.4370
vn -0.5484 0.1370 -0.8249
vn -0.1072 -0.0689 -0.9918
vn 0.3504 -0.2825 -0.8930
vn 0.7020 -0.4465 -0.5548
vn 0.9956 -0.0363 -0.0868
vn 0.9235 -0.0027 0.3836
vn 0.6479 0.1259 0.7512
vn 0.2427 0.3150 0.9175
vn -0.1835 0.5139 0.8380
vn -0.5166 0.6693 0.5339
vn -0.6673 0.7397 0.0868
vn -0.5953 0.7060 -0.3836
vn -0.3197 0.5774 -0.7512
vn 0.0855 0.3884 -0.9175
vn 0.5117 0.1894 -0.8380
vn 0.8449 0.0340 -0.5339
vn -0.4229 -0.9062 0.0000
vn 0.4229 0.9062 -0.0000
vn 0.6260 -0.7769 0.0670
vn 0.4869 -0.7120 0.5060
vn 0.1675 -0.5629 0.8093
vn -0.2465 -0.3697 0.8958
vn -0.6443 -0.1841 0.7423
vn -0.9192 -0.0558 0.3899
vn -0.9976 -0.0192 -0.0670
vn -0.8584 -0.0842 -0.5060
vn -0.5391 -0.2332 -0.8093
vn -0.1250 -0.4264 -0.8958
vn 0.2727 -0.6121 -0.7423
vn 0.5476 -0.7403 -0.3899
vn 0.8564 -0.5134 -0.0556
vn 0.7610 -0.4689 0.4484
vn 0.4500 -0.3238 0.8322
vn 0.0068 -0.1169 0.9931
vn -0.4499 0.0962 0.8879
vn -0.7978 0.2585 0.5447
vn -0.9435 0.3266 0.0556
vn -0.8482 0.2821 -0.4484
vn -0.5372 0.1370 -0.8322
vn -0.0940 -0.0699 -0.9931
vn 0.3627 -0.2830 -0.8879
vn 0.7106 -0.4453 -0.5447
vn 0.9938 0.0760 -0.0810
vn 0.9251 0.1081 0.3640
vn 0.6639 0.2300 0.7115
vn 0.2803 0.4090 0.8684
vn -0.1230 0.5972 0.7926
vn -0.4379 0.7442 0.5044
vn -0.5801 0.8105 0.0810
vn -0.5114 0.7785 -0.3640
vn -0.2502 0.6566 -0.7115
vn 0.1334 0.4776 -0.8684
vn 0.5367 0.2893 -0.7926
vn 0.8517 0.1424 -0.5044
vn -0.4229 -0.9062 0.0000
vn 0.4229 0.9062 0.0000
vn 0.0825 0.6233 -0.7777
vn -0.5565 0.7551 -0.3467
vn -0.6560 0.7520 0.0642
vn -0.4326 0.7474 0.5042
vn 0.4247 0.4636 0.7777
vn 0.9362 0.0585 0.3467
vn 0.9977 -0.0198 -0.0642
vn 0.8507 0.1485 -0.5042
vn 0.0227 0.0534 -0.9983
vn -0.7776 0.4190 -0.4687
vn -0.8835 0.4684 -0.0032
vn -0.7793 0.4201 0.4650
vn 0.0264 0.0517 0.9983
vn 0.8207 -0.3268 0.4687
vn 0.9265 -0.3762 0.0032
vn 0.8225 -0.3275 -0.4650
vn 0.0545 -0.4700 -0.8810
vn -0.8394 0.0649 -0.5396
vn -0.9718 0.2236 -0.0742
vn -0.9252 0.1605 0.3440
vn -0.3952 -0.2601 0.8810
vn 0.5889 -0.6017 0.5396
vn 0.7956 -0.6012 0.0742
vn 0.7172 -0.6060 -0.3440
vn 0.4229 0.9062 0.0000
vn -0.4229 -0.9062 0.0000
vn -0.1989 -0.8240 -0.5306
vn 0.5857 -0.8097 -0.0380
vn 0.6542 -0.2651 0.7083
vn -0.0618 0.2652 0.9622
vn -0.8464 0.2509 0.4697
vn -0.9150 -0.2937 -0.2767
vn -0.3334 -0.5094 -0.7933
vn 0.5896 -0.6727 -0.4471
vn 0.9096 -0.1920 0.3685
vn 0.3066 0.4519 0.8377
vn -0.6164 0.6152 0.4915
vn -0.9364 0.1345 -0.3240
vn -0.2263 -0.5769 -0.7848
vn 0.6682 -0.6573 -0.3486
vn 0.8748 -0.1224 0.4687
vn 0.1871 0.4929 0.8498
vn -0.7074 0.5733 0.4135
vn -0.9140 0.0384 -0.4038
vn -0.3439 -0.5742 -0.7430
vn 0.5703 -0.7251 -0.3861
vn 0.8728 -0.2395 0.4253
vn 0.2612 0.3970 0.8799
vn -0.6529 0.5479 0.5229
vn -0.9555 0.0623 -0.2885
vn -0.3676 -0.2672 -0.8908
vn 0.5537 -0.5147 -0.6546
vn 0.9854 -0.1101 0.1300
vn 0.4959 0.5421 0.6784
vn -0.4254 0.7896 0.4423
vn -0.8571 0.3849 -0.3423
vn -0.3464 -0.7424 0.5735
vn 0.3464 0.7424 -0.5735
vn 0.0228 -0.3585 -0.9332
vn 0.6771 -0.6639 -0.3174
vn 0.5210 -0.5910 0.6158
vn -0.2894 -0.2128 0.9332
vn -0.9438 0.0925 0.3174
vn -0.7877 0.0197 -0.6158
vn -0.0920 0.0080 -0.9957
vn 0.7287 -0.3750 -0.5730
vn 0.8073 -0.4117 0.4227
vn 0.0652 -0.0654 0.9957
vn -0.7555 0.3176 0.5730
vn -0.8341 0.3543 -0.4227
vn 0.0112 -0.0579 -0.9983
vn 0.7789 -0.4162 -0.4692
vn 0.7475 -0.4015 0.5291
vn -0.0515 -0.0286 0.9983
vn -0.8193 0.3296 0.4692
vn -0.7879 0.3150 -0.5291
vn -0.1058 -0.0639 -0.9923
vn 0.7041 -0.4419 -0.5558
vn 0.7666 -0.4710 0.4365
vn 0.0190 -0.1222 0.9923
vn -0.7909 0.2558 0.5558
vn -0.8534 0.2850 -0.4365
vn -0.1328 0.2382 -0.9621
vn 0.7224 -0.1609 -0.6725
vn 0.9227 -0.2544 0.2896
vn 0.2679 0.0512 0.9621
vn -0.5873 0.4503 0.6725
vn -0.7877 0.5438 -0.2896
vn -0.4229 -0.9062 0.0000
vn 0.4229 0.9062 0.0000
vn 0.0365 -0.3331 -0.9422
vn 0.6971 -0.6414 -0.3205
vn 0.5395 -0.5679 0.6217
vn -0.2787 -0.1860 0.9422
vn -0.9393 0.1222 0.3205
vn -0.7817 0.0487 -0.6217
vn -0.0907 0.0108 -0.9958
vn 0.7301 -0.3722 -0.5730
vn 0.8087 -0.4089 0.4228
vn 0.0665 -0.0625 0.9958
vn -0.7543 0.3205 0.5730
vn -0.8329 0.3572 -0.4228
vn 0.0033 -0.0521 -0.9986
vn 0.7757 -0.4125 -0.4776
vn 0.7530 -0.4019 0.5210
vn -0.0421 -0.0309 0.9986
vn -0.8144 0.3295 0.4776
vn -0.7917 0.3189 -0.5210
vn -0.1058 -0.0639 -0.9923
vn 0.7041 -0.4419 -0.5558
vn 0.7666 -0.4710 0.4365
vn 0.0190 -0.1222 0.9923
vn -0.7909 0.2558 0.5558
vn -0.8534 0.2850 -0.4365
vn -0.1328 0.2382 -0.9621
vn 0.7224 -0.1609 -0.6725
vn 0.9227 -0.2544 0.2896
vn 0.2679 0.0512 0.9621
vn -0.5873 0.4503 0.6725
vn -0.7877 0.5438 -0.2896
vn -0.4229 -0.9062 0.0000
vn 0.4229 0.9062 0.0000
vn -0.0004 -0.4008 -0.9162
vn 0.6420 -0.7005 -0.3116
vn 0.4887 -0.6290 0.6046
vn -0.3069 -0.2577 0.9162
vn -0.9493 0.0420 0.3116
vn -0.7960 -0.0295 -0.6046
vn -0.0943 0.0030 -0.9955
vn 0.7263 -0.3800 -0.5729
vn 0.8048 -0.4166 0.4227
vn 0.0629 -0.0704 0.9955
vn -0.7577 0.3125 0.5729
vn -0.8363 0.3492 -0.4227
vn 0.0077 -0.0654 -0.9978
vn 0.7751 -0.4235 -0.4690
vn 0.7437 -0.4089 0.5289
vn -0.0550 -0.0361 0.9978
vn -0.8224 0.3220 0.4690
vn -0.7911 0.3074 -0.5289
vn -0.1132 -0.0799 -0.9904
vn 0.6952 -0.4571 -0.5547
vn 0.7575 -0.4862 0.4356
vn 0.0115 -0.1381 0.9904
vn -0.7969 0.2392 0.5547
vn -0.8592 0.2683 -0.4356
vn -0.1205 0.2621 -0.9575
vn 0.7306 -0.1351 -0.6693
vn 0.9300 -0.2281 0.2882
vn 0.2783 0.0760 0.9575
vn -0.5728 0.4732 0.6693
vn -0.7722 0.5663 -0.2882
vn -0.4229 -0.9062 0.0000
vn 0.4229 0.9062 0.0000
vn 0.3027 -0.9508 0.0660
vn 0.2149 -0.8928 0.3958
vn 0.0287 -0.7745 0.6319
vn -0.2112 -0.6288 0.7483
vn -0.4736 -0.4783 0.7396
vn -0.7280 -0.3418 0.5944
vn -0.9191 -0.2458 0.3078
vn -0.9727 -0.2212 -0.0703
vn -0.8618 -0.2779 -0.4243
vn -0.6410 -0.3934 -0.6591
vn -0.3810 -0.5369 -0.7527
vn -0.1245 -0.6866 -0.7163
vn 0.1013 -0.8244 -0.5568
vn 0.2593 -0.9239 -0.2814
vn 0.9295 -0.3685 -0.0177
vn 0.8209 -0.3251 0.4696
vn 0.5388 -0.2181 0.8137
vn 0.1885 -0.0815 0.9787
vn -0.1728 0.0682 0.9826
vn -0.5176 0.2210 0.8266
vn -0.7960 0.3523 0.4922
vn -0.9108 0.4128 0.0094
vn -0.7993 0.3673 -0.4757
vn -0.5251 0.2429 -0.8156
vn -0.1860 0.0881 -0.9786
vn 0.1690 -0.0691 -0.9832
vn 0.5159 -0.2137 -0.8296
vn 0.8038 -0.3248 -0.4983
vn 0.7364 0.6749 -0.0469
vn 0.7052 0.6793 0.2030
vn 0.5874 0.6909 0.4214
vn 0.3979 0.7160 0.5736
vn 0.1629 0.7604 0.6287
vn -0.0816 0.8225 0.5629
vn -0.2858 0.8862 0.3646
vn -0.3865 0.9204 0.0593
vn -0.3406 0.9014 -0.2673
vn -0.1682 0.8414 -0.5136
vn 0.0695 0.7732 -0.6303
vn 0.3158 0.7202 -0.6177
vn 0.5287 0.6893 -0.4953
vn 0.6757 0.6767 -0.2925
vn -0.4472 -0.8944 0.0000
vn 0.3162 0.9487 -0.0000
vn -0.0111 -0.9962 -0.0858
vn -0.0329 -0.9961 -0.0815
vn -0.0529 -0.9959 -0.0731
vn -0.0703 -0.9957 -0.0610
vn -0.0842 -0.9954 -0.0459
vn -0.0938 -0.9952 -0.0285
vn -0.0987 -0.9951 -0.0097
vn -0.0987 -0.9951 0.0097
vn -0.0938 -0.9952 0.0285
vn -0.0842 -0.9954 0.0459
vn -0.0703 -0.9957 0.0610
vn -0.0529 -0.9959 0.0731
vn -0.0329 -0.9961 0.0815
vn -0.0111 -0.9962 0.0858
vn 0.0111 -0.9962 0.0858
vn 0.0329 -0.9961 0.0815
vn 0.0529 -0.9959 0.0731
vn 0.0703 -0.9957 0.0610
vn 0.0842 -0.9954 0.0459
vn 0.0938 -0.9952 0.0285
vn 0.0987 -0.9951 0.0097
vn 0.0987 -0.9951 -0.0097
vn 0.0938 -0.9952 -0.0285
vn 0.0842 -0.9954 -0.0459
vn 0.0703 -0.9957 -0.0610
vn 0.0529 -0.9959 -0.0731
vn 0.0329 -0.9961 -0.0815
vn 0.0111 -0.9962 -0.0858
vn -0.0110 -0.9800 -0.1986
vn -0.0616 -0.9796 -0.1914
vn -0.1090 -0.9786 -0.1745
vn -0.1508 -0.9773 -0.1489
vn -0.1849 -0.9759 -0.1159
vn -0.2098 -0.9747 -0.0772
vn -0.2241 -0.9739 -0.0347
vn -0.2273 -0.9738 0.0094
vn -0.2193 -0.9742 0.0531
vn -0.2004 -0.9752 0.0943
vn -0.1714 -0.9765 0.1308
vn -0.1338 -0.9779 0.1608
vn -0.0893 -0.9791 0.1829
vn -0.0402 -0.9798 0.1957
vn 0.0110 -0.9800 0.1986
vn 0.0616 -0.9796 0.1914
vn 0.1090 -0.9786 0.1745
vn 0.1508 -0.9773 0.1489
vn 0.1849 -0.9759 0.1159
vn 0.2098 -0.9747 0.0772
vn 0.2241 -0.9739 0.0347
vn 0.2273 -0.9738 -0.0094
vn 0.2193 -0.9742 -0.0531
vn 0.2004 -0.9752 -0.0943
vn 0.1714 -0.9765 -0.1308
vn 0.1338 -0.9779 -0.1608
vn 0.0893 -0.9791 -0.1829
vn 0.0402 -0.9798 -0.1957
vn -0.0105 -0.9375 -0.3478
vn -0.0993 -0.9364 -0.3366
vn -0.1826 -0.9337 -0.3081
vn -0.2560 -0.9299 -0.2641
vn -0.3159 -0.9259 -0.2071
vn -0.3597 -0.9224 -0.1404
vn -0.3857 -0.9202 -0.0673
vn -0.3930 -0.9195 0.0089
vn -0.3813 -0.9206 0.0847
vn -0.3510 -0.9232 0.1567
vn -0.3033 -0.9268 0.2214
vn -0.2399 -0.9308 0.2756
vn -0.1639 -0.9344 0.3163
vn -0.0789 -0.9368 0.3408
vn 0.0105 -0.9375 0.3478
vn 0.0993 -0.9364 0.3366
vn 0.1826 -0.9337 0.3081
vn 0.2560 -0.9299 0.2641
vn 0.3159 -0.9259 0.2071
vn 0.3597 -0.9224 0.1404
vn 0.3857 -0.9202 0.0673
vn 0.3930 -0.9195 -0.0089
vn 0.3813 -0.9206 -0.0847
vn 0.3510 -0.9232 -0.1567
vn 0.3033 -0.9268 -0.2214
vn 0.2399 -0.9308 -0.2756
vn 0.1639 -0.9344 -0.3163
vn 0.0789 -0.9368 -0.3408
vn -0.0097 -0.8692 -0.4944
vn -0.1359 -0.8672 -0.4790
vn -0.2539 -0.8623 -0.4382
vn -0.3570 -0.8554 -0.3752
vn -0.4405 -0.8481 -0.2943
vn -0.5011 -0.8418 -0.2004
vn -0.5373 -0.8377 -0.0981
vn -0.5481 -0.8364 0.0081
vn -0.5334 -0.8381 0.1140
vn -0.4935 -0.8427 0.2153
vn -0.4292 -0.8492 0.3076
vn -0.3425 -0.8565 0.3861
vn -0.2367 -0.8632 0.4460
vn -0.1171 -0.8677 0.4831
vn 0.0097 -0.8692 0.4944
vn 0.1359 -0.8672 0.4790
vn 0.2539 -0.8623 0.4382
vn 0.3570 -0.8554 0.3752
vn 0.4405 -0.8481 0.2943
vn 0.5011 -0.8418 0.2004
vn 0.5373 -0.8377 0.0981
vn 0.5481 -0.8364 -0.0081
vn 0.5334 -0.8381 -0.1140
vn 0.4935 -0.8427 -0.2153
vn 0.4292 -0.8492 -0.3076
vn 0.3425 -0.8565 -0.3861
vn 0.2367 -0.8632 -0.4460
vn 0.1171 -0.8677 -0.4831
vn -0.0087 -0.7791 -0.6269
vn -0.1686 -0.7764 -0.6073
vn -0.3172 -0.7694 -0.5545
vn -0.4458 -0.7598 -0.4733
vn -0.5485 -0.7496 -0.3704
vn -0.6224 -0.7409 -0.2522
vn -0.6663 -0.7352 -0.1247
vn -0.6798 -0.7333 0.0071
vn -0.6630 -0.7356 0.1387
vn -0.6159 -0.7417 0.2654
vn -0.5388 -0.7507 0.3823
vn -0.4331 -0.7609 0.4832
vn -0.3021 -0.7703 0.5616
vn -0.1518 -0.7769 0.6111
vn 0.0087 -0.7791 0.6269
vn 0.1686 -0.7764 0.6073
vn 0.3172 -0.7694 0.5545
vn 0.4458 -0.7598 0.4733
vn 0.5485 -0.7496 0.3704
vn 0.6224 -0.7409 0.2522
vn 0.6663 -0.7352 0.1247
vn 0.6798 -0.7333 -0.0071
vn 0.6630 -0.7356 -0.1387
vn 0.6159 -0.7417 -0.2654
vn 0.5388 -0.7507 -0.3823
vn 0.4331 -0.7609 -0.4832
vn 0.3021 -0.7703 -0.5616
vn 0.1518 -0.7769 -0.6111
vn -0.0075 -0.6715 -0.7410
vn -0.1963 -0.6683 -0.7175
vn -0.3707 -0.6600 -0.6534
vn -0.5199 -0.6487 -0.5557
vn -0.6375 -0.6370 -0.4334
vn -0.7212 -0.6270 -0.2947
vn -0.7705 -0.6204 -0.1465
vn -0.7860 -0.6182 0.0060
vn -0.7679 -0.6208 0.1583
vn -0.7159 -0.6276 0.3060
vn -0.6295 -0.6378 0.4437
vn -0.5093 -0.6497 0.5644
vn -0.3579 -0.6608 0.6597
vn -0.1819 -0.6688 0.7209
vn 0.0075 -0.6715 0.7410
vn 0.1963 -0.6683 0.7175
vn 0.3707 -0.6600 0.6534
vn 0.5199 -0.6487 0.5557
vn 0.6375 -0.6370 0.4334
vn 0.7212 -0.6270 0.2947
vn 0.7705 -0.6204 0.1465
vn 0.7860 -0.6182 -0.0060
vn 0.7679 -0.6208 -0.1583
vn 0.7159 -0.6276 -0.3060
vn 0.6295 -0.6378 -0.4437
vn 0.5093 -0.6497 -0.5644
vn 0.3579 -0.6608 -0.6597
vn 0.1819 -0.6688 -0.7209
vn -0.0062 -0.5507 -0.8347
vn -0.2187 -0.5474 -0.8078
vn -0.4138 -0.5389 -0.7337
vn -0.5789 -0.5274 -0.6218
vn -0.7075 -0.5156 -0.4833
vn -0.7980 -0.5056 -0.3281
vn -0.8510 -0.4991 -0.1636
vn -0.8678 -0.4969 0.0048
vn -0.8489 -0.4993 0.1731
vn -0.7938 -0.5061 0.3372
vn -0.7012 -0.5162 0.4918
vn -0.5704 -0.5281 0.6290
vn -0.4034 -0.5395 0.7391
vn -0.2069 -0.5478 0.8106
vn 0.0062 -0.5507 0.8347
vn 0.2187 -0.5474 0.8078
vn 0.4138 -0.5389 0.7337
vn 0.5789 -0.5274 0.6218
vn 0.7075 -0.5156 0.4833
vn 0.7980 -0.5056 0.3281
vn 0.8510 -0.4991 0.1636
vn 0.8678 -0.4969 -0.0048
vn 0.8489 -0.4993 -0.1731
vn 0.7938 -0.5061 -0.3372
vn 0.7012 -0.5162 -0.4918
vn 0.5704 -0.5281 -0.6290
vn 0.4034 -0.5395 -0.7391
vn 0.2069 -0.5478 -0.8106
vn -0.0047 -0.4203 -0.9074
vn -0.2356 -0.4174 -0.8777
vn -0.4464 -0.4098 -0.7954
vn -0.6233 -0.3996 -0.6721
vn -0.7597 -0.3892 -0.5210
vn -0.8547 -0.3805 -0.3531
vn -0.9101 -0.3749 -0.1766
vn -0.9278 -0.3730 0.0036
vn -0.9086 -0.3751 0.1837
vn -0.8517 -0.3808 0.3601
vn -0.7550 -0.3896 0.5274
vn -0.6170 -0.4001 0.6777
vn -0.4386 -0.4102 0.7996
vn -0.2266 -0.4176 0.8799
vn 0.0047 -0.4203 0.9074
vn 0.2356 -0.4174 0.8777
vn 0.4464 -0.4098 0.7954
vn 0.6233 -0.3996 0.6721
vn 0.7597 -0.3892 0.5210
vn 0.8547 -0.3805 0.3531
vn 0.9101 -0.3749 0.1766
vn 0.9278 -0.3730 -0.0036
vn 0.9086 -0.3751 -0.1837
vn 0.8517 -0.3808 -0.3601
vn 0.7550 -0.3896 -0.5274
vn 0.6170 -0.4001 -0.6777
vn 0.4386 -0.4102 -0.7996
vn 0.2266 -0.4176 -0.8799
vn -0.0032 -0.2834 -0.9590
vn -0.2471 -0.2813 -0.9273
vn -0.4690 -0.2756 -0.8391
vn -0.6539 -0.2681 -0.7075
vn -0.7954 -0.2604 -0.5473
vn -0.8934 -0.2540 -0.3707
vn -0.9503 -0.2499 -0.1858
vn -0.9686 -0.2485 0.0024
vn -0.9493 -0.2499 0.1905
vn -0.8914 -0.2541 0.3753
vn -0.7923 -0.2606 0.5516
vn -0.6497 -0.2683 0.7113
vn -0.4637 -0.2758 0.8419
vn -0.2410 -0.2814 0.9288
vn 0.0032 -0.2834 0.9590
vn 0.2471 -0.2813 0.9273
vn 0.4690 -0.2756 0.8391
vn 0.6539 -0.2681 0.7075
vn 0.7954 -0.2604 0.5473
vn 0.8934 -0.2540 0.3707
vn 0.9503 -0.2499 0.1858
vn 0.9686 -0.2485 -0.0024
vn 0.9493 -0.2499 -0.1905
vn 0.8914 -0.2541 -0.3753
vn 0.7923 -0.2606 -0.5516
vn 0.6497 -0.2683 -0.7113
vn 0.4637 -0.2758 -0.8419
vn 0.2410 -0.2814 -0.9288
vn -0.0016 -0.1426 -0.9898
vn -0.2533 -0.1415 -0.9570
vn -0.4818 -0.1385 -0.8653
vn -0.6715 -0.1345 -0.7287
vn -0.8160 -0.1304 -0.5632
vn -0.9157 -0.1270 -0.3814
vn -0.9735 -0.1249 -0.1916
vn -0.9923 -0.1241 0.0012
vn -0.9730 -0.1249 0.1940
vn -0.9147 -0.1271 0.3837
vn -0.8145 -0.1305 0.5654
vn -0.6694 -0.1345 0.7306
vn -0.4792 -0.1385 0.8667
vn -0.2502 -0.1415 0.9578
vn 0.0016 -0.1426 0.9898
vn 0.2533 -0.1415 0.9570
vn 0.4818 -0.1385 0.8653
vn 0.6715 -0.1345 0.7287
vn 0.8160 -0.1304 0.5632
vn 0.9157 -0.1270 0.3814
vn 0.9735 -0.1249 0.1916
vn 0.9923 -0.1241 -0.0012
vn 0.9730 -0.1249 -0.1940
vn 0.9147 -0.1271 -0.3837
vn 0.8145 -0.1305 -0.5654
vn 0.6694 -0.1345 -0.7306
vn 0.4792 -0.1385 -0.8667
vn 0.2502 -0.1415 -0.9578
vn 0.0004 0.0323 -0.9995
vn -0.2546 0.0365 -0.9664
vn -0.4856 0.0450 -0.8730
vn -0.6765 0.0556 -0.7344
vn -0.8211 0.0660 -0.5670
vn -0.9204 0.0743 -0.3840
vn -0.9779 0.0792 -0.1937
vn -0.9968 0.0801 -0.0006
vn -0.9783 0.0767 0.1925
vn -0.9211 0.0697 0.3830
vn -0.8220 0.0600 0.5663
vn -0.6774 0.0494 0.7340
vn -0.4865 0.0398 0.8728
vn -0.2554 0.0336 0.9663
vn -0.0004 0.0323 0.9995
vn 0.2546 0.0365 0.9664
vn 0.4856 0.0450 0.8730
vn 0.6765 0.0556 0.7344
vn 0.8211 0.0660 0.5670
vn 0.9204 0.0743 0.3840
vn 0.9779 0.0792 0.1937
vn 0.9968 0.0801 0.0006
vn 0.9783 0.0767 -0.1925
vn 0.9211 0.0697 -0.3830
vn 0.8220 0.0600 -0.5663
vn 0.6774 0.0494 -0.7340
vn 0.4865 0.0398 -0.8728
vn 0.2554 0.0336 -0.9663
vn 0.0026 0.2185 -0.9758
vn -0.2510 0.2262 -0.9412
vn -0.4771 0.2444 -0.8442
vn -0.6585 0.2682 -0.7032
vn -0.7911 0.2920 -0.5375
vn -0.8788 0.3115 -0.3614
vn -0.9284 0.3238 -0.1822
vn -0.9449 0.3274 -0.0027
vn -0.9301 0.3219 0.1770
vn -0.8820 0.3079 0.3568
vn -0.7953 0.2873 0.5339
vn -0.6633 0.2631 0.7005
vn -0.4821 0.2401 0.8426
vn -0.2561 0.2237 0.9404
vn -0.0026 0.2185 0.9758
vn 0.2510 0.2262 0.9412
vn 0.4771 0.2444 0.8442
vn 0.6585 0.2682 0.7032
vn 0.7911 0.2920 0.5375
vn 0.8788 0.3115 0.3614
vn 0.9284 0.3238 0.1822
vn 0.9449 0.3274 0.0027
vn 0.9301 0.3219 -0.1770
vn 0.8820 0.3079 -0.3568
vn 0.7953 0.2873 -0.5339
vn 0.6633 0.2631 -0.7005
vn 0.4821 0.2401 -0.8426
vn 0.2561 0.2237 -0.9404
vn 0.0043 0.3635 -0.9316
vn -0.2470 0.3703 -0.8955
vn -0.4660 0.3887 -0.7948
vn -0.6348 0.4131 -0.6530
vn -0.7522 0.4378 -0.4925
vn -0.8263 0.4580 -0.3278
vn -0.8665 0.4711 -0.1648
vn -0.8796 0.4756 -0.0040
vn -0.8679 0.4712 0.1570
vn -0.8292 0.4582 0.3202
vn -0.7566 0.4380 0.4855
vn -0.6407 0.4134 0.6470
vn -0.4732 0.3889 0.7904
vn -0.2552 0.3705 0.8931
vn -0.0043 0.3635 0.9316
vn 0.2470 0.3703 0.8955
vn 0.4660 0.3887 0.7948
vn 0.6348 0.4131 0.6530
vn 0.7522 0.4378 0.4925
vn 0.8263 0.4580 0.3278
vn 0.8665 0.4711 0.1648
vn 0.8796 0.4756 0.0040
vn 0.8679 0.4712 -0.1570
vn 0.8292 0.4582 -0.3202
vn 0.7566 0.4380 -0.4855
vn 0.6407 0.4134 -0.6470
vn 0.4732 0.3889 -0.7904
vn 0.2552 0.3705 -0.8931
vn 0.0061 0.4844 -0.8748
vn -0.2415 0.4881 -0.8387
vn -0.4536 0.4987 -0.7386
vn -0.6125 0.5135 -0.6010
vn -0.7198 0.5290 -0.4495
vn -0.7858 0.5422 -0.2976
vn -0.8210 0.5510 -0.1496
vn -0.8324 0.5542 -0.0047
vn -0.8224 0.5514 0.1402
vn -0.7887 0.5430 0.2883
vn -0.7246 0.5301 0.4405
vn -0.6195 0.5147 0.5927
vn -0.4630 0.4998 0.7321
vn -0.2529 0.4887 0.8350
vn -0.0061 0.4844 0.8748
vn 0.2415 0.4881 0.8387
vn 0.4536 0.4987 0.7386
vn 0.6125 0.5135 0.6010
vn 0.7198 0.5290 0.4495
vn 0.7858 0.5422 0.2976
vn 0.8210 0.5510 0.1496
vn 0.8324 0.5542 0.0047
vn 0.8224 0.5514 -0.1402
vn 0.7887 0.5430 -0.2883
vn 0.7246 0.5301 -0.4405
vn 0.6195 0.5147 -0.5927
vn 0.4630 0.4998 -0.7321
vn 0.2529 0.4887 -0.8350
vn 0.0086 0.4756 -0.8796
vn -0.2528 0.4825 -0.8386
vn -0.4696 0.5002 -0.7275
vn -0.6225 0.5247 -0.5806
vn -0.7174 0.5710 -0.3992
vn -0.7457 0.6096 -0.2687
vn -0.7780 0.6135 -0.1354
vn -0.7885 0.6150 -0.0054
vn -0.7795 0.6139 0.1247
vn -0.7488 0.6105 0.2579
vn -0.6902 0.6058 0.3957
vn -0.5932 0.6013 0.5353
vn -0.4465 0.5983 0.6654
vn -0.2462 0.5971 0.7635
vn -0.0079 0.5967 0.8024
vn 0.2317 0.5965 0.7684
vn 0.4350 0.5973 0.6738
vn 0.5850 0.6001 0.5456
vn 0.6849 0.6047 0.4066
vn 0.7457 0.6096 0.2687
vn 0.7780 0.6135 0.1354
vn 0.7885 0.6150 0.0054
vn 0.7795 0.6139 -0.1247
vn 0.7627 0.5971 -0.2484
vn 0.7256 0.5480 -0.4161
vn 0.6332 0.5220 -0.5715
vn 0.4831 0.4983 -0.7199
vn 0.2690 0.4814 -0.8342
vn 0.0112 0.5801 -0.8144
vn -0.2448 0.5804 -0.7766
vn -0.4550 0.5856 -0.6708
vn -0.6090 0.6214 -0.4928
vn -0.6865 0.6467 -0.3323
vn -0.7254 0.6531 -0.2176
vn -0.7332 0.6690 -0.1220
vn -0.7433 0.6689 -0.0059
vn -0.7347 0.6694 0.1100
vn -0.7056 0.6708 0.2285
vn -0.6501 0.6740 0.3510
vn -0.5588 0.6798 0.4749
vn -0.4213 0.6883 0.5906
vn -0.2336 0.6966 0.6783
vn -0.0098 0.7003 0.7138
vn 0.2157 0.6966 0.6843
vn 0.4073 0.6881 0.6005
vn 0.5491 0.6794 0.4868
vn 0.6439 0.6733 0.3633
vn 0.7020 0.6702 0.2407
vn 0.7332 0.6690 0.1220
vn 0.7433 0.6689 0.0059
vn 0.7347 0.6694 -0.1100
vn 0.7077 0.6774 -0.2007
vn 0.6858 0.6635 -0.2991
vn 0.6074 0.6038 -0.5162
vn 0.4683 0.5913 -0.6565
vn 0.2644 0.5836 -0.7678
vn 0.0117 0.7940 -0.6079
vn -0.1914 0.7883 -0.5848
vn -0.3933 0.7863 -0.4766
vn -0.5244 0.7744 -0.3539
vn -0.5950 0.7581 -0.2667
vn -0.6456 0.7390 -0.1929
vn -0.6786 0.7265 -0.1085
vn -0.6890 0.7247 -0.0066
vn -0.6806 0.7265 0.0952
vn -0.6518 0.7319 0.1987
vn -0.5979 0.7416 0.3043
vn -0.5112 0.7557 0.4095
vn -0.3836 0.7725 0.5060
vn -0.2129 0.7875 0.5784
vn -0.0117 0.7940 0.6079
vn 0.1914 0.7883 0.5848
vn 0.3666 0.7736 0.5169
vn 0.4992 0.7565 0.4225
vn 0.5902 0.7420 0.3179
vn 0.6474 0.7320 0.2122
vn 0.6786 0.7265 0.1085
vn 0.6890 0.7247 0.0066
vn 0.6806 0.7265 -0.0952
vn 0.6518 0.7319 -0.1987
vn 0.6039 0.7616 -0.2351
vn 0.5399 0.7789 -0.3191
vn 0.3836 0.7725 -0.5060
vn 0.2129 0.7875 -0.5784
vn 0.0118 0.9069 -0.4211
vn -0.1373 0.9016 -0.4101
vn -0.3753 0.8604 -0.3448
vn -0.4606 0.8416 -0.2822
vn -0.5230 0.8191 -0.2356
vn -0.5695 0.8020 -0.1802
vn -0.6013 0.7935 -0.0936
vn -0.6123 0.7906 -0.0073
vn -0.6041 0.7930 0.0788
vn -0.5755 0.8009 0.1654
vn -0.5233 0.8141 0.2517
vn -0.4424 0.8319 0.3350
vn -0.3285 0.8515 0.4086
vn -0.1820 0.8679 0.4621
vn -0.0135 0.8750 0.4840
vn 0.1568 0.8695 0.4684
vn 0.3079 0.8539 0.4196
vn 0.4273 0.8342 0.3485
vn 0.5132 0.8159 0.2663
vn 0.5695 0.8020 0.1802
vn 0.6013 0.7935 0.0936
vn 0.6123 0.7906 0.0073
vn 0.6041 0.7930 -0.0788
vn 0.5755 0.8009 -0.1654
vn 0.5233 0.8141 -0.2517
vn 0.4876 0.8377 -0.2460
vn 0.3635 0.8778 -0.3120
vn 0.1593 0.9006 -0.4043
vn 0.0124 0.9592 -0.2824
vn -0.0918 0.9566 -0.2765
vn -0.1906 0.9476 -0.2563
vn -0.3627 0.9048 -0.2230
vn -0.3990 0.8942 -0.2031
vn -0.4508 0.8815 -0.1404
vn -0.4816 0.8732 -0.0749
vn -0.4931 0.8699 -0.0082
vn -0.4859 0.8721 0.0585
vn -0.4596 0.8794 0.1244
vn -0.4128 0.8912 0.1880
vn -0.3438 0.9061 0.2464
vn -0.2520 0.9215 0.2955
vn -0.1399 0.9336 0.3297
vn -0.0151 0.9389 0.3439
vn 0.1113 0.9355 0.3353
vn 0.2274 0.9246 0.3057
vn 0.3245 0.9095 0.2598
vn 0.3990 0.8942 0.2031
vn 0.4508 0.8815 0.1404
vn 0.4816 0.8732 0.0749
vn 0.4931 0.8699 0.0082
vn 0.4859 0.8721 -0.0585
vn 0.4596 0.8794 -0.1244
vn 0.4128 0.8912 -0.1880
vn 0.3438 0.9061 -0.2464
vn 0.2890 0.9261 -0.2425
vn 0.1160 0.9549 -0.2733
vn 0.0161 0.9801 -0.1977
vn -0.0588 0.9791 -0.1946
vn -0.1298 0.9749 -0.1807
vn -0.1926 0.9686 -0.1574
vn -0.2441 0.9615 -0.1266
vn -0.2823 0.9550 -0.0904
vn -0.3067 0.9505 -0.0506
vn -0.3168 0.9484 -0.0091
vn -0.3127 0.9493 0.0328
vn -0.2944 0.9529 0.0735
vn -0.2620 0.9586 0.1114
vn -0.2161 0.9656 0.1448
vn -0.1579 0.9724 0.1717
vn -0.0899 0.9777 0.1898
vn -0.0161 0.9801 0.1977
vn 0.0588 0.9791 0.1946
vn 0.1298 0.9749 0.1807
vn 0.1926 0.9686 0.1574
vn 0.2441 0.9615 0.1266
vn 0.2823 0.9550 0.0904
vn 0.3067 0.9505 0.0506
vn 0.3168 0.9484 0.0091
vn 0.3127 0.9493 -0.0328
vn 0.2944 0.9529 -0.0735
vn 0.2620 0.9586 -0.1114
vn 0.2161 0.9656 -0.1448
vn 0.1579 0.9724 -0.1717
vn 0.0899 0.9777 -0.1898
vn 0.0165 0.9962 -0.0855
vn -0.0165 0.9962 -0.0855
vn -0.0487 0.9955 -0.0811
vn -0.0783 0.9943 -0.0727
vn -0.1039 0.9927 -0.0606
vn -0.1242 0.9912 -0.0455
vn -0.1383 0.9900 -0.0282
vn -0.1455 0.9893 -0.0096
vn -0.1455 0.9893 0.0096
vn -0.1383 0.9900 0.0282
vn -0.1242 0.9912 0.0455
vn -0.1039 0.9927 0.0606
vn -0.0783 0.9943 0.0727
vn -0.0487 0.9955 0.0811
vn -0.0165 0.9962 0.0855
vn 0.0165 0.9962 0.0855
vn 0.0487 0.9955 0.0811
vn 0.0783 0.9943 0.0727
vn 0.1039 0.9927 0.0606
vn 0.1242 0.9912 0.0455
vn 0.1383 0.9900 0.0282
vn 0.1455 0.9893 0.0096
vn 0.1455 0.9893 -0.0096
vn 0.1383 0.9900 -0.0282
vn 0.1242 0.9912 -0.0455
vn 0.1039 0.9927 -0.0606
vn 0.0783 0.9943 -0.0727
vn 0.0487 0.9955 -0.0811
vn 0.7449 0.3623 0.5603
vn 0.8810 -0.2143 0.4218
vn 0.8971 -0.4310 0.0976
vn 0.8610 -0.3806 -0.3374
vn 0.6574 0.1636 -0.7356
vn 0.4127 0.6994 -0.5835
vn 0.3540 0.9001 -0.2540
vn 0.4544 0.8739 0.1729
vn -0.2945 0.4526 0.8417
vn 0.1860 -0.5159 0.8362
vn 0.4035 -0.8266 0.3923
vn 0.3317 -0.9400 -0.0793
vn -0.1033 -0.6018 -0.7920
vn -0.3797 0.4433 -0.8120
vn -0.3266 0.8555 -0.4019
vn -0.3505 0.9330 0.0817
vn 0.9300 0.3487 -0.1162
vn -0.9300 -0.3487 0.1162
vn -0.6574 0.5722 0.4903
vn -0.4127 0.9096 0.0472
vn -0.3540 0.8725 -0.3369
vn -0.4544 0.5953 -0.6627
vn -0.7449 -0.0463 -0.6656
vn -0.8810 -0.4245 -0.2089
vn -0.8971 -0.4033 0.1805
vn -0.8610 -0.1021 0.4983
vn 0.1033 -0.0062 0.9946
vn 0.3797 0.8418 0.3836
vn 0.3266 0.9255 -0.1918
vn 0.3505 0.6974 -0.6251
vn 0.2945 -0.1430 -0.9449
vn -0.1860 -0.9145 -0.3594
vn -0.4035 -0.8967 0.1822
vn -0.3317 -0.7044 0.6275
vn -0.9300 0.3487 -0.1162
vn 0.9300 -0.3487 0.1162
vn -0.0081 -0.9977 -0.0671
vn -0.0240 -0.9976 -0.0642
vn -0.0389 -0.9975 -0.0584
vn -0.0520 -0.9974 -0.0501
vn -0.0629 -0.9972 -0.0397
vn -0.0710 -0.9971 -0.0274
vn -0.0760 -0.9970 -0.0140
vn -0.0777 -0.9970 -0.0000
vn -0.0679 -0.9976 0.0125
vn -0.0576 -0.9981 0.0222
vn -0.0470 -0.9985 0.0297
vn -0.0365 -0.9987 0.0352
vn -0.0260 -0.9989 0.0390
vn -0.0155 -0.9990 0.0415
vn -0.0052 -0.9991 0.0427
vn 0.0052 -0.9991 0.0427
vn 0.0155 -0.9990 0.0415
vn 0.0260 -0.9989 0.0390
vn 0.0365 -0.9987 0.0352
vn 0.0470 -0.9985 0.0297
vn 0.0576 -0.9981 0.0222
vn 0.0679 -0.9976 0.0125
vn 0.0777 -0.9970 0.0000
vn 0.0760 -0.9970 -0.0140
vn 0.0710 -0.9971 -0.0274
vn 0.0629 -0.9972 -0.0397
vn 0.0520 -0.9974 -0.0501
vn 0.0389 -0.9975 -0.0584
vn 0.0240 -0.9976 -0.0642
vn 0.0081 -0.9977 -0.0671
vn -0.0080 -0.9877 -0.1559
vn -0.0452 -0.9875 -0.1510
vn -0.0803 -0.9870 -0.1394
vn -0.1119 -0.9862 -0.1218
vn -0.1385 -0.9854 -0.0989
vn -0.1590 -0.9847 -0.0717
vn -0.1726 -0.9841 -0.0414
vn -0.1794 -0.9838 -0.0039
vn -0.1647 -0.9863 0.0120
vn -0.1585 -0.9860 0.0516
vn -0.1381 -0.9875 0.0765
vn -0.1135 -0.9888 0.0970
vn -0.0858 -0.9899 0.1128
vn -0.0560 -0.9907 0.1238
vn -0.0249 -0.9912 0.1299
vn 0.0068 -0.9914 0.1311
vn 0.0381 -0.9911 0.1274
vn 0.0685 -0.9905 0.1189
vn 0.0971 -0.9897 0.1057
vn 0.1230 -0.9885 0.0878
vn 0.1454 -0.9872 0.0655
vn 0.1632 -0.9858 0.0391
vn 0.1780 -0.9840 0.0039
vn 0.1664 -0.9860 -0.0121
vn 0.1677 -0.9843 -0.0546
vn 0.1511 -0.9850 -0.0837
vn 0.1278 -0.9858 -0.1093
vn 0.0989 -0.9866 -0.1300
vn 0.0657 -0.9872 -0.1451
vn 0.0295 -0.9876 -0.1539
vn -0.0078 -0.9614 -0.2750
vn -0.0735 -0.9608 -0.2674
vn -0.1357 -0.9592 -0.2479
vn -0.1917 -0.9571 -0.2175
vn -0.2390 -0.9546 -0.1777
vn -0.2757 -0.9524 -0.1304
vn -0.3004 -0.9507 -0.0776
vn -0.3181 -0.9480 -0.0128
vn -0.2977 -0.9544 0.0208
vn -0.2957 -0.9510 0.0905
vn -0.2681 -0.9529 0.1421
vn -0.2287 -0.9552 0.1878
vn -0.1792 -0.9576 0.2256
vn -0.1215 -0.9597 0.2535
vn -0.0582 -0.9610 0.2703
vn 0.0078 -0.9614 0.2750
vn 0.0735 -0.9608 0.2674
vn 0.1357 -0.9592 0.2479
vn 0.1917 -0.9571 0.2175
vn 0.2390 -0.9546 0.1777
vn 0.2757 -0.9524 0.1304
vn 0.3004 -0.9507 0.0776
vn 0.3181 -0.9480 0.0128
vn 0.2977 -0.9544 -0.0208
vn 0.2957 -0.9510 -0.0905
vn 0.2681 -0.9529 -0.1421
vn 0.2287 -0.9552 -0.1878
vn 0.1792 -0.9576 -0.2256
vn 0.1215 -0.9597 -0.2535
vn 0.0582 -0.9610 -0.2703
vn -0.0075 -0.9184 -0.3956
vn -0.1019 -0.9172 -0.3851
vn -0.1913 -0.9143 -0.3571
vn -0.2714 -0.9100 -0.3133
vn -0.3388 -0.9053 -0.2561
vn -0.3908 -0.9009 -0.1885
vn -0.4259 -0.8976 -0.1134
vn -0.4488 -0.8933 -0.0232
vn -0.4341 -0.9003 0.0318
vn -0.4216 -0.8981 0.1256
vn -0.3838 -0.9016 0.1997
vn -0.3292 -0.9061 0.2659
vn -0.2596 -0.9108 0.3211
vn -0.1778 -0.9148 0.3626
vn -0.0874 -0.9176 0.3879
vn 0.0075 -0.9184 0.3956
vn 0.1019 -0.9172 0.3851
vn 0.1913 -0.9143 0.3571
vn 0.2714 -0.9100 0.3133
vn 0.3388 -0.9053 0.2561
vn 0.3908 -0.9009 0.1885
vn 0.4259 -0.8976 0.1134
vn 0.4488 -0.8933 0.0232
vn 0.4341 -0.9003 -0.0318
vn 0.4216 -0.8981 -0.1256
vn 0.3838 -0.9016 -0.1997
vn 0.3292 -0.9061 -0.2659
vn 0.2596 -0.9108 -0.3211
vn 0.1778 -0.9148 -0.3626
vn 0.0874 -0.9176 -0.3879
vn -0.0070 -0.8605 -0.5095
vn -0.1286 -0.8587 -0.4961
vn -0.2434 -0.8542 -0.4595
vn -0.3455 -0.8477 -0.4025
vn -0.4307 -0.8405 -0.3286
vn -0.4961 -0.8339 -0.2418
vn -0.5399 -0.8290 -0.1461
vn -0.5664 -0.8234 -0.0334
vn -0.5555 -0.8304 0.0420
vn -0.5360 -0.8294 0.1573
vn -0.4897 -0.8346 0.2522
vn -0.4219 -0.8414 0.3377
vn -0.3346 -0.8485 0.4100
vn -0.2308 -0.8548 0.4648
vn -0.1150 -0.8591 0.4988
vn 0.0070 -0.8605 0.5095
vn 0.1286 -0.8587 0.4961
vn 0.2434 -0.8542 0.4595
vn 0.3455 -0.8477 0.4025
vn 0.4307 -0.8405 0.3286
vn 0.4961 -0.8339 0.2418
vn 0.5399 -0.8290 0.1461
vn 0.5664 -0.8234 0.0334
vn 0.5555 -0.8304 -0.0420
vn 0.5360 -0.8294 -0.1573
vn 0.4897 -0.8346 -0.2522
vn 0.4219 -0.8414 -0.3377
vn 0.3346 -0.8485 -0.4100
vn 0.2308 -0.8548 -0.4648
vn 0.1150 -0.8591 -0.4988
vn -0.0064 -0.7895 -0.6137
vn -0.1529 -0.7872 -0.5974
vn -0.2904 -0.7813 -0.5525
vn -0.4119 -0.7728 -0.4828
vn -0.5123 -0.7635 -0.3931
vn -0.5887 -0.7550 -0.2888
vn -0.6395 -0.7486 -0.1748
vn -0.6687 -0.7423 -0.0428
vn -0.6606 -0.7490 0.0510
vn -0.6361 -0.7491 0.1850
vn -0.5830 -0.7557 0.2983
vn -0.5045 -0.7643 0.4016
vn -0.4021 -0.7736 0.4897
vn -0.2790 -0.7819 0.5575
vn -0.1404 -0.7876 0.6000
vn 0.0064 -0.7895 0.6137
vn 0.1529 -0.7872 0.5974
vn 0.2904 -0.7813 0.5525
vn 0.4119 -0.7728 0.4828
vn 0.5123 -0.7635 0.3931
vn 0.5887 -0.7550 0.2888
vn 0.6395 -0.7486 0.1748
vn 0.6687 -0.7423 0.0428
vn 0.6606 -0.7490 -0.0510
vn 0.6361 -0.7491 -0.1850
vn 0.5830 -0.7557 -0.2983
vn 0.5045 -0.7643 -0.4016
vn 0.4021 -0.7736 -0.4897
vn 0.2790 -0.7819 -0.5575
vn 0.1404 -0.7876 -0.6000
vn -0.0058 -0.7076 -0.7066
vn -0.1742 -0.7050 -0.6875
vn -0.3318 -0.6980 -0.6346
vn -0.4698 -0.6881 -0.5530
vn -0.5828 -0.6773 -0.4490
vn -0.6678 -0.6676 -0.3292
vn -0.7241 -0.6603 -0.1993
vn -0.7552 -0.6535 -0.0510
vn -0.7491 -0.6599 0.0585
vn -0.7212 -0.6607 0.2083
vn -0.6630 -0.6682 0.3377
vn -0.5760 -0.6781 0.4566
vn -0.4612 -0.6888 0.5593
vn -0.3217 -0.6985 0.6392
vn -0.1631 -0.7053 0.6899
vn 0.0058 -0.7076 0.7066
vn 0.1742 -0.7050 0.6875
vn 0.3318 -0.6980 0.6346
vn 0.4698 -0.6881 0.5530
vn 0.5828 -0.6773 0.4490
vn 0.6678 -0.6676 0.3292
vn 0.7241 -0.6603 0.1993
vn 0.7552 -0.6535 0.0510
vn 0.7491 -0.6599 -0.0585
vn 0.7212 -0.6607 -0.2083
vn 0.6630 -0.6682 -0.3377
vn 0.5760 -0.6781 -0.4566
vn 0.4612 -0.6888 -0.5593
vn 0.3217 -0.6985 -0.6392
vn 0.1631 -0.7053 -0.6899
vn -0.0050 -0.6169 -0.7870
vn -0.1926 -0.6141 -0.7654
vn -0.3672 -0.6065 -0.7052
vn -0.5189 -0.5960 -0.6127
vn -0.6419 -0.5847 -0.4961
vn -0.7337 -0.5745 -0.3629
vn -0.7940 -0.5669 -0.2197
vn -0.8264 -0.5601 -0.0581
vn -0.8218 -0.5660 0.0647
vn -0.7915 -0.5672 0.2274
vn -0.7296 -0.5750 0.3703
vn -0.6362 -0.5853 0.5027
vn -0.5116 -0.5966 0.6183
vn -0.3584 -0.6070 0.7093
vn -0.1829 -0.6143 0.7676
vn 0.0050 -0.6169 0.7870
vn 0.1926 -0.6141 0.7654
vn 0.3672 -0.6065 0.7052
vn 0.5189 -0.5960 0.6127
vn 0.6419 -0.5847 0.4961
vn 0.7337 -0.5745 0.3629
vn 0.7940 -0.5669 0.2197
vn 0.8264 -0.5601 0.0581
vn 0.8218 -0.5660 -0.0647
vn 0.7915 -0.5672 -0.2274
vn 0.7296 -0.5750 -0.3703
vn 0.6362 -0.5853 -0.5027
vn 0.5116 -0.5966 -0.6183
vn 0.3584 -0.6070 -0.7093
vn 0.1829 -0.6143 -0.7676
vn 0.0311 -0.5700 -0.8210
vn -0.1657 -0.5682 -0.8061
vn -0.3509 -0.5614 -0.7495
vn -0.5134 -0.5513 -0.6577
vn -0.6462 -0.5399 -0.5394
vn -0.7908 -0.4863 -0.3717
vn -0.8501 -0.4706 -0.2362
vn -0.8835 -0.4641 -0.0640
vn -0.8801 -0.4696 0.0696
vn -0.8482 -0.4708 0.2427
vn -0.7836 -0.4782 0.3966
vn -0.6854 -0.4881 0.5403
vn -0.5532 -0.4992 0.6669
vn -0.3892 -0.5094 0.7675
vn -0.1996 -0.5166 0.8326
vn 0.0042 -0.5191 0.8547
vn 0.2078 -0.5164 0.8308
vn 0.3965 -0.5090 0.7640
vn 0.5593 -0.4987 0.6622
vn 0.6901 -0.4877 0.5347
vn 0.7869 -0.4778 0.3904
vn 0.8501 -0.4706 0.2362
vn 0.8835 -0.4641 0.0640
vn 0.8801 -0.4696 -0.0696
vn 0.8482 -0.4708 -0.2427
vn 0.7917 -0.5007 -0.3500
vn 0.6812 -0.5365 -0.4982
vn 0.5585 -0.5477 -0.6230
vn 0.4048 -0.5585 -0.7241
vn 0.2257 -0.5665 -0.7925
vn 0.0000 0.0000 0.0000
vn 0.0000 0.0000 0.0000
vn 0.0000 0.0000 0.0000
vn 0.0000 0.0000 0.0000
vn 0.0000 0.0000 0.0000
vn -0.8710 -0.3580 -0.3366
vn -0.8938 -0.3729 -0.2493
vn -0.9277 -0.3669 -0.0688
vn -0.9253 -0.3722 0.0732
vn -0.8923 -0.3730 0.2544
vn -0.8259 -0.3795 0.4170
vn -0.7243 -0.3882 0.5697
vn -0.5865 -0.3981 0.7054
vn -0.4140 -0.4072 0.8141
vn -0.2133 -0.4138 0.8850
vn 0.0034 -0.4161 0.9093
vn 0.2198 -0.4136 0.8835
vn 0.4198 -0.4070 0.8113
vn 0.5913 -0.3978 0.7016
vn 0.7280 -0.3879 0.5652
vn 0.8285 -0.3792 0.4121
vn 0.8938 -0.3729 0.2493
vn 0.9277 -0.3669 0.0688
vn 0.9253 -0.3722 -0.0732
vn 0.8923 -0.3730 -0.2544
vn 0.8586 -0.3907 -0.3318
vn 0.0000 0.0000 0.0000
vn 0.0000 0.0000 0.0000
vn 0.0000 0.0000 0.0000
vn 0.0000 0.0000 0.0000
vn 0.0000 0.0000 0.0000
vn 0.0000 0.0000 0.0000
vn 0.0000 0.0000 0.0000
vn 0.0000 0.0000 0.0000
vn 0.0000 0.0000 0.0000
vn -0.9009 -0.2593 -0.3481
vn -0.9260 -0.2745 -0.2591
vn -0.9603 -0.2694 -0.0725
vn -0.9586 -0.2744 0.0758
vn -0.9249 -0.2746 0.2629
vn -0.8574 -0.2797 0.4319
vn -0.7535 -0.2867 0.5916
vn -0.6117 -0.2946 0.7342
vn -0.4330 -0.3020 0.8493
vn -0.2239 -0.3073 0.9249
vn 0.0025 -0.3092 0.9510
vn 0.2288 -0.3072 0.9237
vn 0.4373 -0.3018 0.8472
vn 0.6152 -0.2944 0.7314
vn 0.7562 -0.2865 0.5882
vn 0.8593 -0.2796 0.4283
vn 0.9260 -0.2745 0.2591
vn 0.9603 -0.2694 0.0725
vn 0.9586 -0.2744 -0.0758
vn 0.9249 -0.2746 -0.2629
vn 0.8921 -0.2921 -0.3447
vn 0.0000 0.0000 0.0000
vn 0.0000 0.0000 0.0000
vn 0.0000 0.0000 0.0000
vn 0.0000 0.0000 0.0000
vn 0.0000 0.0000 0.0000
vn 0.0000 0.0000 0.0000
vn 0.0000 0.0000 0.0000
vn 0.0000 0.0000 0.0000
vn 0.0000 0.0000 0.0000
vn -0.9207 -0.1604 -0.3558
vn -0.9478 -0.1761 -0.2660
vn -0.9822 -0.1719 -0.0752
vn -0.9812 -0.1767 0.0773
vn -0.9471 -0.1762 0.2684
vn -0.8789 -0.1796 0.4419
vn -0.7736 -0.1843 0.6063
vn -0.6291 -0.1896 0.7538
vn -0.4463 -0.1947 0.8734
vn -0.2316 -0.1983 0.9524
vn 0.0016 -0.1996 0.9799
vn 0.2347 -0.1983 0.9516
vn 0.4491 -0.1946 0.8720
vn 0.6314 -0.1895 0.7520
vn 0.7753 -0.1842 0.6041
vn 0.8801 -0.1795 0.4395
vn 0.9478 -0.1761 0.2660
vn 0.9822 -0.1719 0.0752
vn 0.9812 -0.1767 -0.0773
vn 0.9471 -0.1762 -0.2684
vn 0.9152 -0.1933 -0.3537
vn 0.0000 0.0000 0.0000
vn 0.0000 0.0000 0.0000
vn 0.0000 0.0000 0.0000
vn 0.0000 0.0000 0.0000
vn 0.0000 0.0000 0.0000
vn 0.0000 0.0000 0.0000
vn 0.0000 0.0000 0.0000
vn 0.0000 0.0000 0.0000
vn 0.0000 0.0000 0.0000
vn -0.9310 -0.0617 -0.3598
vn -0.9597 -0.0777 -0.2701
vn -0.9942 -0.0746 -0.0770
vn -0.9938 -0.0793 0.0779
vn -0.9594 -0.0778 0.2711
vn -0.8910 -0.0793 0.4471
vn -0.7849 -0.0814 0.6142
vn -0.6391 -0.0839 0.7645
vn -0.4541 -0.0862 0.8868
vn -0.2363 -0.0878 0.9677
vn 0.0007 -0.0884 0.9961
vn 0.2376 -0.0878 0.9674
vn 0.4553 -0.0861 0.8861
vn 0.6401 -0.0838 0.7637
vn 0.7857 -0.0814 0.6132
vn 0.8915 -0.0793 0.4461
vn 0.9597 -0.0777 0.2701
vn 0.9942 -0.0746 0.0770
vn 0.9938 -0.0793 -0.0779
vn 0.9594 -0.0778 -0.2711
vn 0.9286 -0.0945 -0.3588
vn 0.0000 0.0000 0.0000
vn 0.0000 0.0000 0.0000
vn 0.0000 0.0000 0.0000
vn 0.0000 0.0000 0.0000
vn 0.0000 0.0000 0.0000
vn 0.0000 0.0000 0.0000
vn 0.0000 0.0000 0.0000
vn 0.0000 0.0000 0.0000
vn 0.0000 0.0000 0.0000
vn -0.9324 -0.0288 -0.3603
vn -0.9532 -0.0287 -0.3011
vn -0.9937 -0.0284 -0.1088
vn -0.9984 -0.0283 0.0494
vn -0.9700 -0.0286 0.2414
vn -0.8848 0.0615 0.4619
vn -0.7877 0.0711 0.6120
vn -0.6431 0.0526 0.7640
vn -0.4581 0.0365 0.8881
vn -0.2391 0.0261 0.9706
vn -0.0002 0.0239 0.9997
vn 0.2386 0.0307 0.9706
vn 0.4575 0.0446 0.8881
vn 0.6422 0.0627 0.7640
vn 0.7865 0.0813 0.6122
vn 0.8707 0.0302 0.4908
vn 0.9532 -0.0287 0.3011
vn 0.9937 -0.0284 0.1088
vn 0.9984 -0.0283 -0.0494
vn 0.9700 -0.0286 -0.2414
vn 0.9324 -0.0288 -0.3603
vn 0.0000 0.0000 0.0000
vn 0.0000 0.0000 0.0000
vn 0.0000 0.0000 0.0000
vn 0.0000 0.0000 0.0000
vn 0.0000 0.0000 0.0000
vn 0.0000 0.0000 0.0000
vn 0.0000 0.0000 0.0000
vn 0.0000 0.0000 0.0000
vn 0.0000 0.0000 0.0000
vn 0.0000 0.0000 0.0000
vn 0.0000 0.0000 0.0000
vn 0.0000 0.0000 0.0000
vn 0.0000 0.0000 0.0000
vn 0.0000 0.0000 0.0000
vn -0.8172 0.2989 0.4928
vn -0.7727 0.2514 0.5829
vn -0.6403 0.2110 0.7386
vn -0.4621 0.1730 0.8698
vn -0.2437 0.1457 0.9589
vn -0.0011 0.1364 0.9907
vn 0.2413 0.1477 0.9591
vn 0.4596 0.1766 0.8704
vn 0.6375 0.2154 0.7398
vn 0.7699 0.2556 0.5847
vn 0.8233 0.2510 0.5091
vn 0.0000 0.0000 0.0000
vn 0.0000 0.0000 0.0000
vn 0.0000 0.0000 0.0000
vn 0.0000 0.0000 0.0000
vn 0.0000 0.0000 0.0000
vn 0.0000 0.0000 0.0000
vn 0.0000 0.0000 0.0000
vn 0.0000 0.0000 0.0000
vn 0.0000 0.0000 0.0000
vn 0.0000 0.0000 0.0000
vn 0.0000 0.0000 0.0000
vn 0.0000 0.0000 0.0000
vn 0.0000 0.0000 0.0000
vn 0.0000 0.0000 0.0000
vn 0.0000 0.0000 0.0000
vn 0.0000 0.0000 0.0000
vn 0.0000 0.0000 0.0000
vn 0.0000 0.0000 0.0000
vn 0.0000 0.0000 0.0000
vn -0.7928 0.4048 0.4557
vn -0.7541 0.3693 0.5431
vn -0.6348 0.3285 0.6993
vn -0.4657 0.2885 0.8366
vn -0.2489 0.2585 0.9334
vn -0.0022 0.2473 0.9689
vn 0.2447 0.2583 0.9346
vn 0.4617 0.2882 0.8389
vn 0.6314 0.3281 0.7026
vn 0.7513 0.3689 0.5472
vn 0.7967 0.3761 0.4731
vn 0.0000 0.0000 0.0000
vn 0.0000 0.0000 0.0000
vn 0.0000 0.0000 0.0000
vn 0.0000 0.0000 0.0000
vn 0.0000 0.0000 0.0000
vn 0.0000 0.0000 0.0000
vn 0.0000 0.0000 0.0000
vn 0.0000 0.0000 0.0000
vn 0.0000 0.0000 0.0000
vn 0.0000 0.0000 0.0000
vn 0.0000 0.0000 0.0000
vn 0.0000 0.0000 0.0000
vn 0.0000 0.0000 0.0000
vn 0.0000 0.0000 0.0000
vn 0.0000 0.0000 0.0000
vn 0.0000 0.0000 0.0000
vn 0.0000 0.0000 0.0000
vn 0.0000 0.0000 0.0000
vn 0.0000 0.0000 0.0000
vn -0.7847 0.4413 0.4353
vn -0.7308 0.4425 0.5197
vn -0.6277 0.4192 0.6560
vn -0.4665 0.3883 0.7947
vn -0.2525 0.3648 0.8962
vn -0.0033 0.3557 0.9346
vn 0.2463 0.3641 0.8982
vn 0.4612 0.3871 0.7984
vn 0.6235 0.4179 0.6608
vn 0.7162 0.4233 0.5549
vn 0.7849 0.4288 0.4472
vn 0.0000 0.0000 0.0000
vn 0.0000 0.0000 0.0000
vn 0.0000 0.0000 0.0000
vn 0.0000 0.0000 0.0000
vn 0.0000 0.0000 0.0000
vn 0.0000 0.0000 0.0000
vn 0.0000 0.0000 0.0000
vn 0.0000 0.0000 0.0000
vn 0.0000 0.0000 0.0000
vn 0.0000 0.0000 0.0000
vn 0.0000 0.0000 0.0000
vn 0.0000 0.0000 0.0000
vn 0.0000 0.0000 0.0000
vn 0.0000 0.0000 0.0000
vn 0.0000 0.0000 0.0000
vn 0.0000 0.0000 0.0000
vn 0.0000 0.0000 0.0000
vn 0.0000 0.0000 0.0000
vn 0.0000 0.0000 0.0000
vn 0.0000 0.0000 0.0000
vn -0.6818 0.4851 0.5475
vn -0.6065 0.4917 0.6248
vn -0.4627 0.4802 0.7452
vn -0.2532 0.4663 0.8476
vn -0.0045 0.4609 0.8874
vn 0.2449 0.4655 0.8505
vn 0.4560 0.4788 0.7502
vn 0.5835 0.4734 0.6599
vn 0.6795 0.4723 0.5614
vn 0.0000 0.0000 0.0000
vn 0.0000 0.0000 0.0000
vn 0.0000 0.0000 0.0000
vn 0.0000 0.0000 0.0000
vn 0.0000 0.0000 0.0000
vn 0.0000 0.0000 0.0000
vn 0.0000 0.0000 0.0000
vn 0.0000 0.0000 0.0000
vn 0.0000 0.0000 0.0000
vn 0.0000 0.0000 0.0000
vn 0.0000 0.0000 0.0000
vn 0.0000 0.0000 0.0000
vn 0.0000 0.0000 0.0000
vn 0.0000 0.0000 0.0000
vn 0.0000 0.0000 0.0000
vn 0.0000 0.0000 0.0000
vn 0.0000 0.0000 0.0000
vn 0.0000 0.0000 0.0000
vn 0.0000 0.0000 0.0000
vn 0.0000 0.0000 0.0000
vn 0.0000 0.0000 0.0000
vn 0.0000 0.0000 0.0000
vn -0.5438 0.5380 0.6441
vn -0.4880 0.5292 0.6941
vn -0.2899 0.5192 0.8040
vn -0.0454 0.5137 0.8568
vn 0.2078 0.5138 0.8324
vn 0.4261 0.5198 0.7405
vn 0.5385 0.5278 0.6569
vn 0.0000 0.0000 0.0000
vn 0.0000 0.0000 0.0000
vn 0.0000 0.0000 0.0000
vn 0.0000 0.0000 0.0000
vn 0.0000 0.0000 0.0000
vn 0.0000 0.0000 0.0000
vn 0.0000 0.0000 0.0000
vn 0.0000 0.0000 0.0000
vn 0.0000 0.0000 0.0000
vn 0.0000 0.0000 0.0000
vn 0.0000 0.0000 0.0000
vn 0.0000 0.0000 0.0000
vn 0.0000 0.0000 0.0000
vn 0.0000 0.0000 0.0000
vn 0.0000 0.0000 0.0000
vn 0.0000 0.0000 0.0000
vn 0.0000 0.0000 0.0000
vn 0.0000 0.0000 0.0000
vn 0.0000 0.0000 0.0000
vn 0.0000 0.0000 0.0000
vn 0.0000 0.0000 0.0000
vn 0.0000 0.0000 0.0000
vn 0.0000 0.0000 0.0000
vn 0.0000 0.0000 0.0000
vn 0.0000 0.0000 0.0000
vn 0.0000 0.0000 0.0000
vn 0.0000 0.0000 0.0000
vn 0.0000 0.0000 0.0000
vn 0.0000 0.0000 0.0000
vn 0.0000 0.0000 0.0000
vn 0.0000 0.0000 0.0000
vn 0.0000 0.0000 0.0000
vn 0.0000 0.0000 0.0000
vn 0.0000 0.0000 0.0000
vn 0.0000 0.0000 0.0000
vn 0.0000 0.0000 0.0000
vn 0.0000 0.0000 0.0000
vn 0.0000 0.0000 0.0000
vn 0.0000 0.0000 0.0000
vn 0.0000 0.0000 0.0000
vn 0.0000 0.0000 0.0000
vn 0.0000 0.0000 0.0000
vn 0.0000 0.0000 0.0000
vn 0.0000 0.0000 0.0000
vn 0.0000 0.0000 0.0000
vn 0.0000 0.0000 0.0000
vn 0.0000 0.0000 0.0000
vn 0.0000 0.0000 0.0000
vn 0.0000 0.0000 0.0000
vn 0.0000 0.0000 0.0000
vn 0.0000 0.0000 0.0000
vn 0.0000 0.0000 0.0000
vn 0.0000 0.0000 0.0000
vn 0.0000 0.0000 0.0000
vn 0.0000 0.0000 0.0000
vn 0.0000 0.0000 0.0000
vn 0.0000 0.0000 0.0000
vn 0.0000 0.0000 0.0000
vn 0.0000 0.0000 0.0000
vn 0.0000 0.0000 0.0000
vn 0.0000 0.0000 0.0000
vn 0.0000 0.0000 0.0000
vn 0.0000 0.0000 0.0000
vn 0.0000 0.0000 0.0000
vn 0.0000 0.0000 0.0000
vn 0.0000 0.0000 0.0000
vn 0.0000 0.0000 0.0000
vn 0.0000 0.0000 0.0000
vn 0.0000 0.0000 0.0000
vn 0.0000 0.0000 0.0000
vn 0.0000 0.0000 0.0000
vn 0.0000 0.0000 0.0000
vn 0.0000 0.0000 0.0000
vn 0.0000 0.0000 0.0000
vn 0.0000 0.0000 0.0000
vn 0.0000 0.0000 0.0000
vn 0.0000 0.0000 0.0000
vn 0.0000 0.0000 0.0000
vn 0.0000 0.0000 0.0000
vn 0.0000 0.0000 0.0000
vn 0.0000 0.0000 0.0000
vn 0.0000 0.0000 0.0000
vn 0.0000 0.0000 0.0000
vn 0.0000 0.0000 0.0000
vn 0.0000 0.0000 0.0000
vn 0.0000 0.0000 0.0000
vn 0.0000 0.0000 0.0000
vn 0.0000 0.0000 0.0000
vn 0.0000 0.0000 0.0000
vn 0.0000 0.0000 0.0000
vn 0.0000 0.0000 0.0000
vn 0.0000 0.0000 0.0000
vn 0.0000 0.0000 0.0000
vn 0.0000 0.0000 0.0000
vn 0.0000 0.0000 0.0000
vn 0.0000 0.0000 0.0000
vn 0.0000 0.0000 0.0000
vn 0.0000 0.0000 0.0000
vn 0.0000 0.0000 0.0000
vn 0.0000 0.0000 0.0000
vn 0.0000 0.0000 0.0000
vn 0.0000 0.0000 0.0000
vn 0.0000 0.0000 0.0000
vn 0.0000 0.0000 0.0000
vn 0.0000 0.0000 0.0000
vn 0.0000 0.0000 0.0000
vn 0.0000 0.0000 0.0000
vn 0.0000 0.0000 0.0000
vn 0.0000 0.0000 0.0000
vn 0.0000 0.0000 0.0000
vn 0.0000 0.0000 0.0000
vn 0.0000 0.0000 0.0000
vn 0.0000 0.0000 0.0000
vn 0.0000 0.0000 0.0000
vn 0.0000 0.0000 0.0000
vn 0.0000 0.0000 0.0000
vn 0.0000 0.0000 0.0000
vn 0.0000 0.0000 0.0000
vn 0.0000 0.0000 0.0000
vn 0.0000 0.0000 0.0000
vn 0.0000 0.0000 0.0000
vn 0.0000 0.0000 0.0000
vn 0.0000 0.0000 0.0000
vn 0.0000 0.0000 0.0000
vn 0.0000 0.0000 0.0000
vn 0.0000 0.0000 0.0000
vn 0.0000 0.0000 0.0000
vn 0.0000 0.0000 0.0000
vn 0.0000 0.0000 0.0000
vn 0.0000 0.0000 0.0000
vn 0.0000 0.0000 0.0000
f 1//1 2//2 14//14
f 1//1 14//14 13//13
f 2//2 3//3 15//15
f 2//2 15//15 14//14
f 3//3 4//4 16//16
f 3//3 16//16 15//15
f 4//4 5//5 17//17
f 4//4 17//17 16//16
f 5//5 6//6 18//18
f 5//5 18//18 17//17
f 6//6 7//7 19//19
f 6//6 19//19 18//18
f 7//7 8//8 20//20
f 7//7 20//20 19//19
f 8//8 9//9 21//21
f 8//8 21//21 20//20
f 9//9 10//10 22//22
f 9//9 22//22 21//21
f 10//10 11//11 23//23
f 10//10 23//23 22//22
f 11//11 12//12 24//24
f 11//11 24//24 23//23
f 12//12 1//1 13//13
f 12//12 13//13 24//24
f 13//13 14//14 26//26
f 13//13 26//26 25//25
f 14//14 15//15 27//27
f 14//14 27//27 26//26
f 15//15 16//16 28//28
f 15//15 28//28 27//27
f 16//16 17//17 29//29
f 16//16 29//29 28//28
f 17//17 18//18 30//30
f 17//17 30//30 29//29
f 18//18 19//19 31//31
f 18//18 31//31 30//30
f 19//19 20//20 32//32
f 19//19 32//32 31//31
f 20//20 21//21 33//33
f 20//20 33//33 32//32
f 21//21 22//22 34//34
f 21//21 34//34 33//33
f 22//22 23//23 35//35
f 22//22 35//35 34//34
f 23//23 24//24 36//36
f 23//23 36//36 35//35
f 24//24 13//13 25//25
f 24//24 25//25 36//36
f 25//25 26//26 38//38
f 25//25 38//38 37//37
f 26//26 27//27 39//39
f 26//26 39//39 38//38
f 27//27 28//28 40//40
f 27//27 40//40 39//39
f 28//28 29//29 41//41
f 28//28 41//41 40//40
f 29//29 30//30 42//42
f 29//29 42//42 41//41
f 30//30 31//31 43//43
f 30//30 43//43 42//42
f 31//31 32//32 44//44
f 31//31 44//44 43//43
f 32//32 33//33 45//45
f 32//32 45//45 44//44
f 33//33 34//34 46//46
f 33//33 46//46 45//45
f 34//34 35//35 47//47
f 34//34 47//47 46//46
f 35//35 36//36 48//48
f 35//35 48//48 47//47
f 36//36 25//25 37//37
f 36//36 37//37 48//48
f 37//37 38//38 50//50
f 37//37 50//50 49//49
f 38//38 39//39 51//51
f 38//38 51//51 50//50
f 39//39 40//40 52//52
f 39//39 52//52 51//51
f 40//40 41//41 53//53
f 40//40 53//53 52//52
f 41//41 42//42 54//54
f 41//41 54//54 53//53
f 42//42 43//43 55//55
f 42//42 55//55 54//54
f 43//43 44//44 56//56
f 43//43 56//56 55//55
f 44//44 45//45 57//57
f 44//44 57//57 56//56
f 45//45 46//46 58//58
f 45//45 58//58 57//57
f 46//46 47//47 59//59
f 46//46 59//59 58//58
f 47//47 48//48 60//60
f 47//47 60//60 59//59
f 48//48 37//37 49//49
f 48//48 49//49 60//60
f 49//49 50//50 62//62
f 49//49 62//62 61//61
f 50//50 51//51 63//63
f 50//50 63//63 62//62
f 51//51 52//52 64//64
f 51//51 64//64 63//63
f 52//52 53//53 65//65
f 52//52 65//65 64//64
f 53//53 54//54 66//66
f 53//53 66//66 65//65
f 54//54 55//55 67//67
f 54//54 67//67 66//66
f 55//55 56//56 68//68
f 55//55 68//68 67//67
f 56//56 57//57 69//69
f 56//56 69//69 68//68
f 57//57 58//58 70//70
f 57//57 70//70 69//69
f 58//58 59//59 71//71
f 58//58 71//71 70//70
f 59//59 60//60 72//72
f 59//59 72//72 71//71
f 60//60 49//49 61//61
f 60//60 61//61 72//72
f 61//61 62//62 74//74
f 61//61 74//74 73//73
f 62//62 63//63 75//75
f 62//62 75//75 74//74
f 63//63 64//64 76//76
f 63//63 76//76 75//75
f 64//64 65//65 77//77
f 64//64 77//77 76//76
f 65//65 66//66 78//78
f 65//65 78//78 77//77
f 66//66 67//67 79//79
f 66//66 79//79 78//78
f 67//67 68//68 80//80
f 67//67 80//80 79//79
f 68//68 69//69 81//81
f 68//68 81//81 80//80
f 69//69 70//70 82//82
f 69//69 82//82 81//81
f 70//70 71//71 83//83
f 70//70 83//83 82//82
f 71//71 72//72 84//84
f 71//71 84//84 83//83
f 72//72 61//61 73//73
f 72//72 73//73 84//84
f 73//73 74//74 86//86
f 73//73 86//86 85//85
f 74//74 75//75 87//87
f 74//74 87//87 86//86
f 75//75 76//76 88//88
f 75//75 88//88 87//87
f 76//76 77//77 89//89
f 76//76 89//89 88//88
f 77//77 78//78 90//90
f 77//77 90//90 89//89
f 78//78 79//79 91//91
f 78//78 91//91 90//90
f 79//79 80//80 92//92
f 79//79 92//92 91//91
f 80//80 81//81 93//93
f 80//80 93//93 92//92
f 81//81 82//82 94//94
f 81//81 94//94 93//93
f 82//82 83//83 95//95
f 82//82 95//95 94//94
f 83//83 84//84 96//96
f 83//83 96//96 95//95
f 84//84 73//73 85//85
f 84//84 85//85 96//96
f 85//85 86//86 98//98
f 85//85 98//98 97//97
f 86//86 87//87 99//99
f 86//86 99//99 98//98
f 87//87 88//88 100//100
f 87//87 100//100 99//99
f 88//88 89//89 101//101
f 88//88 101//101 100//100
f 89//89 90//90 102//102
f 89//89 102//102 101//101
f 90//90 91//91 103//103
f 90//90 103//103 102//102
f 91//91 92//92 104//104
f 91//91 104//104 103//103
f 92//92 93//93 105//105
f 92//92 105//105 104//104
f 93//93 94//94 106//106
f 93//93 106//106 105//105
f 94//94 95//95 107//107
f 94//94 107//107 106//106
f 95//95 96//96 108//108
f 95//95 108//108 107//107
f 96//96 85//85 97//97
f 96//96 97//97 108//108
f 109//109 1//1 2//2
f 109//109 2//2 3//3
f 109//109 3//3 4//4
f 109//109 4//4 5//5
f 109//109 5//5 6//6
f 109//109 6//6 7//7
f 109//109 7//7 8//8
f 109//109 8//8 9//9
f 109//109 9//9 10//10
f 109//109 10//10 11//11
f 109//109 11//11 12//12
f 109//109 12//12 1//1
f 110//110 98//98 97//97
f 110//110 99//99 98//98
f 110//110 100//100 99//99
f 110//110 101//101 100//100
f 110//110 102//102 101//101
f 110//110 103//103 102//102
f 110//110 104//104 103//103
f 110//110 105//105 104//104
f 110//110 106//106 105//105
f 110//110 107//107 106//106
f 110//110 108//108 107//107
f 110//110 97//97 108//108
f 111//111 112//112 124//124
f 111//111 124//124 123//123
f 112//112 113//113 125//125
f 112//112 125//125 124//124
f 113//113 114//114 126//126
f 113//113 126//126 125//125
f 114//114 115//115 127//127
f 114//114 127//127 126//126
f 115//115 116//116 128//128
f 115//115 128//128 127//127
f 116//116 117//117 129//129
f 116//116 129//129 128//128
f 117//117 118//118 130//130
f 117//117 130//130 129//129
f 118//118 119//119 131//131
f 118//118 131//131 130//130
f 119//119 120//120 132//132
f 119//119 132//132 131//131
f 120//120 121//121 133//133
f 120//120 133//133 132//132
f 121//121 122//122 134//134
f 121//121 134//134 133//133
f 122//122 111//111 123//123
f 122//122 123//123 134//134
f 123//123 124//124 136//136
f 123//123 136//136 135//135
f 124//124 125//125 137//137
f 124//124 137//137 136//136
f 125//125 126//126 138//138
f 125//125 138//138 137//137
f 126//126 127//127 139//139
f 126//126 139//139 138//138
f 127//127 128//128 140//140
f 127//127 140//140 139//139
f 128//128 129//129 141//141
f 128//128 141//141 140//140
f 129//129 130//130 142//142
f 129//129 142//142 141//141
f 130//130 131//131 143//143
f 130//130 143//143 142//142
f 131//131 132//132 144//144
f 131//131 144//144 143//143
f 132//132 133//133 145//145
f 132//132 145//145 144//144
f 133//133 134//134 146//146
f 133//133 146//146 145//145
f 134//134 123//123 135//135
f 134//134 135//135 146//146
f 135//135 136//136 148//148
f 135//135 148//148 147//147
f 136//136 137//137 149//149
f 136//136 149//149 148//148
f 137//137 138//138 150//150
f 137//137 150//150 149//149
f 138//138 139//139 151//151
f 138//138 151//151 150//150
f 139//139 140//140 152//152
f 139//139 152//152 151//151
f 140//140 141//141 153//153
f 140//140 153//153 152//152
f 141//141 142//142 154//154
f 141//141 154//154 153//153
f 142//142 143//143 155//155
f 142//142 155//155 154//154
f 143//143 144//144 156//156
f 143//143 156//156 155//155
f 144//144 145//145 157//157
f 144//144 157//157 156//156
f 145//145 146//146 158//158
f 145//145 158//158 157//157
f 146//146 135//135 147//147
f 146//146 147//147 158//158
f 147//147 148//148 160//160
f 147//147 160//160 159//159
f 148//148 149//149 161//161
f 148//148 161//161 160//160
f 149//149 150//150 162//162
f 149//149 162//162 161//161
f 150//150 151//151 163//163
f 150//150 163//163 162//162
f 151//151 152//152 164//164
f 151//151 164//164 163//163
f 152//152 153//153 165//165
f 152//152 165//165 164//164
f 153//153 154//154 166//166
f 153//153 166//166 165//165
f 154//154 155//155 167//167
f 154//154 167//167 166//166
f 155//155 156//156 168//168
f 155//155 168//168 167//167
f 156//156 157//157 169//169
f 156//156 169//169 168//168
f 157//157 158//158 170//170
f 157//157 170//170 169//169
f 158//158 147//147 159//159
f 158//158 159//159 170//170
f 171//171 160//160 159//159
f 171//171 161//161 160//160
f 171//171 162//162 161//161
f 171//171 163//163 162//162
f 171//171 164//164 163//163
f 171//171 165//165 164//164
f 171//171 166//166 165//165
f 171//171 167//167 166//166
f 171//171 168//168 167//167
f 171//171 169//169 168//168
f 171//171 170//170 169//169
f 171//171 159//159 170//170
f 172//172 173//173 185//185
f 172//172 185//185 184//184
f 173//173 174//174 186//186
f 173//173 186//186 185//185
f 174//174 175//175 187//187
f 174//174 187//187 186//186
f 175//175 176//176 188//188
f 175//175 188//188 187//187
f 176//176 177//177 189//189
f 176//176 189//189 188//188
f 177//177 178//178 190//190
f 177//177 190//190 189//189
f 178//178 179//179 191//191
f 178//178 191//191 190//190
f 179//179 180//180 192//192
f 179//179 192//192 191//191
f 180//180 181//181 193//193
f 180//180 193//193 192//192
f 181//181 182//182 194//194
f 181//181 194//194 193//193
f 182//182 183//183 195//195
f 182//182 195//195 194//194
f 183//183 172//172 184//184
f 183//183 184//184 195//195
f 184//184 185//185 197//197
f 184//184 197//197 196//196
f 185//185 186//186 198//198
f 185//185 198//198 197//197
f 186//186 187//187 199//199
f 186//186 199//199 198//198
f 187//187 188//188 200//200
f 187//187 200//200 199//199
f 188//188 189//189 201//201
f 188//188 201//201 200//200
f 189//189 190//190 202//202
f 189//189 202//202 201//201
f 190//190 191//191 203//203
f 190//190 203//203 202//202
f 191//191 192//192 204//204
f 191//191 204//204 203//203
f 192//192 193//193 205//205
f 192//192 205//205 204//204
f 193//193 194//194 206//206
f 193//193 206//206 205//205
f 194//194 195//195 207//207
f 194//194 207//207 206//206
f 195//195 184//184 196//196
f 195//195 196//196 207//207
f 196//196 197//197 209//209
f 196//196 209//209 208//208
f 197//197 198//198 210//210
f 197//197 210//210 209//209
f 198//198 199//199 211//211
f 198//198 211//211 210//210
f 199//199 200//200 212//212
f 199//199 212//212 211//211
f 200//200 201//201 213//213
f 200//200 213//213 212//212
f 201//201 202//202 214//214
f 201//201 214//214 213//213
f 202//202 203//203 215//215
f 202//202 215//215 214//214
f 203//203 204//204 216//216
f 203//203 216//216 215//215
f 204//204 205//205 217//217
f 204//204 217//217 216//216
f 205//205 206//206 218//218
f 205//205 218//218 217//217
f 206//206 207//207 219//219
f 206//206 219//219 218//218
f 207//207 196//196 208//208
f 207//207 208//208 219//219
f 208//208 209//209 221//221
f 208//208 221//221 220//220
f 209//209 210//210 222//222
f 209//209 222//222 221//221
f 210//210 211//211 223//223
f 210//210 223//223 222//222
f 211//211 212//212 224//224
f 211//211 224//224 223//223
f 212//212 213//213 225//225
f 212//212 225//225 224//224
f 213//213 214//214 226//226
f 213//213 226//226 225//225
f 214//214 215//215 227//227
f 214//214 227//227 226//226
f 215//215 216//216 228//228
f 215//215 228//228 227//227
f 216//216 217//217 229//229
f 216//216 229//229 228//228
f 217//217 218//218 230//230
f 217//217 230//230 229//229
f 218//218 219//219 231//231
f 218//218 231//231 230//230
f 219//219 208//208 220//220
f 219//219 220//220 231//231
f 232//232 172//172 173//173
f 232//232 173//173 174//174
f 232//232 174//174 175//175
f 232//232 175//175 176//176
f 232//232 176//176 177//177
f 232//232 177//177 178//178
f 232//232 178//178 179//179
f 232//232 179//179 180//180
f 232//232 180//180 181//181
f 232//232 181//181 182//182
f 232//232 182//182 183//183
f 232//232 183//183 172//172
f 233//233 221//221 220//220
f 233//233 222//222 221//221
f 233//233 223//223 222//222
f 233//233 224//224 223//223
f 233//233 225//225 224//224
f 233//233 226//226 225//225
f 233//233 227//227 226//226
f 233//233 228//228 227//227
f 233//233 229//229 228//228
f 233//233 230//230 229//229
f 233//233 231//231 230//230
f 233//233 220//220 231//231
f 234//234 235//235 247//247
f 234//234 247//247 246//246
f 235//235 236//236 248//248
f 235//235 248//248 247//247
f 236//236 237//237 249//249
f 236//236 249//249 248//248
f 237//237 238//238 250//250
f 237//237 250//250 249//249
f 238//238 239//239 251//251
f 238//238 251//251 250//250
f 239//239 240//240 252//252
f 239//239 252//252 251//251
f 240//240 241//241 253//253
f 240//240 253//253 252//252
f 241//241 242//242 254//254
f 241//241 254//254 253//253
f 242//242 243//243 255//255
f 242//242 255//255 254//254
f 243//243 244//244 256//256
f 243//243 256//256 255//255
f 244//244 245//245 257//257
f 244//244 257//257 256//256
f 245//245 234//234 246//246
f 245//245 246//246 257//257
f 246//246 247//247 259//259
f 246//246 259//259 258//258
f 247//247 248//248 260//260
f 247//247 260//260 259//259
f 248//248 249//249 261//261
f 248//248 261//261 260//260
f 249//249 250//250 262//262
f 249//249 262//262 261//261
f 250//250 251//251 263//263
f 250//250 263//263 262//262
f 251//251 252//252 264//264
f 251//251 264//264 263//263
f 252//252 253//253 265//265
f 252//252 265//265 264//264
f 253//253 254//254 266//266
f 253//253 266//266 265//265
f 254//254 255//255 267//267
f 254//254 267//267 266//266
f 255//255 256//256 268//268
f 255//255 268//268 267//267
f 256//256 257//257 269//269
f 256//256 269//269 268//268
f 257//257 246//246 258//258
f 257//257 258//258 269//269
f 258//258 259//259 271//271
f 258//258 271//271 270//270
f 259//259 260//260 272//272
f 259//259 272//272 271//271
f 260//260 261//261 273//273
f 260//260 273//273 272//272
f 261//261 262//262 274//274
f 261//261 274//274 273//273
f 262//262 263//263 275//275
f 262//262 275//275 274//274
f 263//263 264//264 276//276
f 263//263 276//276 275//275
f 264//264 265//265 277//277
f 264//264 277//277 276//276
f 265//265 266//266 278//278
f 265//265 278//278 277//277
f 266//266 267//267 279//279
f 266//266 279//279 278//278
f 267//267 268//268 280//280
f 267//267 280//280 279//279
f 268//268 269//269 281//281
f 268//268 281//281 280//280
f 269//269 258//258 270//270
f 269//269 270//270 281//281
f 270//270 271//271 283//283
f 270//270 283//283 282//282
f 271//271 272//272 284//284
f 271//271 284//284 283//283
f 272//272 273//273 285//285
f 272//272 285//285 284//284
f 273//273 274//274 286//286
f 273//273 286//286 285//285
f 274//274 275//275 287//287
f 274//274 287//287 286//286
f 275//275 276//276 288//288
f 275//275 288//288 287//287
f 276//276 277//277 289//289
f 276//276 289//289 288//288
f 277//277 278//278 290//290
f 277//277 290//290 289//289
f 278//278 279//279 291//291
f 278//278 291//291 290//290
f 279//279 280//280 292//292
f 279//279 292//292 291//291
f 280//280 281//281 293//293
f 280//280 293//293 292//292
f 281//281 270//270 282//282
f 281//281 282//282 293//293
f 282//282 283//283 295//295
f 282//282 295//295 294//294
f 283//283 284//284 296//296
f 283//283 296//296 295//295
f 284//284 285//285 297//297
f 284//284 297//297 296//296
f 285//285 286//286 298//298
f 285//285 298//298 297//297
f 286//286 287//287 299//299
f 286//286 299//299 298//298
f 287//287 288//288 300//300
f 287//287 300//300 299//299
f 288//288 289//289 301//301
f 288//288 301//301 300//300
f 289//289 290//290 302//302
f 289//289 302//302 301//301
f 290//290 291//291 303//303
f 290//290 303//303 302//302
f 291//291 292//292 304//304
f 291//291 304//304 303//303
f 292//292 293//293 305//305
f 292//292 305//305 304//304
f 293//293 282//282 294//294
f 293//293 294//294 305//305
f 294//294 295//295 307//307
f 294//294 307//307 306//306
f 295//295 296//296 308//308
f 295//295 308//308 307//307
f 296//296 297//297 309//309
f 296//296 309//309 308//308
f 297//297 298//298 310//310
f 297//297 310//310 309//309
f 298//298 299//299 311//311
f 298//298 311//311 310//310
f 299//299 300//300 312//312
f 299//299 312//312 311//311
f 300//300 301//301 313//313
f 300//300 313//313 312//312
f 301//301 302//302 314//314
f 301//301 314//314 313//313
f 302//302 303//303 315//315
f 302//302 315//315 314//314
f 303//303 304//304 316//316
f 303//303 316//316 315//315
f 304//304 305//305 317//317
f 304//304 317//317 316//316
f 305//305 294//294 306//306
f 305//305 306//306 317//317
f 306//306 307//307 319//319
f 306//306 319//319 318//318
f 307//307 308//308 320//320
f 307//307 320//320 319//319
f 308//308 309//309 321//321
f 308//308 321//321 320//320
f 309//309 310//310 322//322
f 309//309 322//322 321//321
f 310//310 311//311 323//323
f 310//310 323//323 322//322
f 311//311 312//312 324//324
f 311//311 324//324 323//323
f 312//312 313//313 325//325
f 312//312 325//325 324//324
f 313//313 314//314 326//326
f 313//313 326//326 325//325
f 314//314 315//315 327//327
f 314//314 327//327 326//326
f 315//315 316//316 328//328
f 315//315 328//328 327//327
f 316//316 317//317 329//329
f 316//316 329//329 328//328
f 317//317 306//306 318//318
f 317//317 318//318 329//329
f 318//318 319//319 331//331
f 318//318 331//331 330//330
f 319//319 320//320 332//332
f 319//319 332//332 331//331
f 320//320 321//321 333//333
f 320//320 333//333 332//332
f 321//321 322//322 334//334
f 321//321 334//334 333//333
f 322//322 323//323 335//335
f 322//322 335//335 334//334
f 323//323 324//324 336//336
f 323//323 336//336 335//335
f 324//324 325//325 337//337
f 324//324 337//337 336//336
f 325//325 326//326 338//338
f 325//325 338//338 337//337
f 326//326 327//327 339//339
f 326//326 339//339 338//338
f 327//327 328//328 340//340
f 327//327 340//340 339//339
f 328//328 329//329 341//341
f 328//328 341//341 340//340
f 329//329 318//318 330//330
f 329//329 330//330 341//341
f 342//342 234//234 235//235
f 342//342 235//235 236//236
f 342//342 236//236 237//237
f 342//342 237//237 238//238
f 342//342 238//238 239//239
f 342//342 239//239 240//240
f 342//342 240//240 241//241
f 342//342 241//241 242//242
f 342//342 242//242 243//243
f 342//342 243//243 244//244
f 342//342 244//244 245//245
f 342//342 245//245 234//234
f 343//343 331//331 330//330
f 343//343 332//332 331//331
f 343//343 333//333 332//332
f 343//343 334//334 333//333
f 343//343 335//335 334//334
f 343//343 336//336 335//335
f 343//343 337//337 336//336
f 343//343 338//338 337//337
f 343//343 339//339 338//338
f 343//343 340//340 339//339
f 343//343 341//341 340//340
f 343//343 330//330 341//341
f 344//344 345//345 357//357
f 344//344 357//357 356//356
f 345//345 346//346 358//358
f 345//345 358//358 357//357
f 346//346 347//347 359//359
f 346//346 359//359 358//358
f 347//347 348//348 360//360
f 347//347 360//360 359//359
f 348//348 349//349 361//361
f 348//348 361//361 360//360
f 349//349 350//350 362//362
f 349//349 362//362 361//361
f 350//350 351//351 363//363
f 350//350 363//363 362//362
f 351//351 352//352 364//364
f 351//351 364//364 363//363
f 352//352 353//353 365//365
f 352//352 365//365 364//364
f 353//353 354//354 366//366
f 353//353 366//366 365//365
f 354//354 355//355 367//367
f 354//354 367//367 366//366
f 355//355 344//344 356//356
f 355//355 356//356 367//367
f 356//356 357//357 369//369
f 356//356 369//369 368//368
f 357//357 358//358 370//370
f 357//357 370//370 369//369
f 358//358 359//359 371//371
f 358//358 371//371 370//370
f 359//359 360//360 372//372
f 359//359 372//372 371//371
f 360//360 361//361 373//373
f 360//360 373//373 372//372
f 361//361 362//362 374//374
f 361//361 374//374 373//373
f 362//362 363//363 375//375
f 362//362 375//375 374//374
f 363//363 364//364 376//376
f 363//363 376//376 375//375
f 364//364 365//365 377//377
f 364//364 377//377 376//376
f 365//365 366//366 378//378
f 365//365 378//378 377//377
f 366//366 367//367 379//379
f 366//366 379//379 378//378
f 367//367 356//356 368//368
f 367//367 368//368 379//379
f 368//368 369//369 381//381
f 368//368 381//381 380//380
f 369//369 370//370 382//382
f 369//369 382//382 381//381
f 370//370 371//371 383//383
f 370//370 383//383 382//382
f 371//371 372//372 384//384
f 371//371 384//384 383//383
f 372//372 373//373 385//385
f 372//372 385//385 384//384
f 373//373 374//374 386//386
f 373//373 386//386 385//385
f 374//374 375//375 387//387
f 374//374 387//387 386//386
f 375//375 376//376 388//388
f 375//375 388//388 387//387
f 376//376 377//377 389//389
f 376//376 389//389 388//388
f 377//377 378//378 390//390
f 377//377 390//390 389//389
f 378//378 379//379 391//391
f 378//378 391//391 390//390
f 379//379 368//368 380//380
f 379//379 380//380 391//391
f 380//380 381//381 393//393
f 380//380 393//393 392//392
f 381//381 382//382 394//394
f 381//381 394//394 393//393
f 382//382 383//383 395//395
f 382//382 395//395 394//394
f 383//383 384//384 396//396
f 383//383 396//396 395//395
f 384//384 385//385 397//397
f 384//384 397//397 396//396
f 385//385 386//386 398//398
f 385//385 398//398 397//397
f 386//386 387//387 399//399
f 386//386 399//399 398//398
f 387//387 388//388 400//400
f 387//387 400//400 399//399
f 388//388 389//389 401//401
f 388//388 401//401 400//400
f 389//389 390//390 402//402
f 389//389 402//402 401//401
f 390//390 391//391 403//403
f 390//390 403//403 402//402
f 391//391 380//380 392//392
f 391//391 392//392 403//403
f 404//404 393//393 392//392
f 404//404 394//394 393//393
f 404//404 395//395 394//394
f 404//404 396//396 395//395
f 404//404 397//397 396//396
f 404//404 398//398 397//397
f 404//404 399//399 398//398
f 404//404 400//400 399//399
f 404//404 401//401 400//400
f 404//404 402//402 401//401
f 404//404 403//403 402//402
f 404//404 392//392 403//403
f 405//405 406//406 418//418
f 405//405 418//418 417//417
f 406//406 407//407 419//419
f 406//406 419//419 418//418
f 407//407 408//408 420//420
f 407//407 420//420 419//419
f 408//408 409//409 421//421
f 408//408 421//421 420//420
f 409//409 410//410 422//422
f 409//409 422//422 421//421
f 410//410 411//411 423//423
f 410//410 423//423 422//422
f 411//411 412//412 424//424
f 411//411 424//424 423//423
f 412//412 413//413 425//425
f 412//412 425//425 424//424
f 413//413 414//414 426//426
f 413//413 426//426 425//425
f 414//414 415//415 427//427
f 414//414 427//427 426//426
f 415//415 416//416 428//428
f 415//415 428//428 427//427
f 416//416 405//405 417//417
f 416//416 417//417 428//428
f 417//417 418//418 430//430
f 417//417 430//430 429//429
f 418//418 419//419 431//431
f 418//418 431//431 430//430
f 419//419 420//420 432//432
f 419//419 432//432 431//431
f 420//420 421//421 433//433
f 420//420 433//433 432//432
f 421//421 422//422 434//434
f 421//421 434//434 433//433
f 422//422 423//423 435//435
f 422//422 435//435 434//434
f 423//423 424//424 436//436
f 423//423 436//436 435//435
f 424//424 425//425 437//437
f 424//424 437//437 436//436
f 425//425 426//426 438//438
f 425//425 438//438 437//437
f 426//426 427//427 439//439
f 426//426 439//439 438//438
f 427//427 428//428 440//440
f 427//427 440//440 439//439
f 428//428 417//417 429//429
f 428//428 429//429 440//440
f 429//429 430//430 442//442
f 429//429 442//442 441//441
f 430//430 431//431 443//443
f 430//430 443//443 442//442
f 431//431 432//432 444//444
f 431//431 444//444 443//443
f 432//432 433//433 445//445
f 432//432 445//445 444//444
f 433//433 434//434 446//446
f 433//433 446//446 445//445
f 434//434 435//435 447//447
f 434//434 447//447 446//446
f 435//435 436//436 448//448
f 435//435 448//448 447//447
f 436//436 437//437 449//449
f 436//436 449//449 448//448
f 437//437 438//438 450//450
f 437//437 450//450 449//449
f 438//438 439//439 451//451
f 438//438 451//451 450//450
f 439//439 440//440 452//452
f 439//439 452//452 451//451
f 440//440 429//429 441//441
f 440//440 441//441 452//452
f 441//441 442//442 454//454
f 441//441 454//454 453//453
f 442//442 443//443 455//455
f 442//442 455//455 454//454
f 443//443 444//444 456//456
f 443//443 456//456 455//455
f 444//444 445//445 457//457
f 444//444 457//457 456//456
f 445//445 446//446 458//458
f 445//445 458//458 457//457
f 446//446 447//447 459//459
f 446//446 459//459 458//458
f 447//447 448//448 460//460
f 447//447 460//460 459//459
f 448//448 449//449 461//461
f 448//448 461//461 460//460
f 449//449 450//450 462//462
f 449//449 462//462 461//461
f 450//450 451//451 463//463
f 450//450 463//463 462//462
f 451//451 452//452 464//464
f 451//451 464//464 463//463
f 452//452 441//441 453//453
f 452//452 453//453 464//464
f 465//465 405//405 406//406
f 465//465 406//406 407//407
f 465//465 407//407 408//408
f 465//465 408//408 409//409
f 465//465 409//409 410//410
f 465//465 410//410 411//411
f 465//465 411//411 412//412
f 465//465 412//412 413//413
f 465//465 413//413 414//414
f 465//465 414//414 415//415
f 465//465 415//415 416//416
f 465//465 416//416 405//405
f 466//466 454//454 453//453
f 466//466 455//455 454//454
f 466//466 456//456 455//455
f 466//466 457//457 456//456
f 466//466 458//458 457//457
f 466//466 459//459 458//458
f 466//466 460//460 459//459
f 466//466 461//461 460//460
f 466//466 462//462 461//461
f 466//466 463//463 462//462
f 466//466 464//464 463//463
f 466//466 453//453 464//464
f 467//467 468//468 488//488
f 467//467 488//488 487//487
f 468//468 469//469 489//489
f 468//468 489//489 488//488
f 469//469 470//470 490//490
f 469//469 490//490 489//489
f 470//470 471//471 491//491
f 470//470 491//491 490//490
f 471//471 472//472 492//492
f 471//471 492//492 491//491
f 472//472 473//473 493//493
f 472//472 493//493 492//492
f 473//473 474//474 494//494
f 473//473 494//494 493//493
f 474//474 475//475 495//495
f 474//474 495//495 494//494
f 475//475 476//476 496//496
f 475//475 496//496 495//495
f 476//476 477//477 497//497
f 476//476 497//497 496//496
f 477//477 478//478 498//498
f 477//477 498//498 497//497
f 478//478 479//479 499//499
f 478//478 499//499 498//498
f 479//479 480//480 500//500
f 479//479 500//500 499//499
f 480//480 481//481 501//501
f 480//480 501//501 500//500
f 481//481 482//482 502//502
f 481//481 502//502 501//501
f 482//482 483//483 503//503
f 482//482 503//503 502//502
f 483//483 484//484 504//504
f 483//483 504//504 503//503
f 484//484 485//485 505//505
f 484//484 505//505 504//504
f 485//485 486//486 506//506
f 485//485 506//506 505//505
f 486//486 467//467 487//487
f 486//486 487//487 506//506
f 487//487 488//488 508//508
f 487//487 508//508 507//507
f 488//488 489//489 509//509
f 488//488 509//509 508//508
f 489//489 490//490 510//510
f 489//489 510//510 509//509
f 490//490 491//491 511//511
f 490//490 511//511 510//510
f 491//491 492//492 512//512
f 491//491 512//512 511//511
f 492//492 493//493 513//513
f 492//492 513//513 512//512
f 493//493 494//494 514//514
f 493//493 514//514 513//513
f 494//494 495//495 515//515
f 494//494 515//515 514//514
f 495//495 496//496 516//516
f 495//495 516//516 515//515
f 496//496 497//497 517//517
f 496//496 517//517 516//516
f 497//497 498//498 518//518
f 497//497 518//518 517//517
f 498//498 499//499 519//519
f 498//498 519//519 518//518
f 499//499 500//500 520//520
f 499//499 520//520 519//519
f 500//500 501//501 521//521
f 500//500 521//521 520//520
f 501//501 502//502 522//522
f 501//501 522//522 521//521
f 502//502 503//503 523//523
f 502//502 523//523 522//522
f 503//503 504//504 524//524
f 503//503 524//524 523//523
f 504//504 505//505 525//525
f 504//504 525//525 524//524
f 505//505 506//506 526//526
f 505//505 526//526 525//525
f 506//506 487//487 507//507
f 506//506 507//507 526//526
f 507//507 508//508 528//528
f 507//507 528//528 527//527
f 508//508 509//509 529//529
f 508//508 529//529 528//528
f 509//509 510//510 530//530
f 509//509 530//530 529//529
f 510//510 511//511 531//531
f 510//510 531//531 530//530
f 511//511 512//512 532//532
f 511//511 532//532 531//531
f 512//512 513//513 533//533
f 512//512 533//533 532//532
f 513//513 514//514 534//534
f 513//513 534//534 533//533
f 514//514 515//515 535//535
f 514//514 535//535 534//534
f 515//515 516//516 536//536
f 515//515 536//536 535//535
f 516//516 517//517 537//537
f 516//516 537//537 536//536
f 517//517 518//518 538//538
f 517//517 538//538 537//537
f 518//518 519//519 539//539
f 518//518 539//539 538//538
f 519//519 520//520 540//540
f 519//519 540//540 539//539
f 520//520 521//521 541//541
f 520//520 541//541 540//540
f 521//521 522//522 542//542
f 521//521 542//542 541//541
f 522//522 523//523 543//543
f 522//522 543//543 542//542
f 523//523 524//524 544//544
f 523//523 544//544 543//543
f 524//524 525//525 545//545
f 524//524 545//545 544//544
f 525//525 526//526 546//546
f 525//525 546//546 545//545
f 526//526 507//507 527//527
f 526//526 527//527 546//546
f 527//527 528//528 548//548
f 527//527 548//548 547//547
f 528//528 529//529 549//549
f 528//528 549//549 548//548
f 529//529 530//530 550//550
f 529//529 550//550 549//549
f 530//530 531//531 551//551
f 530//530 551//551 550//550
f 531//531 532//532 552//552
f 531//531 552//552 551//551
f 532//532 533//533 553//553
f 532//532 553//553 552//552
f 533//533 534//534 554//554
f 533//533 554//554 553//553
f 534//534 535//535 555//555
f 534//534 555//555 554//554
f 535//535 536//536 556//556
f 535//535 556//556 555//555
f 536//536 537//537 557//557
f 536//536 557//557 556//556
f 537//537 538//538 558//558
f 537//537 558//558 557//557
f 538//538 539//539 559//559
f 538//538 559//559 558//558
f 539//539 540//540 560//560
f 539//539 560//560 559//559
f 540//540 541//541 561//561
f 540//540 561//561 560//560
f 541//541 542//542 562//562
f 541//541 562//562 561//561
f 542//542 543//543 563//563
f 542//542 563//563 562//562
f 543//543 544//544 564//564
f 543//543 564//564 563//563
f 544//544 545//545 565//565
f 544//544 565//565 564//564
f 545//545 546//546 566//566
f 545//545 566//566 565//565
f 546//546 527//527 547//547
f 546//546 547//547 566//566
f 547//547 548//548 568//568
f 547//547 568//568 567//567
f 548//548 549//549 569//569
f 548//548 569//569 568//568
f 549//549 550//550 570//570
f 549//549 570//570 569//569
f 550//550 551//551 571//571
f 550//550 571//571 570//570
f 551//551 552//552 572//572
f 551//551 572//572 571//571
f 552//552 553//553 573//573
f 552//552 573//573 572//572
f 553//553 554//554 574//574
f 553//553 574//574 573//573
f 554//554 555//555 575//575
f 554//554 575//575 574//574
f 555//555 556//556 576//576
f 555//555 576//576 575//575
f 556//556 557//557 577//577
f 556//556 577//577 576//576
f 557//557 558//558 578//578
f 557//557 578//578 577//577
f 558//558 559//559 579//579
f 558//558 579//579 578//578
f 559//559 560//560 580//580
f 559//559 580//580 579//579
f 560//560 561//561 581//581
f 560//560 581//581 580//580
f 561//561 562//562 582//582
f 561//561 582//582 581//581
f 562//562 563//563 583//583
f 562//562 583//583 582//582
f 563//563 564//564 584//584
f 563//563 584//584 583//583
f 564//564 565//565 585//585
f 564//564 585//585 584//584
f 565//565 566//566 586//586
f 565//565 586//586 585//585
f 566//566 547//547 567//567
f 566//566 567//567 586//586
f 567//567 568//568 588//588
f 567//567 588//588 587//587
f 568//568 569//569 589//589
f 568//568 589//589 588//588
f 569//569 570//570 590//590
f 569//569 590//590 589//589
f 570//570 571//571 591//591
f 570//570 591//591 590//590
f 571//571 572//572 592//592
f 571//571 592//592 591//591
f 572//572 573//573 593//593
f 572//572 593//593 592//592
f 573//573 574//574 594//594
f 573//573 594//594 593//593
f 574//574 575//575 595//595
f 574//574 595//595 594//594
f 575//575 576//576 596//596
f 575//575 596//596 595//595
f 576//576 577//577 597//597
f 576//576 597//597 596//596
f 577//577 578//578 598//598
f 577//577 598//598 597//597
f 578//578 579//579 599//599
f 578//578 599//599 598//598
f 579//579 580//580 600//600
f 579//579 600//600 599//599
f 580//580 581//581 601//601
f 580//580 601//601 600//600
f 581//581 582//582 602//602
f 581//581 602//602 601//601
f 582//582 583//583 603//603
f 582//582 603//603 602//602
f 583//583 584//584 604//604
f 583//583 604//604 603//603
f 584//584 585//585 605//605
f 584//584 605//605 604//604
f 585//585 586//586 606//606
f 585//585 606//606 605//605
f 586//586 567//567 587//587
f 586//586 587//587 606//606
f 587//587 588//588 608//608
f 587//587 608//608 607//607
f 588//588 589//589 609//609
f 588//588 609//609 608//608
f 589//589 590//590 610//610
f 589//589 610//610 609//609
f 590//590 591//591 611//611
f 590//590 611//611 610//610
f 591//591 592//592 612//612
f 591//591 612//612 611//611
f 592//592 593//593 613//613
f 592//592 613//613 612//612
f 593//593 594//594 614//614
f 593//593 614//614 613//613
f 594//594 595//595 615//615
f 594//594 615//615 614//614
f 595//595 596//596 616//616
f 595//595 616//616 615//615
f 596//596 597//597 617//617
f 596//596 617//617 616//616
f 597//597 598//598 618//618
f 597//597 618//618 617//617
f 598//598 599//599 619//619
f 598//598 619//619 618//618
f 599//599 600//600 620//620
f 599//599 620//620 619//619
f 600//600 601//601 621//621
f 600//600 621//621 620//620
f 601//601 602//602 622//622
f 601//601 622//622 621//621
f 602//602 603//603 623//623
f 602//602 623//623 622//622
f 603//603 604//604 624//624
f 603//603 624//624 623//623
f 604//604 605//605 625//625
f 604//604 625//625 624//624
f 605//605 606//606 626//626
f 605//605 626//626 625//625
f 606//606 587//587 607//607
f 606//606 607//607 626//626
f 627//627 467//467 468//468
f 627//627 468//468 469//469
f 627//627 469//469 470//470
f 627//627 470//470 471//471
f 627//627 471//471 472//472
f 627//627 472//472 473//473
f 627//627 473//473 474//474
f 627//627 474//474 475//475
f 627//627 475//475 476//476
f 627//627 476//476 477//477
f 627//627 477//477 478//478
f 627//627 478//478 479//479
f 627//627 479//479 480//480
f 627//627 480//480 481//481
f 627//627 481//481 482//482
f 627//627 482//482 483//483
f 627//627 483//483 484//484
f 627//627 484//484 485//485
f 627//627 485//485 486//486
f 627//627 486//486 467//467
f 628//628 608//608 607//607
f 628//628 609//609 608//608
f 628//628 610//610 609//609
f 628//628 611//611 610//610
f 628//628 612//612 611//611
f 628//628 613//613 612//612
f 628//628 614//614 613//613
f 628//628 615//615 614//614
f 628//628 616//616 615//615
f 628//628 617//617 616//616
f 628//628 618//618 617//617
f 628//628 619//619 618//618
f 628//628 620//620 619//619
f 628//628 621//621 620//620
f 628//628 622//622 621//621
f 628//628 623//623 622//622
f 628//628 624//624 623//623
f 628//628 625//625 624//624
f 628//628 626//626 625//625
f 628//628 607//607 626//626
f 629//629 630//630 650//650
f 629//629 650//650 649//649
f 630//630 631//631 651//651
f 630//630 651//651 650//650
f 631//631 632//632 652//652
f 631//631 652//652 651//651
f 632//632 633//633 653//653
f 632//632 653//653 652//652
f 633//633 634//634 654//654
f 633//633 654//654 653//653
f 634//634 635//635 655//655
f 634//634 655//655 654//654
f 635//635 636//636 656//656
f 635//635 656//656 655//655
f 636//636 637//637 657//657
f 636//636 657//657 656//656
f 637//637 638//638 658//658
f 637//637 658//658 657//657
f 638//638 639//639 659//659
f 638//638 659//659 658//658
f 639//639 640//640 660//660
f 639//639 660//660 659//659
f 640//640 641//641 661//661
f 640//640 661//661 660//660
f 641//641 642//642 662//662
f 641//641 662//662 661//661
f 642//642 643//643 663//663
f 642//642 663//663 662//662
f 643//643 644//644 664//664
f 643//643 664//664 663//663
f 644//644 645//645 665//665
f 644//644 665//665 664//664
f 645//645 646//646 666//666
f 645//645 666//666 665//665
f 646//646 647//647 667//667
f 646//646 667//667 666//666
f 647//647 648//648 668//668
f 647//647 668//668 667//667
f 648//648 629//629 649//649
f 648//648 649//649 668//668
f 669//669 629//629 630//630
f 669//669 630//630 631//631
f 669//669 631//631 632//632
f 669//669 632//632 633//633
f 669//669 633//633 634//634
f 669//669 634//634 635//635
f 669//669 635//635 636//636
f 669//669 636//636 637//637
f 669//669 637//637 638//638
f 669//669 638//638 639//639
f 669//669 639//639 640//640
f 669//669 640//640 641//641
f 669//669 641//641 642//642
f 669//669 642//642 643//643
f 669//669 643//643 644//644
f 669//669 644//644 645//645
f 669//669 645//645 646//646
f 669//669 646//646 647//647
f 669//669 647//647 648//648
f 669//669 648//648 629//629
f 670//670 650//650 649//649
f 670//670 651//651 650//650
f 670//670 652//652 651//651
f 670//670 653//653 652//652
f 670//670 654//654 653//653
f 670//670 655//655 654//654
f 670//670 656//656 655//655
f 670//670 657//657 656//656
f 670//670 658//658 657//657
f 670//670 659//659 658//658
f 670//670 660//660 659//659
f 670//670 661//661 660//660
f 670//670 662//662 661//661
f 670//670 663//663 662//662
f 670//670 664//664 663//663
f 670//670 665//665 664//664
f 670//670 666//666 665//665
f 670//670 667//667 666//666
f 670//670 668//668 667//667
f 670//670 649//649 668//668
f 671//671 672//672 680//680
f 671//671 680//680 679//679
f 672//672 673//673 681//681
f 672//672 681//681 680//680
f 673//673 674//674 682//682
f 673//673 682//682 681//681
f 674//674 675//675 683//683
f 674//674 683//683 682//682
f 675//675 676//676 684//684
f 675//675 684//684 683//683
f 676//676 677//677 685//685
f 676//676 685//685 684//684
f 677//677 678//678 686//686
f 677//677 686//686 685//685
f 678//678 671//671 679//679
f 678//678 679//679 686//686
f 687//687 671//671 672//672
f 687//687 672//672 673//673
f 687//687 673//673 674//674
f 687//687 674//674 675//675
f 687//687 675//675 676//676
f 687//687 676//676 677//677
f 687//687 677//677 678//678
f 687//687 678//678 671//671
f 688//688 680//680 679//679
f 688//688 681//681 680//680
f 688//688 682//682 681//681
f 688//688 683//683 682//682
f 688//688 684//684 683//683
f 688//688 685//685 684//684
f 688//688 686//686 685//685
f 688//688 679//679 686//686
f 689//689 690//690 706//706
f 689//689 706//706 705//705
f 690//690 691//691 707//707
f 690//690 707//707 706//706
f 691//691 692//692 708//708
f 691//691 708//708 707//707
f 692//692 693//693 709//709
f 692//692 709//709 708//708
f 693//693 694//694 710//710
f 693//693 710//710 709//709
f 694//694 695//695 711//711
f 694//694 711//711 710//710
f 695//695 696//696 712//712
f 695//695 712//712 711//711
f 696//696 697//697 713//713
f 696//696 713//713 712//712
f 697//697 698//698 714//714
f 697//697 714//714 713//713
f 698//698 699//699 715//715
f 698//698 715//715 714//714
f 699//699 700//700 716//716
f 699//699 716//716 715//715
f 700//700 701//701 717//717
f 700//700 717//717 716//716
f 701//701 702//702 718//718
f 701//701 718//718 717//717
f 702//702 703//703 719//719
f 702//702 719//719 718//718
f 703//703 704//704 720//720
f 703//703 720//720 719//719
f 704//704 689//689 705//705
f 704//704 705//705 720//720
f 721//721 722//722 734//734
f 721//721 734//734 733//733
f 722//722 723//723 735//735
f 722//722 735//735 734//734
f 723//723 724//724 736//736
f 723//723 736//736 735//735
f 724//724 725//725 737//737
f 724//724 737//737 736//736
f 725//725 726//726 738//738
f 725//725 738//738 737//737
f 726//726 727//727 739//739
f 726//726 739//739 738//738
f 727//727 728//728 740//740
f 727//727 740//740 739//739
f 728//728 729//729 741//741
f 728//728 741//741 740//740
f 729//729 730//730 742//742
f 729//729 742//742 741//741
f 730//730 731//731 743//743
f 730//730 743//743 742//742
f 731//731 732//732 744//744
f 731//731 744//744 743//743
f 732//732 721//721 733//733
f 732//732 733//733 744//744
f 733//733 734//734 746//746
f 733//733 746//746 745//745
f 734//734 735//735 747//747
f 734//734 747//747 746//746
f 735//735 736//736 748//748
f 735//735 748//748 747//747
f 736//736 737//737 749//749
f 736//736 749//749 748//748
f 737//737 738//738 750//750
f 737//737 750//750 749//749
f 738//738 739//739 751//751
f 738//738 751//751 750//750
f 739//739 740//740 752//752
f 739//739 752//752 751//751
f 740//740 741//741 753//753
f 740//740 753//753 752//752
f 741//741 742//742 754//754
f 741//741 754//754 753//753
f 742//742 743//743 755//755
f 742//742 755//755 754//754
f 743//743 744//744 756//756
f 743//743 756//756 755//755
f 744//744 733//733 745//745
f 744//744 745//745 756//756
f 757//757 746//746 745//745
f 757//757 747//747 746//746
f 757//757 748//748 747//747
f 757//757 749//749 748//748
f 757//757 750//750 749//749
f 757//757 751//751 750//750
f 757//757 752//752 751//751
f 757//757 753//753 752//752
f 757//757 754//754 753//753
f 757//757 755//755 754//754
f 757//757 756//756 755//755
f 757//757 745//745 756//756
f 758//758 759//759 771//771
f 758//758 771//771 770//770
f 759//759 760//760 772//772
f 759//759 772//772 771//771
f 760//760 761//761 773//773
f 760//760 773//773 772//772
f 761//761 762//762 774//774
f 761//761 774//774 773//773
f 762//762 763//763 775//775
f 762//762 775//775 774//774
f 763//763 764//764 776//776
f 763//763 776//776 775//775
f 764//764 765//765 777//777
f 764//764 777//777 776//776
f 765//765 766//766 778//778
f 765//765 778//778 777//777
f 766//766 767//767 779//779
f 766//766 779//779 778//778
f 767//767 768//768 780//780
f 767//767 780//780 779//779
f 768//768 769//769 781//781
f 768//768 781//781 780//780
f 769//769 758//758 770//770
f 769//769 770//770 781//781
f 770//770 771//771 783//783
f 770//770 783//783 782//782
f 771//771 772//772 784//784
f 771//771 784//784 783//783
f 772//772 773//773 785//785
f 772//772 785//785 784//784
f 773//773 774//774 786//786
f 773//773 786//786 785//785
f 774//774 775//775 787//787
f 774//774 787//787 786//786
f 775//775 776//776 788//788
f 775//775 788//788 787//787
f 776//776 777//777 789//789
f 776//776 789//789 788//788
f 777//777 778//778 790//790
f 777//777 790//790 789//789
f 778//778 779//779 791//791
f 778//778 791//791 790//790
f 779//779 780//780 792//792
f 779//779 792//792 791//791
f 780//780 781//781 793//793
f 780//780 793//793 792//792
f 781//781 770//770 782//782
f 781//781 782//782 793//793
f 782//782 783//783 795//795
f 782//782 795//795 794//794
f 783//783 784//784 796//796
f 783//783 796//796 795//795
f 784//784 785//785 797//797
f 784//784 797//797 796//796
f 785//785 786//786 798//798
f 785//785 798//798 797//797
f 786//786 787//787 799//799
f 786//786 799//799 798//798
f 787//787 788//788 800//800
f 787//787 800//800 799//799
f 788//788 789//789 801//801
f 788//788 801//801 800//800
f 789//789 790//790 802//802
f 789//789 802//802 801//801
f 790//790 791//791 803//803
f 790//790 803//803 802//802
f 791//791 792//792 804//804
f 791//791 804//804 803//803
f 792//792 793//793 805//805
f 792//792 805//805 804//804
f 793//793 782//782 794//794
f 793//793 794//794 805//805
f 794//794 795//795 807//807
f 794//794 807//807 806//806
f 795//795 796//796 808//808
f 795//795 808//808 807//807
f 796//796 797//797 809//809
f 796//796 809//809 808//808
f 797//797 798//798 810//810
f 797//797 810//810 809//809
f 798//798 799//799 811//811
f 798//798 811//811 810//810
f 799//799 800//800 812//812
f 799//799 812//812 811//811
f 800//800 801//801 813//813
f 800//800 813//813 812//812
f 801//801 802//802 814//814
f 801//801 814//814 813//813
f 802//802 803//803 815//815
f 802//802 815//815 814//814
f 803//803 804//804 816//816
f 803//803 816//816 815//815
f 804//804 805//805 817//817
f 804//804 817//817 816//816
f 805//805 794//794 806//806
f 805//805 806//806 817//817
f 806//806 807//807 819//819
f 806//806 819//819 818//818
f 807//807 808//808 820//820
f 807//807 820//820 819//819
f 808//808 809//809 821//821
f 808//808 821//821 820//820
f 809//809 810//810 822//822
f 809//809 822//822 821//821
f 810//810 811//811 823//823
f 810//810 823//823 822//822
f 811//811 812//812 824//824
f 811//811 824//824 823//823
f 812//812 813//813 825//825
f 812//812 825//825 824//824
f 813//813 814//814 826//826
f 813//813 826//826 825//825
f 814//814 815//815 827//827
f 814//814 827//827 826//826
f 815//815 816//816 828//828
f 815//815 828//828 827//827
f 816//816 817//817 829//829
f 816//816 829//829 828//828
f 817//817 806//806 818//818
f 817//817 818//818 829//829
f 818//818 819//819 831//831
f 818//818 831//831 830//830
f 819//819 820//820 832//832
f 819//819 832//832 831//831
f 820//820 821//821 833//833
f 820//820 833//833 832//832
f 821//821 822//822 834//834
f 821//821 834//834 833//833
f 822//822 823//823 835//835
f 822//822 835//835 834//834
f 823//823 824//824 836//836
f 823//823 836//836 835//835
f 824//824 825//825 837//837
f 824//824 837//837 836//836
f 825//825 826//826 838//838
f 825//825 838//838 837//837
f 826//826 827//827 839//839
f 826//826 839//839 838//838
f 827//827 828//828 840//840
f 827//827 840//840 839//839
f 828//828 829//829 841//841
f 828//828 841//841 840//840
f 829//829 818//818 830//830
f 829//829 830//830 841//841
f 830//830 831//831 843//843
f 830//830 843//843 842//842
f 831//831 832//832 844//844
f 831//831 844//844 843//843
f 832//832 833//833 845//845
f 832//832 845//845 844//844
f 833//833 834//834 846//846
f 833//833 846//846 845//845
f 834//834 835//835 847//847
f 834//834 847//847 846//846
f 835//835 836//836 848//848
f 835//835 848//848 847//847
f 836//836 837//837 849//849
f 836//836 849//849 848//848
f 837//837 838//838 850//850
f 837//837 850//850 849//849
f 838//838 839//839 851//851
f 838//838 851//851 850//850
f 839//839 840//840 852//852
f 839//839 852//852 851//851
f 840//840 841//841 853//853
f 840//840 853//853 852//852
f 841//841 830//830 842//842
f 841//841 842//842 853//853
f 842//842 843//843 855//855
f 842//842 855//855 854//854
f 843//843 844//844 856//856
f 843//843 856//856 855//855
f 844//844 845//845 857//857
f 844//844 857//857 856//856
f 845//845 846//846 858//858
f 845//845 858//858 857//857
f 846//846 847//847 859//859
f 846//846 859//859 858//858
f 847//847 848//848 860//860
f 847//847 860//860 859//859
f 848//848 849//849 861//861
f 848//848 861//861 860//860
f 849//849 850//850 862//862
f 849//849 862//862 861//861
f 850//850 851//851 863//863
f 850//850 863//863 862//862
f 851//851 852//852 864//864
f 851//851 864//864 863//863
f 852//852 853//853 865//865
f 852//852 865//865 864//864
f 853//853 842//842 854//854
f 853//853 854//854 865//865
f 866//866 758//758 759//759
f 866//866 759//759 760//760
f 866//866 760//760 761//761
f 866//866 761//761 762//762
f 866//866 762//762 763//763
f 866//866 763//763 764//764
f 866//866 764//764 765//765
f 866//866 765//765 766//766
f 866//866 766//766 767//767
f 866//866 767//767 768//768
f 866//866 768//768 769//769
f 866//866 769//769 758//758
f 867//867 855//855 854//854
f 867//867 856//856 855//855
f 867//867 857//857 856//856
f 867//867 858//858 857//857
f 867//867 859//859 858//858
f 867//867 860//860 859//859
f 867//867 861//861 860//860
f 867//867 862//862 861//861
f 867//867 863//863 862//862
f 867//867 864//864 863//863
f 867//867 865//865 864//864
f 867//867 854//854 865//865
f 868//868 869//869 881//881
f 868//868 881//881 880//880
f 869//869 870//870 882//882
f 869//869 882//882 881//881
f 870//870 871//871 883//883
f 870//870 883//883 882//882
f 871//871 872//872 884//884
f 871//871 884//884 883//883
f 872//872 873//873 885//885
f 872//872 885//885 884//884
f 873//873 874//874 886//886
f 873//873 886//886 885//885
f 874//874 875//875 887//887
f 874//874 887//887 886//886
f 875//875 876//876 888//888
f 875//875 888//888 887//887
f 876//876 877//877 889//889
f 876//876 889//889 888//888
f 877//877 878//878 890//890
f 877//877 890//890 889//889
f 878//878 879//879 891//891
f 878//878 891//891 890//890
f 879//879 868//868 880//880
f 879//879 880//880 891//891
f 880//880 881//881 893//893
f 880//880 893//893 892//892
f 881//881 882//882 894//894
f 881//881 894//894 893//893
f 882//882 883//883 895//895
f 882//882 895//895 894//894
f 883//883 884//884 896//896
f 883//883 896//896 895//895
f 884//884 885//885 897//897
f 884//884 897//897 896//896
f 885//885 886//886 898//898
f 885//885 898//898 897//897
f 886//886 887//887 899//899
f 886//886 899//899 898//898
f 887//887 888//888 900//900
f 887//887 900//900 899//899
f 888//888 889//889 901//901
f 888//888 901//901 900//900
f 889//889 890//890 902//902
f 889//889 902//902 901//901
f 890//890 891//891 903//903
f 890//890 903//903 902//902
f 891//891 880//880 892//892
f 891//891 892//892 903//903
f 904//904 868//868 869//869
f 904//904 869//869 870//870
f 904//904 870//870 871//871
f 904//904 871//871 872//872
f 904//904 872//872 873//873
f 904//904 873//873 874//874
f 904//904 874//874 875//875
f 904//904 875//875 876//876
f 904//904 876//876 877//877
f 904//904 877//877 878//878
f 904//904 878//878 879//879
f 904//904 879//879 868//868
f 905//905 893//893 892//892
f 905//905 894//894 893//893
f 905//905 895//895 894//894
f 905//905 896//896 895//895
f 905//905 897//897 896//896
f 905//905 898//898 897//897
f 905//905 899//899 898//898
f 905//905 900//900 899//899
f 905//905 901//901 900//900
f 905//905 902//902 901//901
f 905//905 903//903 902//902
f 905//905 892//892 903//903
f 906//906 907//907 915//915
f 906//906 915//915 914//914
f 907//907 908//908 916//916
f 907//907 916//916 915//915
f 908//908 909//909 917//917
f 908//908 917//917 916//916
f 909//909 910//910 918//918
f 909//909 918//918 917//917
f 910//910 911//911 919//919
f 910//910 919//919 918//918
f 911//911 912//912 920//920
f 911//911 920//920 919//919
f 912//912 913//913 921//921
f 912//912 921//921 920//920
f 913//913 906//906 914//914
f 913//913 914//914 921//921
f 914//914 915//915 923//923
f 914//914 923//923 922//922
f 915//915 916//916 924//924
f 915//915 924//924 923//923
f 916//916 917//917 925//925
f 916//916 925//925 924//924
f 917//917 918//918 926//926
f 917//917 926//926 925//925
f 918//918 919//919 927//927
f 918//918 927//927 926//926
f 919//919 920//920 928//928
f 919//919 928//928 927//927
f 920//920 921//921 929//929
f 920//920 929//929 928//928
f 921//921 914//914 922//922
f 921//921 922//922 929//929
f 930//930 906//906 907//907
f 930//930 907//907 908//908
f 930//930 908//908 909//909
f 930//930 909//909 910//910
f 930//930 910//910 911//911
f 930//930 911//911 912//912
f 930//930 912//912 913//913
f 930//930 913//913 906//906
f 931//931 923//923 922//922
f 931//931 924//924 923//923
f 931//931 925//925 924//924
f 931//931 926//926 925//925
f 931//931 927//927 926//926
f 931//931 928//928 927//927
f 931//931 929//929 928//928
f 931//931 922//922 929//929
f 932//932 933//933 939//939
f 932//932 939//939 938//938
f 933//933 934//934 940//940
f 933//933 940//940 939//939
f 934//934 935//935 941//941
f 934//934 941//941 940//940
f 935//935 936//936 942//942
f 935//935 942//942 941//941
f 936//936 937//937 943//943
f 936//936 943//943 942//942
f 937//937 932//932 938//938
f 937//937 938//938 943//943
f 938//938 939//939 945//945
f 938//938 945//945 944//944
f 939//939 940//940 946//946
f 939//939 946//946 945//945
f 940//940 941//941 947//947
f 940//940 947//947 946//946
f 941//941 942//942 948//948
f 941//941 948//948 947//947
f 942//942 943//943 949//949
f 942//942 949//949 948//948
f 943//943 938//938 944//944
f 943//943 944//944 949//949
f 944//944 945//945 951//951
f 944//944 951//951 950//950
f 945//945 946//946 952//952
f 945//945 952//952 951//951
f 946//946 947//947 953//953
f 946//946 953//953 952//952
f 947//947 948//948 954//954
f 947//947 954//954 953//953
f 948//948 949//949 955//955
f 948//948 955//955 954//954
f 949//949 944//944 950//950
f 949//949 950//950 955//955
f 950//950 951//951 957//957
f 950//950 957//957 956//956
f 951//951 952//952 958//958
f 951//951 958//958 957//957
f 952//952 953//953 959//959
f 952//952 959//959 958//958
f 953//953 954//954 960//960
f 953//953 960//960 959//959
f 954//954 955//955 961//961
f 954//954 961//961 960//960
f 955//955 950//950 956//956
f 955//955 956//956 961//961
f 962//962 932//932 933//933
f 962//962 933//933 934//934
f 962//962 934//934 935//935
f 962//962 935//935 936//936
f 962//962 936//936 937//937
f 962//962 937//937 932//932
f 963//963 957//957 956//956
f 963//963 958//958 957//957
f 963//963 959//959 958//958
f 963//963 960//960 959//959
f 963//963 961//961 960//960
f 963//963 956//956 961//961
f 964//964 965//965 971//971
f 964//964 971//971 970//970
f 965//965 966//966 972//972
f 965//965 972//972 971//971
f 966//966 967//967 973//973
f 966//966 973//973 972//972
f 967//967 968//968 974//974
f 967//967 974//974 973//973
f 968//968 969//969 975//975
f 968//968 975//975 974//974
f 969//969 964//964 970//970
f 969//969 970//970 975//975
f 970//970 971//971 977//977
f 970//970 977//977 976//976
f 971//971 972//972 978//978
f 971//971 978//978 977//977
f 972//972 973//973 979//979
f 972//972 979//979 978//978
f 973//973 974//974 980//980
f 973//973 980//980 979//979
f 974//974 975//975 981//981
f 974//974 981//981 980//980
f 975//975 970//970 976//976
f 975//975 976//976 981//981
f 976//976 977//977 983//983
f 976//976 983//983 982//982
f 977//977 978//978 984//984
f 977//977 984//984 983//983
f 978//978 979//979 985//985
f 978//978 985//985 984//984
f 979//979 980//980 986//986
f 979//979 986//986 985//985
f 980//980 981//981 987//987
f 980//980 987//987 986//986
f 981//981 976//976 982//982
f 981//981 982//982 987//987
f 982//982 983//983 989//989
f 982//982 989//989 988//988
f 983//983 984//984 990//990
f 983//983 990//990 989//989
f 984//984 985//985 991//991
f 984//984 991//991 990//990
f 985//985 986//986 992//992
f 985//985 992//992 991//991
f 986//986 987//987 993//993
f 986//986 993//993 992//992
f 987//987 982//982 988//988
f 987//987 988//988 993//993
f 994//994 964//964 965//965
f 994//994 965//965 966//966
f 994//994 966//966 967//967
f 994//994 967//967 968//968
f 994//994 968//968 969//969
f 994//994 969//969 964//964
f 995//995 989//989 988//988
f 995//995 990//990 989//989
f 995//995 991//991 990//990
f 995//995 992//992 991//991
f 995//995 993//993 992//992
f 995//995 988//988 993//993
f 996//996 997//997 1003//1003
f 996//996 1003//1003 1002//1002
f 997//997 998//998 1004//1004
f 997//997 1004//1004 1003//1003
f 998//998 999//999 1005//1005
f 998//998 1005//1005 1004//1004
f 999//999 1000//1000 1006//1006
f 999//999 1006//1006 1005//1005
f 1000//1000 1001//1001 1007//1007
f 1000//1000 1007//1007 1006//1006
f 1001//1001 996//996 1002//1002
f 1001//1001 1002//1002 1007//1007
f 1002//1002 1003//1003 1009//1009
f 1002//1002 1009//1009 1008//1008
f 1003//1003 1004//1004 1010//1010
f 1003//1003 1010//1010 1009//1009
f 1004//1004 1005//1005 1011//1011
f 1004//1004 1011//1011 1010//1010
f 1005//1005 1006//1006 1012//1012
f 1005//1005 1012//1012 1011//1011
f 1006//1006 1007//1007 1013//1013
f 1006//1006 1013//1013 1012//1012
f 1007//1007 1002//1002 1008//1008
f 1007//1007 1008//1008 1013//1013
f 1008//1008 1009//1009 1015//1015
f 1008//1008 1015//1015 1014//1014
f 1009//1009 1010//1010 1016//1016
f 1009//1009 1016//1016 1015//1015
f 1010//1010 1011//1011 1017//1017
f 1010//1010 1017//1017 1016//1016
f 1011//1011 1012//1012 1018//1018
f 1011//1011 1018//1018 1017//1017
f 1012//1012 1013//1013 1019//1019
f 1012//1012 1019//1019 1018//1018
f 1013//1013 1008//1008 1014//1014
f 1013//1013 1014//1014 1019//1019
f 1014//1014 1015//1015 1021//1021
f 1014//1014 1021//1021 1020//1020
f 1015//1015 1016//1016 1022//1022
f 1015//1015 1022//1022 1021//1021
f 1016//1016 1017//1017 1023//1023
f 1016//1016 1023//1023 1022//1022
f 1017//1017 1018//1018 1024//1024
f 1017//1017 1024//1024 1023//1023
f 1018//1018 1019//1019 1025//1025
f 1018//1018 1025//1025 1024//1024
f 1019//1019 1014//1014 1020//1020
f 1019//1019 1020//1020 1025//1025
f 1026//1026 996//996 997//997
f 1026//1026 997//997 998//998
f 1026//1026 998//998 999//999
f 1026//1026 999//999 1000//1000
f 1026//1026 1000//1000 1001//1001
f 1026//1026 1001//1001 996//996
f 1027//1027 1021//1021 1020//1020
f 1027//1027 1022//1022 1021//1021
f 1027//1027 1023//1023 1022//1022
f 1027//1027 1024//1024 1023//1023
f 1027//1027 1025//1025 1024//1024
f 1027//1027 1020//1020 1025//1025
f 1028//1028 1029//1029 1035//1035
f 1028//1028 1035//1035 1034//1034
f 1029//1029 1030//1030 1036//1036
f 1029//1029 1036//1036 1035//1035
f 1030//1030 1031//1031 1037//1037
f 1030//1030 1037//1037 1036//1036
f 1031//1031 1032//1032 1038//1038
f 1031//1031 1038//1038 1037//1037
f 1032//1032 1033//1033 1039//1039
f 1032//1032 1039//1039 1038//1038
f 1033//1033 1028//1028 1034//1034
f 1033//1033 1034//1034 1039//1039
f 1034//1034 1035//1035 1041//1041
f 1034//1034 1041//1041 1040//1040
f 1035//1035 1036//1036 1042//1042
f 1035//1035 1042//1042 1041//1041
f 1036//1036 1037//1037 1043//1043
f 1036//1036 1043//1043 1042//1042
f 1037//1037 1038//1038 1044//1044
f 1037//1037 1044//1044 1043//1043
f 1038//1038 1039//1039 1045//1045
f 1038//1038 1045//1045 1044//1044
f 1039//1039 1034//1034 1040//1040
f 1039//1039 1040//1040 1045//1045
f 1040//1040 1041//1041 1047//1047
f 1040//1040 1047//1047 1046//1046
f 1041//1041 1042//1042 1048//1048
f 1041//1041 1048//1048 1047//1047
f 1042//1042 1043//1043 1049//1049
f 1042//1042 1049//1049 1048//1048
f 1043//1043 1044//1044 1050//1050
f 1043//1043 1050//1050 1049//1049
f 1044//1044 1045//1045 1051//1051
f 1044//1044 1051//1051 1050//1050
f 1045//1045 1040//1040 1046//1046
f 1045//1045 1046//1046 1051//1051
f 1046//1046 1047//1047 1053//1053
f 1046//1046 1053//1053 1052//1052
f 1047//1047 1048//1048 1054//1054
f 1047//1047 1054//1054 1053//1053
f 1048//1048 1049//1049 1055//1055
f 1048//1048 1055//1055 1054//1054
f 1049//1049 1050//1050 1056//1056
f 1049//1049 1056//1056 1055//1055
f 1050//1050 1051//1051 1057//1057
f 1050//1050 1057//1057 1056//1056
f 1051//1051 1046//1046 1052//1052
f 1051//1051 1052//1052 1057//1057
f 1058//1058 1028//1028 1029//1029
f 1058//1058 1029//1029 1030//1030
f 1058//1058 1030//1030 1031//1031
f 1058//1058 1031//1031 1032//1032
f 1058//1058 1032//1032 1033//1033
f 1058//1058 1033//1033 1028//1028
f 1059//1059 1053//1053 1052//1052
f 1059//1059 1054//1054 1053//1053
f 1059//1059 1055//1055 1054//1054
f 1059//1059 1056//1056 1055//1055
f 1059//1059 1057//1057 1056//1056
f 1059//1059 1052//1052 1057//1057
f 1060//1060 1061//1061 1073//1073
f 1060//1060 1073//1073 1072//1072
f 1061//1061 1062//1062 1074//1074
f 1061//1061 1074//1074 1073//1073
f 1062//1062 1063//1063 1075//1075
f 1062//1062 1075//1075 1074//1074
f 1063//1063 1064//1064 1076//1076
f 1063//1063 1076//1076 1075//1075
f 1064//1064 1065//1065 1077//1077
f 1064//1064 1077//1077 1076//1076
f 1065//1065 1066//1066 1078//1078
f 1065//1065 1078//1078 1077//1077
f 1066//1066 1067//1067 1079//1079
f 1066//1066 1079//1079 1078//1078
f 1067//1067 1068//1068 1080//1080
f 1067//1067 1080//1080 1079//1079
f 1068//1068 1069//1069 1081//1081
f 1068//1068 1081//1081 1080//1080
f 1069//1069 1070//1070 1082//1082
f 1069//1069 1082//1082 1081//1081
f 1070//1070 1071//1071 1083//1083
f 1070//1070 1083//1083 1082//1082
f 1071//1071 1060//1060 1072//1072
f 1071//1071 1072//1072 1083//1083
f 1072//1072 1073//1073 1085//1085
f 1072//1072 1085//1085 1084//1084
f 1073//1073 1074//1074 1086//1086
f 1073//1073 1086//1086 1085//1085
f 1074//1074 1075//1075 1087//1087
f 1074//1074 1087//1087 1086//1086
f 1075//1075 1076//1076 1088//1088
f 1075//1075 1088//1088 1087//1087
f 1076//1076 1077//1077 1089//1089
f 1076//1076 1089//1089 1088//1088
f 1077//1077 1078//1078 1090//1090
f 1077//1077 1090//1090 1089//1089
f 1078//1078 1079//1079 1091//1091
f 1078//1078 1091//1091 1090//1090
f 1079//1079 1080//1080 1092//1092
f 1079//1079 1092//1092 1091//1091
f 1080//1080 1081//1081 1093//1093
f 1080//1080 1093//1093 1092//1092
f 1081//1081 1082//1082 1094//1094
f 1081//1081 1094//1094 1093//1093
f 1082//1082 1083//1083 1095//1095
f 1082//1082 1095//1095 1094//1094
f 1083//1083 1072//1072 1084//1084
f 1083//1083 1084//1084 1095//1095
f 1084//1084 1085//1085 1097//1097
f 1084//1084 1097//1097 1096//1096
f 1085//1085 1086//1086 1098//1098
f 1085//1085 1098//1098 1097//1097
f 1086//1086 1087//1087 1099//1099
f 1086//1086 1099//1099 1098//1098
f 1087//1087 1088//1088 1100//1100
f 1087//1087 1100//1100 1099//1099
f 1088//1088 1089//1089 1101//1101
f 1088//1088 1101//1101 1100//1100
f 1089//1089 1090//1090 1102//1102
f 1089//1089 1102//1102 1101//1101
f 1090//1090 1091//1091 1103//1103
f 1090//1090 1103//1103 1102//1102
f 1091//1091 1092//1092 1104//1104
f 1091//1091 1104//1104 1103//1103
f 1092//1092 1093//1093 1105//1105
f 1092//1092 1105//1105 1104//1104
f 1093//1093 1094//1094 1106//1106
f 1093//1093 1106//1106 1105//1105
f 1094//1094 1095//1095 1107//1107
f 1094//1094 1107//1107 1106//1106
f 1095//1095 1084//1084 1096//1096
f 1095//1095 1096//1096 1107//1107
f 1096//1096 1097//1097 1109//1109
f 1096//1096 1109//1109 1108//1108
f 1097//1097 1098//1098 1110//1110
f 1097//1097 1110//1110 1109//1109
f 1098//1098 1099//1099 1111//1111
f 1098//1098 1111//1111 1110//1110
f 1099//1099 1100//1100 1112//1112
f 1099//1099 1112//1112 1111//1111
f 1100//1100 1101//1101 1113//1113
f 1100//1100 1113//1113 1112//1112
f 1101//1101 1102//1102 1114//1114
f 1101//1101 1114//1114 1113//1113
f 1102//1102 1103//1103 1115//1115
f 1102//1102 1115//1115 1114//1114
f 1103//1103 1104//1104 1116//1116
f 1103//1103 1116//1116 1115//1115
f 1104//1104 1105//1105 1117//1117
f 1104//1104 1117//1117 1116//1116
f 1105//1105 1106//1106 1118//1118
f 1105//1105 1118//1118 1117//1117
f 1106//1106 1107//1107 1119//1119
f 1106//1106 1119//1119 1118//1118
f 1107//1107 1096//1096 1108//1108
f 1107//1107 1108//1108 1119//1119
f 1108//1108 1109//1109 1121//1121
f 1108//1108 1121//1121 1120//1120
f 1109//1109 1110//1110 1122//1122
f 1109//1109 1122//1122 1121//1121
f 1110//1110 1111//1111 1123//1123
f 1110//1110 1123//1123 1122//1122
f 1111//1111 1112//1112 1124//1124
f 1111//1111 1124//1124 1123//1123
f 1112//1112 1113//1113 1125//1125
f 1112//1112 1125//1125 1124//1124
f 1113//1113 1114//1114 1126//1126
f 1113//1113 1126//1126 1125//1125
f 1114//1114 1115//1115 1127//1127
f 1114//1114 1127//1127 1126//1126
f 1115//1115 1116//1116 1128//1128
f 1115//1115 1128//1128 1127//1127
f 1116//1116 1117//1117 1129//1129
f 1116//1116 1129//1129 1128//1128
f 1117//1117 1118//1118 1130//1130
f 1117//1117 1130//1130 1129//1129
f 1118//1118 1119//1119 1131//1131
f 1118//1118 1131//1131 1130//1130
f 1119//1119 1108//1108 1120//1120
f 1119//1119 1120//1120 1131//1131
f 1120//1120 1121//1121 1133//1133
f 1120//1120 1133//1133 1132//1132
f 1121//1121 1122//1122 1134//1134
f 1121//1121 1134//1134 1133//1133
f 1122//1122 1123//1123 1135//1135
f 1122//1122 1135//1135 1134//1134
f 1123//1123 1124//1124 1136//1136
f 1123//1123 1136//1136 1135//1135
f 1124//1124 1125//1125 1137//1137
f 1124//1124 1137//1137 1136//1136
f 1125//1125 1126//1126 1138//1138
f 1125//1125 1138//1138 1137//1137
f 1126//1126 1127//1127 1139//1139
f 1126//1126 1139//1139 1138//1138
f 1127//1127 1128//1128 1140//1140
f 1127//1127 1140//1140 1139//1139
f 1128//1128 1129//1129 1141//1141
f 1128//1128 1141//1141 1140//1140
f 1129//1129 1130//1130 1142//1142
f 1129//1129 1142//1142 1141//1141
f 1130//1130 1131//1131 1143//1143
f 1130//1130 1143//1143 1142//1142
f 1131//1131 1120//1120 1132//1132
f 1131//1131 1132//1132 1143//1143
f 1132//1132 1133//1133 1145//1145
f 1132//1132 1145//1145 1144//1144
f 1133//1133 1134//1134 1146//1146
f 1133//1133 1146//1146 1145//1145
f 1134//1134 1135//1135 1147//1147
f 1134//1134 1147//1147 1146//1146
f 1135//1135 1136//1136 1148//1148
f 1135//1135 1148//1148 1147//1147
f 1136//1136 1137//1137 1149//1149
f 1136//1136 1149//1149 1148//1148
f 1137//1137 1138//1138 1150//1150
f 1137//1137 1150//1150 1149//1149
f 1138//1138 1139//1139 1151//1151
f 1138//1138 1151//1151 1150//1150
f 1139//1139 1140//1140 1152//1152
f 1139//1139 1152//1152 1151//1151
f 1140//1140 1141//1141 1153//1153
f 1140//1140 1153//1153 1152//1152
f 1141//1141 1142//1142 1154//1154
f 1141//1141 1154//1154 1153//1153
f 1142//1142 1143//1143 1155//1155
f 1142//1142 1155//1155 1154//1154
f 1143//1143 1132//1132 1144//1144
f 1143//1143 1144//1144 1155//1155
f 1144//1144 1145//1145 1157//1157
f 1144//1144 1157//1157 1156//1156
f 1145//1145 1146//1146 1158//1158
f 1145//1145 1158//1158 1157//1157
f 1146//1146 1147//1147 1159//1159
f 1146//1146 1159//1159 1158//1158
f 1147//1147 1148//1148 1160//1160
f 1147//1147 1160//1160 1159//1159
f 1148//1148 1149//1149 1161//1161
f 1148//1148 1161//1161 1160//1160
f 1149//1149 1150//1150 1162//1162
f 1149//1149 1162//1162 1161//1161
f 1150//1150 1151//1151 1163//1163
f 1150//1150 1163//1163 1162//1162
f 1151//1151 1152//1152 1164//1164
f 1151//1151 1164//1164 1163//1163
f 1152//1152 1153//1153 1165//1165
f 1152//1152 1165//1165 1164//1164
f 1153//1153 1154//1154 1166//1166
f 1153//1153 1166//1166 1165//1165
f 1154//1154 1155//1155 1167//1167
f 1154//1154 1167//1167 1166//1166
f 1155//1155 1144//1144 1156//1156
f 1155//1155 1156//1156 1167//1167
f 1168//1168 1060//1060 1061//1061
f 1168//1168 1061//1061 1062//1062
f 1168//1168 1062//1062 1063//1063
f 1168//1168 1063//1063 1064//1064
f 1168//1168 1064//1064 1065//1065
f 1168//1168 1065//1065 1066//1066
f 1168//1168 1066//1066 1067//1067
f 1168//1168 1067//1067 1068//1068
f 1168//1168 1068//1068 1069//1069
f 1168//1168 1069//1069 1070//1070
f 1168//1168 1070//1070 1071//1071
f 1168//1168 1071//1071 1060//1060
f 1169//1169 1157//1157 1156//1156
f 1169//1169 1158//1158 1157//1157
f 1169//1169 1159//1159 1158//1158
f 1169//1169 1160//1160 1159//1159
f 1169//1169 1161//1161 1160//1160
f 1169//1169 1162//1162 1161//1161
f 1169//1169 1163//1163 1162//1162
f 1169//1169 1164//1164 1163//1163
f 1169//1169 1165//1165 1164//1164
f 1169//1169 1166//1166 1165//1165
f 1169//1169 1167//1167 1166//1166
f 1169//1169 1156//1156 1167//1167
f 1170//1170 1171//1171 1183//1183
f 1170//1170 1183//1183 1182//1182
f 1171//1171 1172//1172 1184//1184
f 1171//1171 1184//1184 1183//1183
f 1172//1172 1173//1173 1185//1185
f 1172//1172 1185//1185 1184//1184
f 1173//1173 1174//1174 1186//1186
f 1173//1173 1186//1186 1185//1185
f 1174//1174 1175//1175 1187//1187
f 1174//1174 1187//1187 1186//1186
f 1175//1175 1176//1176 1188//1188
f 1175//1175 1188//1188 1187//1187
f 1176//1176 1177//1177 1189//1189
f 1176//1176 1189//1189 1188//1188
f 1177//1177 1178//1178 1190//1190
f 1177//1177 1190//1190 1189//1189
f 1178//1178 1179//1179 1191//1191
f 1178//1178 1191//1191 1190//1190
f 1179//1179 1180//1180 1192//1192
f 1179//1179 1192//1192 1191//1191
f 1180//1180 1181//1181 1193//1193
f 1180//1180 1193//1193 1192//1192
f 1181//1181 1170//1170 1182//1182
f 1181//1181 1182//1182 1193//1193
f 1182//1182 1183//1183 1195//1195
f 1182//1182 1195//1195 1194//1194
f 1183//1183 1184//1184 1196//1196
f 1183//1183 1196//1196 1195//1195
f 1184//1184 1185//1185 1197//1197
f 1184//1184 1197//1197 1196//1196
f 1185//1185 1186//1186 1198//1198
f 1185//1185 1198//1198 1197//1197
f 1186//1186 1187//1187 1199//1199
f 1186//1186 1199//1199 1198//1198
f 1187//1187 1188//1188 1200//1200
f 1187//1187 1200//1200 1199//1199
f 1188//1188 1189//1189 1201//1201
f 1188//1188 1201//1201 1200//1200
f 1189//1189 1190//1190 1202//1202
f 1189//1189 1202//1202 1201//1201
f 1190//1190 1191//1191 1203//1203
f 1190//1190 1203//1203 1202//1202
f 1191//1191 1192//1192 1204//1204
f 1191//1191 1204//1204 1203//1203
f 1192//1192 1193//1193 1205//1205
f 1192//1192 1205//1205 1204//1204
f 1193//1193 1182//1182 1194//1194
f 1193//1193 1194//1194 1205//1205
f 1206//1206 1170//1170 1171//1171
f 1206//1206 1171//1171 1172//1172
f 1206//1206 1172//1172 1173//1173
f 1206//1206 1173//1173 1174//1174
f 1206//1206 1174//1174 1175//1175
f 1206//1206 1175//1175 1176//1176
f 1206//1206 1176//1176 1177//1177
f 1206//1206 1177//1177 1178//1178
f 1206//1206 1178//1178 1179//1179
f 1206//1206 1179//1179 1180//1180
f 1206//1206 1180//1180 1181//1181
f 1206//1206 1181//1181 1170//1170
f 1207//1207 1195//1195 1194//1194
f 1207//1207 1196//1196 1195//1195
f 1207//1207 1197//1197 1196//1196
f 1207//1207 1198//1198 1197//1197
f 1207//1207 1199//1199 1198//1198
f 1207//1207 1200//1200 1199//1199
f 1207//1207 1201//1201 1200//1200
f 1207//1207 1202//1202 1201//1201
f 1207//1207 1203//1203 1202//1202
f 1207//1207 1204//1204 1203//1203
f 1207//1207 1205//1205 1204//1204
f 1207//1207 1194//1194 1205//1205
f 1208//1208 1209//1209 1217//1217
f 1208//1208 1217//1217 1216//1216
f 1209//1209 1210//1210 1218//1218
f 1209//1209 1218//1218 1217//1217
f 1210//1210 1211//1211 1219//1219
f 1210//1210 1219//1219 1218//1218
f 1211//1211 1212//1212 1220//1220
f 1211//1211 1220//1220 1219//1219
f 1212//1212 1213//1213 1221//1221
f 1212//1212 1221//1221 1220//1220
f 1213//1213 1214//1214 1222//1222
f 1213//1213 1222//1222 1221//1221
f 1214//1214 1215//1215 1223//1223
f 1214//1214 1223//1223 1222//1222
f 1215//1215 1208//1208 1216//1216
f 1215//1215 1216//1216 1223//1223
f 1216//1216 1217//1217 1225//1225
f 1216//1216 1225//1225 1224//1224
f 1217//1217 1218//1218 1226//1226
f 1217//1217 1226//1226 1225//1225
f 1218//1218 1219//1219 1227//1227
f 1218//1218 1227//1227 1226//1226
f 1219//1219 1220//1220 1228//1228
f 1219//1219 1228//1228 1227//1227
f 1220//1220 1221//1221 1229//1229
f 1220//1220 1229//1229 1228//1228
f 1221//1221 1222//1222 1230//1230
f 1221//1221 1230//1230 1229//1229
f 1222//1222 1223//1223 1231//1231
f 1222//1222 1231//1231 1230//1230
f 1223//1223 1216//1216 1224//1224
f 1223//1223 1224//1224 1231//1231
f 1232//1232 1208//1208 1209//1209
f 1232//1232 1209//1209 1210//1210
f 1232//1232 1210//1210 1211//1211
f 1232//1232 1211//1211 1212//1212
f 1232//1232 1212//1212 1213//1213
f 1232//1232 1213//1213 1214//1214
f 1232//1232 1214//1214 1215//1215
f 1232//1232 1215//1215 1208//1208
f 1233//1233 1225//1225 1224//1224
f 1233//1233 1226//1226 1225//1225
f 1233//1233 1227//1227 1226//1226
f 1233//1233 1228//1228 1227//1227
f 1233//1233 1229//1229 1228//1228
f 1233//1233 1230//1230 1229//1229
f 1233//1233 1231//1231 1230//1230
f 1233//1233 1224//1224 1231//1231
f 1234//1234 1235//1235 1241//1241
f 1234//1234 1241//1241 1240//1240
f 1235//1235 1236//1236 1242//1242
f 1235//1235 1242//1242 1241//1241
f 1236//1236 1237//1237 1243//1243
f 1236//1236 1243//1243 1242//1242
f 1237//1237 1238//1238 1244//1244
f 1237//1237 1244//1244 1243//1243
f 1238//1238 1239//1239 1245//1245
f 1238//1238 1245//1245 1244//1244
f 1239//1239 1234//1234 1240//1240
f 1239//1239 1240//1240 1245//1245
f 1240//1240 1241//1241 1247//1247
f 1240//1240 1247//1247 1246//1246
f 1241//1241 1242//1242 1248//1248
f 1241//1241 1248//1248 1247//1247
f 1242//1242 1243//1243 1249//1249
f 1242//1242 1249//1249 1248//1248
f 1243//1243 1244//1244 1250//1250
f 1243//1243 1250//1250 1249//1249
f 1244//1244 1245//1245 1251//1251
f 1244//1244 1251//1251 1250//1250
f 1245//1245 1240//1240 1246//1246
f 1245//1245 1246//1246 1251//1251
f 1246//1246 1247//1247 1253//1253
f 1246//1246 1253//1253 1252//1252
f 1247//1247 1248//1248 1254//1254
f 1247//1247 1254//1254 1253//1253
f 1248//1248 1249//1249 1255//1255
f 1248//1248 1255//1255 1254//1254
f 1249//1249 1250//1250 1256//1256
f 1249//1249 1256//1256 1255//1255
f 1250//1250 1251//1251 1257//1257
f 1250//1250 1257//1257 1256//1256
f 1251//1251 1246//1246 1252//1252
f 1251//1251 1252//1252 1257//1257
f 1252//1252 1253//1253 1259//1259
f 1252//1252 1259//1259 1258//1258
f 1253//1253 1254//1254 1260//1260
f 1253//1253 1260//1260 1259//1259
f 1254//1254 1255//1255 1261//1261
f 1254//1254 1261//1261 1260//1260
f 1255//1255 1256//1256 1262//1262
f 1255//1255 1262//1262 1261//1261
f 1256//1256 1257//1257 1263//1263
f 1256//1256 1263//1263 1262//1262
f 1257//1257 1252//1252 1258//1258
f 1257//1257 1258//1258 1263//1263
f 1264//1264 1234//1234 1235//1235
f 1264//1264 1235//1235 1236//1236
f 1264//1264 1236//1236 1237//1237
f 1264//1264 1237//1237 1238//1238
f 1264//1264 1238//1238 1239//1239
f 1264//1264 1239//1239 1234//1234
f 1265//1265 1259//1259 1258//1258
f 1265//1265 1260//1260 1259//1259
f 1265//1265 1261//1261 1260//1260
f 1265//1265 1262//1262 1261//1261
f 1265//1265 1263//1263 1262//1262
f 1265//1265 1258//1258 1263//1263
f 1266//1266 1267//1267 1273//1273
f 1266//1266 1273//1273 1272//1272
f 1267//1267 1268//1268 1274//1274
f 1267//1267 1274//1274 1273//1273
f 1268//1268 1269//1269 1275//1275
f 1268//1268 1275//1275 1274//1274
f 1269//1269 1270//1270 1276//1276
f 1269//1269 1276//1276 1275//1275
f 1270//1270 1271//1271 1277//1277
f 1270//1270 1277//1277 1276//1276
f 1271//1271 1266//1266 1272//1272
f 1271//1271 1272//1272 1277//1277
f 1272//1272 1273//1273 1279//1279
f 1272//1272 1279//1279 1278//1278
f 1273//1273 1274//1274 1280//1280
f 1273//1273 1280//1280 1279//1279
f 1274//1274 1275//1275 1281//1281
f 1274//1274 1281//1281 1280//1280
f 1275//1275 1276//1276 1282//1282
f 1275//1275 1282//1282 1281//1281
f 1276//1276 1277//1277 1283//1283
f 1276//1276 1283//1283 1282//1282
f 1277//1277 1272//1272 1278//1278
f 1277//1277 1278//1278 1283//1283
f 1278//1278 1279//1279 1285//1285
f 1278//1278 1285//1285 1284//1284
f 1279//1279 1280//1280 1286//1286
f 1279//1279 1286//1286 1285//1285
f 1280//1280 1281//1281 1287//1287
f 1280//1280 1287//1287 1286//1286
f 1281//1281 1282//1282 1288//1288
f 1281//1281 1288//1288 1287//1287
f 1282//1282 1283//1283 1289//1289
f 1282//1282 1289//1289 1288//1288
f 1283//1283 1278//1278 1284//1284
f 1283//1283 1284//1284 1289//1289
f 1284//1284 1285//1285 1291//1291
f 1284//1284 1291//1291 1290//1290
f 1285//1285 1286//1286 1292//1292
f 1285//1285 1292//1292 1291//1291
f 1286//1286 1287//1287 1293//1293
f 1286//1286 1293//1293 1292//1292
f 1287//1287 1288//1288 1294//1294
f 1287//1287 1294//1294 1293//1293
f 1288//1288 1289//1289 1295//1295
f 1288//1288 1295//1295 1294//1294
f 1289//1289 1284//1284 1290//1290
f 1289//1289 1290//1290 1295//1295
f 1296//1296 1266//1266 1267//1267
f 1296//1296 1267//1267 1268//1268
f 1296//1296 1268//1268 1269//1269
f 1296//1296 1269//1269 1270//1270
f 1296//1296 1270//1270 1271//1271
f 1296//1296 1271//1271 1266//1266
f 1297//1297 1291//1291 1290//1290
f 1297//1297 1292//1292 1291//1291
f 1297//1297 1293//1293 1292//1292
f 1297//1297 1294//1294 1293//1293
f 1297//1297 1295//1295 1294//1294
f 1297//1297 1290//1290 1295//1295
f 1298//1298 1299//1299 1305//1305
f 1298//1298 1305//1305 1304//1304
f 1299//1299 1300//1300 1306//1306
f 1299//1299 1306//1306 1305//1305
f 1300//1300 1301//1301 1307//1307
f 1300//1300 1307//1307 1306//1306
f 1301//1301 1302//1302 1308//1308
f 1301//1301 1308//1308 1307//1307
f 1302//1302 1303//1303 1309//1309
f 1302//1302 1309//1309 1308//1308
f 1303//1303 1298//1298 1304//1304
f 1303//1303 1304//1304 1309//1309
f 1304//1304 1305//1305 1311//1311
f 1304//1304 1311//1311 1310//1310
f 1305//1305 1306//1306 1312//1312
f 1305//1305 1312//1312 1311//1311
f 1306//1306 1307//1307 1313//1313
f 1306//1306 1313//1313 1312//1312
f 1307//1307 1308//1308 1314//1314
f 1307//1307 1314//1314 1313//1313
f 1308//1308 1309//1309 1315//1315
f 1308//1308 1315//1315 1314//1314
f 1309//1309 1304//1304 1310//1310
f 1309//1309 1310//1310 1315//1315
f 1310//1310 1311//1311 1317//1317
f 1310//1310 1317//1317 1316//1316
f 1311//1311 1312//1312 1318//1318
f 1311//1311 1318//1318 1317//1317
f 1312//1312 1313//1313 1319//1319
f 1312//1312 1319//1319 1318//1318
f 1313//1313 1314//1314 1320//1320
f 1313//1313 1320//1320 1319//1319
f 1314//1314 1315//1315 1321//1321
f 1314//1314 1321//1321 1320//1320
f 1315//1315 1310//1310 1316//1316
f 1315//1315 1316//1316 1321//1321
f 1316//1316 1317//1317 1323//1323
f 1316//1316 1323//1323 1322//1322
f 1317//1317 1318//1318 1324//1324
f 1317//1317 1324//1324 1323//1323
f 1318//1318 1319//1319 1325//1325
f 1318//1318 1325//1325 1324//1324
f 1319//1319 1320//1320 1326//1326
f 1319//1319 1326//1326 1325//1325
f 1320//1320 1321//1321 1327//1327
f 1320//1320 1327//1327 1326//1326
f 1321//1321 1316//1316 1322//1322
f 1321//1321 1322//1322 1327//1327
f 1328//1328 1298//1298 1299//1299
f 1328//1328 1299//1299 1300//1300
f 1328//1328 1300//1300 1301//1301
f 1328//1328 1301//1301 1302//1302
f 1328//1328 1302//1302 1303//1303
f 1328//1328 1303//1303 1298//1298
f 1329//1329 1323//1323 1322//1322
f 1329//1329 1324//1324 1323//1323
f 1329//1329 1325//1325 1324//1324
f 1329//1329 1326//1326 1325//1325
f 1329//1329 1327//1327 1326//1326
f 1329//1329 1322//1322 1327//1327
f 1330//1330 1331//1331 1337//1337
f 1330//1330 1337//1337 1336//1336
f 1331//1331 1332//1332 1338//1338
f 1331//1331 1338//1338 1337//1337
f 1332//1332 1333//1333 1339//1339
f 1332//1332 1339//1339 1338//1338
f 1333//1333 1334//1334 1340//1340
f 1333//1333 1340//1340 1339//1339
f 1334//1334 1335//1335 1341//1341
f 1334//1334 1341//1341 1340//1340
f 1335//1335 1330//1330 1336//1336
f 1335//1335 1336//1336 1341//1341
f 1336//1336 1337//1337 1343//1343
f 1336//1336 1343//1343 1342//1342
f 1337//1337 1338//1338 1344//1344
f 1337//1337 1344//1344 1343//1343
f 1338//1338 1339//1339 1345//1345
f 1338//1338 1345//1345 1344//1344
f 1339//1339 1340//1340 1346//1346
f 1339//1339 1346//1346 1345//1345
f 1340//1340 1341//1341 1347//1347
f 1340//1340 1347//1347 1346//1346
f 1341//1341 1336//1336 1342//1342
f 1341//1341 1342//1342 1347//1347
f 1342//1342 1343//1343 1349//1349
f 1342//1342 1349//1349 1348//1348
f 1343//1343 1344//1344 1350//1350
f 1343//1343 1350//1350 1349//1349
f 1344//1344 1345//1345 1351//1351
f 1344//1344 1351//1351 1350//1350
f 1345//1345 1346//1346 1352//1352
f 1345//1345 1352//1352 1351//1351
f 1346//1346 1347//1347 1353//1353
f 1346//1346 1353//1353 1352//1352
f 1347//1347 1342//1342 1348//1348
f 1347//1347 1348//1348 1353//1353
f 1348//1348 1349//1349 1355//1355
f 1348//1348 1355//1355 1354//1354
f 1349//1349 1350//1350 1356//1356
f 1349//1349 1356//1356 1355//1355
f 1350//1350 1351//1351 1357//1357
f 1350//1350 1357//1357 1356//1356
f 1351//1351 1352//1352 1358//1358
f 1351//1351 1358//1358 1357//1357
f 1352//1352 1353//1353 1359//1359
f 1352//1352 1359//1359 1358//1358
f 1353//1353 1348//1348 1354//1354
f 1353//1353 1354//1354 1359//1359
f 1360//1360 1330//1330 1331//1331
f 1360//1360 1331//1331 1332//1332
f 1360//1360 1332//1332 1333//1333
f 1360//1360 1333//1333 1334//1334
f 1360//1360 1334//1334 1335//1335
f 1360//1360 1335//1335 1330//1330
f 1361//1361 1355//1355 1354//1354
f 1361//1361 1356//1356 1355//1355
f 1361//1361 1357//1357 1356//1356
f 1361//1361 1358//1358 1357//1357
f 1361//1361 1359//1359 1358//1358
f 1361//1361 1354//1354 1359//1359
f 1362//1362 1363//1363 1377//1377
f 1362//1362 1377//1377 1376//1376
f 1363//1363 1364//1364 1378//1378
f 1363//1363 1378//1378 1377//1377
f 1364//1364 1365//1365 1379//1379
f 1364//1364 1379//1379 1378//1378
f 1365//1365 1366//1366 1380//1380
f 1365//1365 1380//1380 1379//1379
f 1366//1366 1367//1367 1381//1381
f 1366//1366 1381//1381 1380//1380
f 1367//1367 1368//1368 1382//1382
f 1367//1367 1382//1382 1381//1381
f 1368//1368 1369//1369 1383//1383
f 1368//1368 1383//1383 1382//1382
f 1369//1369 1370//1370 1384//1384
f 1369//1369 1384//1384 1383//1383
f 1370//1370 1371//1371 1385//1385
f 1370//1370 1385//1385 1384//1384
f 1371//1371 1372//1372 1386//1386
f 1371//1371 1386//1386 1385//1385
f 1372//1372 1373//1373 1387//1387
f 1372//1372 1387//1387 1386//1386
f 1373//1373 1374//1374 1388//1388
f 1373//1373 1388//1388 1387//1387
f 1374//1374 1375//1375 1389//1389
f 1374//1374 1389//1389 1388//1388
f 1375//1375 1362//1362 1376//1376
f 1375//1375 1376//1376 1389//1389
f 1376//1376 1377//1377 1391//1391
f 1376//1376 1391//1391 1390//1390
f 1377//1377 1378//1378 1392//1392
f 1377//1377 1392//1392 1391//1391
f 1378//1378 1379//1379 1393//1393
f 1378//1378 1393//1393 1392//1392
f 1379//1379 1380//1380 1394//1394
f 1379//1379 1394//1394 1393//1393
f 1380//1380 1381//1381 1395//1395
f 1380//1380 1395//1395 1394//1394
f 1381//1381 1382//1382 1396//1396
f 1381//1381 1396//1396 1395//1395
f 1382//1382 1383//1383 1397//1397
f 1382//1382 1397//1397 1396//1396
f 1383//1383 1384//1384 1398//1398
f 1383//1383 1398//1398 1397//1397
f 1384//1384 1385//1385 1399//1399
f 1384//1384 1399//1399 1398//1398
f 1385//1385 1386//1386 1400//1400
f 1385//1385 1400//1400 1399//1399
f 1386//1386 1387//1387 1401//1401
f 1386//1386 1401//1401 1400//1400
f 1387//1387 1388//1388 1402//1402
f 1387//1387 1402//1402 1401//1401
f 1388//1388 1389//1389 1403//1403
f 1388//1388 1403//1403 1402//1402
f 1389//1389 1376//1376 1390//1390
f 1389//1389 1390//1390 1403//1403
f 1404//1404 1362//1362 1363//1363
f 1404//1404 1363//1363 1364//1364
f 1404//1404 1364//1364 1365//1365
f 1404//1404 1365//1365 1366//1366
f 1404//1404 1366//1366 1367//1367
f 1404//1404 1367//1367 1368//1368
f 1404//1404 1368//1368 1369//1369
f 1404//1404 1369//1369 1370//1370
f 1404//1404 1370//1370 1371//1371
f 1404//1404 1371//1371 1372//1372
f 1404//1404 1372//1372 1373//1373
f 1404//1404 1373//1373 1374//1374
f 1404//1404 1374//1374 1375//1375
f 1404//1404 1375//1375 1362//1362
f 1405//1405 1391//1391 1390//1390
f 1405//1405 1392//1392 1391//1391
f 1405//1405 1393//1393 1392//1392
f 1405//1405 1394//1394 1393//1393
f 1405//1405 1395//1395 1394//1394
f 1405//1405 1396//1396 1395//1395
f 1405//1405 1397//1397 1396//1396
f 1405//1405 1398//1398 1397//1397
f 1405//1405 1399//1399 1398//1398
f 1405//1405 1400//1400 1399//1399
f 1405//1405 1401//1401 1400//1400
f 1405//1405 1402//1402 1401//1401
f 1405//1405 1403//1403 1402//1402
f 1405//1405 1390//1390 1403//1403
f 1406//1406 1407//1407 1435//1435
f 1406//1406 1435//1435 1434//1434
f 1407//1407 1408//1408 1436//1436
f 1407//1407 1436//1436 1435//1435
f 1408//1408 1409//1409 1437//1437
f 1408//1408 1437//1437 1436//1436
f 1409//1409 1410//1410 1438//1438
f 1409//1409 1438//1438 1437//1437
f 1410//1410 1411//1411 1439//1439
f 1410//1410 1439//1439 1438//1438
f 1411//1411 1412//1412 1440//1440
f 1411//1411 1440//1440 1439//1439
f 1412//1412 1413//1413 1441//1441
f 1412//1412 1441//1441 1440//1440
f 1413//1413 1414//1414 1442//1442
f 1413//1413 1442//1442 1441//1441
f 1414//1414 1415//1415 1443//1443
f 1414//1414 1443//1443 1442//1442
f 1415//1415 1416//1416 1444//1444
f 1415//1415 1444//1444 1443//1443
f 1416//1416 1417//1417 1445//1445
f 1416//1416 1445//1445 1444//1444
f 1417//1417 1418//1418 1446//1446
f 1417//1417 1446//1446 1445//1445
f 1418//1418 1419//1419 1447//1447
f 1418//1418 1447//1447 1446//1446
f 1419//1419 1420//1420 1448//1448
f 1419//1419 1448//1448 1447//1447
f 1420//1420 1421//1421 1449//1449
f 1420//1420 1449//1449 1448//1448
f 1421//1421 1422//1422 1450//1450
f 1421//1421 1450//1450 1449//1449
f 1422//1422 1423//1423 1451//1451
f 1422//1422 1451//1451 1450//1450
f 1423//1423 1424//1424 1452//1452
f 1423//1423 1452//1452 1451//1451
f 1424//1424 1425//1425 1453//1453
f 1424//1424 1453//1453 1452//1452
f 1425//1425 1426//1426 1454//1454
f 1425//1425 1454//1454 1453//1453
f 1426//1426 1427//1427 1455//1455
f 1426//1426 1455//1455 1454//1454
f 1427//1427 1428//1428 1456//1456
f 1427//1427 1456//1456 1455//1455
f 1428//1428 1429//1429 1457//1457
f 1428//1428 1457//1457 1456//1456
f 1429//1429 1430//1430 1458//1458
f 1429//1429 1458//1458 1457//1457
f 1430//1430 1431//1431 1459//1459
f 1430//1430 1459//1459 1458//1458
f 1431//1431 1432//1432 1460//1460
f 1431//1431 1460//1460 1459//1459
f 1432//1432 1433//1433 1461//1461
f 1432//1432 1461//1461 1460//1460
f 1433//1433 1406//1406 1434//1434
f 1433//1433 1434//1434 1461//1461
f 1434//1434 1435//1435 1463//1463
f 1434//1434 1463//1463 1462//1462
f 1435//1435 1436//1436 1464//1464
f 1435//1435 1464//1464 1463//1463
f 1436//1436 1437//1437 1465//1465
f 1436//1436 1465//1465 1464//1464
f 1437//1437 1438//1438 1466//1466
f 1437//1437 1466//1466 1465//1465
f 1438//1438 1439//1439 1467//1467
f 1438//1438 1467//1467 1466//1466
f 1439//1439 1440//1440 1468//1468
f 1439//1439 1468//1468 1467//1467
f 1440//1440 1441//1441 1469//1469
f 1440//1440 1469//1469 1468//1468
f 1441//1441 1442//1442 1470//1470
f 1441//1441 1470//1470 1469//1469
f 1442//1442 1443//1443 1471//1471
f 1442//1442 1471//1471 1470//1470
f 1443//1443 1444//1444 1472//1472
f 1443//1443 1472//1472 1471//1471
f 1444//1444 1445//1445 1473//1473
f 1444//1444 1473//1473 1472//1472
f 1445//1445 1446//1446 1474//1474
f 1445//1445 1474//1474 1473//1473
f 1446//1446 1447//1447 1475//1475
f 1446//1446 1475//1475 1474//1474
f 1447//1447 1448//1448 1476//1476
f 1447//1447 1476//1476 1475//1475
f 1448//1448 1449//1449 1477//1477
f 1448//1448 1477//1477 1476//1476
f 1449//1449 1450//1450 1478//1478
f 1449//1449 1478//1478 1477//1477
f 1450//1450 1451//1451 1479//1479
f 1450//1450 1479//1479 1478//1478
f 1451//1451 1452//1452 1480//1480
f 1451//1451 1480//1480 1479//1479
f 1452//1452 1453//1453 1481//1481
f 1452//1452 1481//1481 1480//1480
f 1453//1453 1454//1454 1482//1482
f 1453//1453 1482//1482 1481//1481
f 1454//1454 1455//1455 1483//1483
f 1454//1454 1483//1483 1482//1482
f 1455//1455 1456//1456 1484//1484
f 1455//1455 1484//1484 1483//1483
f 1456//1456 1457//1457 1485//1485
f 1456//1456 1485//1485 1484//1484
f 1457//1457 1458//1458 1486//1486
f 1457//1457 1486//1486 1485//1485
f 1458//1458 1459//1459 1487//1487
f 1458//1458 1487//1487 1486//1486
f 1459//1459 1460//1460 1488//1488
f 1459//1459 1488//1488 1487//1487
f 1460//1460 1461//1461 1489//1489
f 1460//1460 1489//1489 1488//1488
f 1461//1461 1434//1434 1462//1462
f 1461//1461 1462//1462 1489//1489
f 1462//1462 1463//1463 1491//1491
f 1462//1462 1491//1491 1490//1490
f 1463//1463 1464//1464 1492//1492
f 1463//1463 1492//1492 1491//1491
f 1464//1464 1465//1465 1493//1493
f 1464//1464 1493//1493 1492//1492
f 1465//1465 1466//1466 1494//1494
f 1465//1465 1494//1494 1493//1493
f 1466//1466 1467//1467 1495//1495
f 1466//1466 1495//1495 1494//1494
f 1467//1467 1468//1468 1496//1496
f 1467//1467 1496//1496 1495//1495
f 1468//1468 1469//1469 1497//1497
f 1468//1468 1497//1497 1496//1496
f 1469//1469 1470//1470 1498//1498
f 1469//1469 1498//1498 1497//1497
f 1470//1470 1471//1471 1499//1499
f 1470//1470 1499//1499 1498//1498
f 1471//1471 1472//1472 1500//1500
f 1471//1471 1500//1500 1499//1499
f 1472//1472 1473//1473 1501//1501
f 1472//1472 1501//1501 1500//1500
f 1473//1473 1474//1474 1502//1502
f 1473//1473 1502//1502 1501//1501
f 1474//1474 1475//1475 1503//1503
f 1474//1474 1503//1503 1502//1502
f 1475//1475 1476//1476 1504//1504
f 1475//1475 1504//1504 1503//1503
f 1476//1476 1477//1477 1505//1505
f 1476//1476 1505//1505 1504//1504
f 1477//1477 1478//1478 1506//1506
f 1477//1477 1506//1506 1505//1505
f 1478//1478 1479//1479 1507//1507
f 1478//1478 1507//1507 1506//1506
f 1479//1479 1480//1480 1508//1508
f 1479//1479 1508//1508 1507//1507
f 1480//1480 1481//1481 1509//1509
f 1480//1480 1509//1509 1508//1508
f 1481//1481 1482//1482 1510//1510
f 1481//1481 1510//1510 1509//1509
f 1482//1482 1483//1483 1511//1511
f 1482//1482 1511//1511 1510//1510
f 1483//1483 1484//1484 1512//1512
f 1483//1483 1512//1512 1511//1511
f 1484//1484 1485//1485 1513//1513
f 1484//1484 1513//1513 1512//1512
f 1485//1485 1486//1486 1514//1514
f 1485//1485 1514//1514 1513//1513
f 1486//1486 1487//1487 1515//1515
f 1486//1486 1515//1515 1514//1514
f 1487//1487 1488//1488 1516//1516
f 1487//1487 1516//1516 1515//1515
f 1488//1488 1489//1489 1517//1517
f 1488//1488 1517//1517 1516//1516
f 1489//1489 1462//1462 1490//1490
f 1489//1489 1490//1490 1517//1517
f 1490//1490 1491//1491 1519//1519
f 1490//1490 1519//1519 1518//1518
f 1491//1491 1492//1492 1520//1520
f 1491//1491 1520//1520 1519//1519
f 1492//1492 1493//1493 1521//1521
f 1492//1492 1521//1521 1520//1520
f 1493//1493 1494//1494 1522//1522
f 1493//1493 1522//1522 1521//1521
f 1494//1494 1495//1495 1523//1523
f 1494//1494 1523//1523 1522//1522
f 1495//1495 1496//1496 1524//1524
f 1495//1495 1524//1524 1523//1523
f 1496//1496 1497//1497 1525//1525
f 1496//1496 1525//1525 1524//1524
f 1497//1497 1498//1498 1526//1526
f 1497//1497 1526//1526 1525//1525
f 1498//1498 1499//1499 1527//1527
f 1498//1498 1527//1527 1526//1526
f 1499//1499 1500//1500 1528//1528
f 1499//1499 1528//1528 1527//1527
f 1500//1500 1501//1501 1529//1529
f 1500//1500 1529//1529 1528//1528
f 1501//1501 1502//1502 1530//1530
f 1501//1501 1530//1530 1529//1529
f 1502//1502 1503//1503 1531//1531
f 1502//1502 1531//1531 1530//1530
f 1503//1503 1504//1504 1532//1532
f 1503//1503 1532//1532 1531//1531
f 1504//1504 1505//1505 1533//1533
f 1504//1504 1533//1533 1532//1532
f 1505//1505 1506//1506 1534//1534
f 1505//1505 1534//1534 1533//1533
f 1506//1506 1507//1507 1535//1535
f 1506//1506 1535//1535 1534//1534
f 1507//1507 1508//1508 1536//1536
f 1507//1507 1536//1536 1535//1535
f 1508//1508 1509//1509 1537//1537
f 1508//1508 1537//1537 1536//1536
f 1509//1509 1510//1510 1538//1538
f 1509//1509 1538//1538 1537//1537
f 1510//1510 1511//1511 1539//1539
f 1510//1510 1539//1539 1538//1538
f 1511//1511 1512//1512 1540//1540
f 1511//1511 1540//1540 1539//1539
f 1512//1512 1513//1513 1541//1541
f 1512//1512 1541//1541 1540//1540
f 1513//1513 1514//1514 1542//1542
f 1513//1513 1542//1542 1541//1541
f 1514//1514 1515//1515 1543//1543
f 1514//1514 1543//1543 1542//1542
f 1515//1515 1516//1516 1544//1544
f 1515//1515 1544//1544 1543//1543
f 1516//1516 1517//1517 1545//1545
f 1516//1516 1545//1545 1544//1544
f 1517//1517 1490//1490 1518//1518
f 1517//1517 1518//1518 1545//1545
f 1518//1518 1519//1519 1547//1547
f 1518//1518 1547//1547 1546//1546
f 1519//1519 1520//1520 1548//1548
f 1519//1519 1548//1548 1547//1547
f 1520//1520 1521//1521 1549//1549
f 1520//1520 1549//1549 1548//1548
f 1521//1521 1522//1522 1550//1550
f 1521//1521 1550//1550 1549//1549
f 1522//1522 1523//1523 1551//1551
f 1522//1522 1551//1551 1550//1550
f 1523//1523 1524//1524 1552//1552
f 1523//1523 1552//1552 1551//1551
f 1524//1524 1525//1525 1553//1553
f 1524//1524 1553//1553 1552//1552
f 1525//1525 1526//1526 1554//1554
f 1525//1525 1554//1554 1553//1553
f 1526//1526 1527//1527 1555//1555
f 1526//1526 1555//1555 1554//1554
f 1527//1527 1528//1528 1556//1556
f 1527//1527 1556//1556 1555//1555
f 1528//1528 1529//1529 1557//1557
f 1528//1528 1557//1557 1556//1556
f 1529//1529 1530//1530 1558//1558
f 1529//1529 1558//1558 1557//1557
f 1530//1530 1531//1531 1559//1559
f 1530//1530 1559//1559 1558//1558
f 1531//1531 1532//1532 1560//1560
f 1531//1531 1560//1560 1559//1559
f 1532//1532 1533//1533 1561//1561
f 1532//1532 1561//1561 1560//1560
f 1533//1533 1534//1534 1562//1562
f 1533//1533 1562//1562 1561//1561
f 1534//1534 1535//1535 1563//1563
f 1534//1534 1563//1563 1562//1562
f 1535//1535 1536//1536 1564//1564
f 1535//1535 1564//1564 1563//1563
f 1536//1536 1537//1537 1565//1565
f 1536//1536 1565//1565 1564//1564
f 1537//1537 1538//1538 1566//1566
f 1537//1537 1566//1566 1565//1565
f 1538//1538 1539//1539 1567//1567
f 1538//1538 1567//1567 1566//1566
f 1539//1539 1540//1540 1568//1568
f 1539//1539 1568//1568 1567//1567
f 1540//1540 1541//1541 1569//1569
f 1540//1540 1569//1569 1568//1568
f 1541//1541 1542//1542 1570//1570
f 1541//1541 1570//1570 1569//1569
f 1542//1542 1543//1543 1571//1571
f 1542//1542 1571//1571 1570//1570
f 1543//1543 1544//1544 1572//1572
f 1543//1543 1572//1572 1571//1571
f 1544//1544 1545//1545 1573//1573
f 1544//1544 1573//1573 1572//1572
f 1545//1545 1518//1518 1546//1546
f 1545//1545 1546//1546 1573//1573
f 1546//1546 1547//1547 1575//1575
f 1546//1546 1575//1575 1574//1574
f 1547//1547 1548//1548 1576//1576
f 1547//1547 1576//1576 1575//1575
f 1548//1548 1549//1549 1577//1577
f 1548//1548 1577//1577 1576//1576
f 1549//1549 1550//1550 1578//1578
f 1549//1549 1578//1578 1577//1577
f 1550//1550 1551//1551 1579//1579
f 1550//1550 1579//1579 1578//1578
f 1551//1551 1552//1552 1580//1580
f 1551//1551 1580//1580 1579//1579
f 1552//1552 1553//1553 1581//1581
f 1552//1552 1581//1581 1580//1580
f 1553//1553 1554//1554 1582//1582
f 1553//1553 1582//1582 1581//1581
f 1554//1554 1555//1555 1583//1583
f 1554//1554 1583//1583 1582//1582
f 1555//1555 1556//1556 1584//1584
f 1555//1555 1584//1584 1583//1583
f 1556//1556 1557//1557 1585//1585
f 1556//1556 1585//1585 1584//1584
f 1557//1557 1558//1558 1586//1586
f 1557//1557 1586//1586 1585//1585
f 1558//1558 1559//1559 1587//1587
f 1558//1558 1587//1587 1586//1586
f 1559//1559 1560//1560 1588//1588
f 1559//1559 1588//1588 1587//1587
f 1560//1560 1561//1561 1589//1589
f 1560//1560 1589//1589 1588//1588
f 1561//1561 1562//1562 1590//1590
f 1561//1561 1590//1590 1589//1589
f 1562//1562 1563//1563 1591//1591
f 1562//1562 1591//1591 1590//1590
f 1563//1563 1564//1564 1592//1592
f 1563//1563 1592//1592 1591//1591
f 1564//1564 1565//1565 1593//1593
f 1564//1564 1593//1593 1592//1592
f 1565//1565 1566//1566 1594//1594
f 1565//1565 1594//1594 1593//1593
f 1566//1566 1567//1567 1595//1595
f 1566//1566 1595//1595 1594//1594
f 1567//1567 1568//1568 1596//1596
f 1567//1567 1596//1596 1595//1595
f 1568//1568 1569//1569 1597//1597
f 1568//1568 1597//1597 1596//1596
f 1569//1569 1570//1570 1598//1598
f 1569//1569 1598//1598 1597//1597
f 1570//1570 1571//1571 1599//1599
f 1570//1570 1599//1599 1598//1598
f 1571//1571 1572//1572 1600//1600
f 1571//1571 1600//1600 1599//1599
f 1572//1572 1573//1573 1601//1601
f 1572//1572 1601//1601 1600//1600
f 1573//1573 1546//1546 1574//1574
f 1573//1573 1574//1574 1601//1601
f 1574//1574 1575//1575 1603//1603
f 1574//1574 1603//1603 1602//1602
f 1575//1575 1576//1576 1604//1604
f 1575//1575 1604//1604 1603//1603
f 1576//1576 1577//1577 1605//1605
f 1576//1576 1605//1605 1604//1604
f 1577//1577 1578//1578 1606//1606
f 1577//1577 1606//1606 1605//1605
f 1578//1578 1579//1579 1607//1607
f 1578//1578 1607//1607 1606//1606
f 1579//1579 1580//1580 1608//1608
f 1579//1579 1608//1608 1607//1607
f 1580//1580 1581//1581 1609//1609
f 1580//1580 1609//1609 1608//1608
f 1581//1581 1582//1582 1610//1610
f 1581//1581 1610//1610 1609//1609
f 1582//1582 1583//1583 1611//1611
f 1582//1582 1611//1611 1610//1610
f 1583//1583 1584//1584 1612//1612
f 1583//1583 1612//1612 1611//1611
f 1584//1584 1585//1585 1613//1613
f 1584//1584 1613//1613 1612//1612
f 1585//1585 1586//1586 1614//1614
f 1585//1585 1614//1614 1613//1613
f 1586//1586 1587//1587 1615//1615
f 1586//1586 1615//1615 1614//1614
f 1587//1587 1588//1588 1616//1616
f 1587//1587 1616//1616 1615//1615
f 1588//1588 1589//1589 1617//1617
f 1588//1588 1617//1617 1616//1616
f 1589//1589 1590//1590 1618//1618
f 1589//1589 1618//1618 1617//1617
f 1590//1590 1591//1591 1619//1619
f 1590//1590 1619//1619 1618//1618
f 1591//1591 1592//1592 1620//1620
f 1591//1591 1620//1620 1619//1619
f 1592//1592 1593//1593 1621//1621
f 1592//1592 1621//1621 1620//1620
f 1593//1593 1594//1594 1622//1622
f 1593//1593 1622//1622 1621//1621
f 1594//1594 1595//1595 1623//1623
f 1594//1594 1623//1623 1622//1622
f 1595//1595 1596//1596 1624//1624
f 1595//1595 1624//1624 1623//1623
f 1596//1596 1597//1597 1625//1625
f 1596//1596 1625//1625 1624//1624
f 1597//1597 1598//1598 1626//1626
f 1597//1597 1626//1626 1625//1625
f 1598//1598 1599//1599 1627//1627
f 1598//1598 1627//1627 1626//1626
f 1599//1599 1600//1600 1628//1628
f 1599//1599 1628//1628 1627//1627
f 1600//1600 1601//1601 1629//1629
f 1600//1600 1629//1629 1628//1628
f 1601//1601 1574//1574 1602//1602
f 1601//1601 1602//1602 1629//1629
f 1602//1602 1603//1603 1631//1631
f 1602//1602 1631//1631 1630//1630
f 1603//1603 1604//1604 1632//1632
f 1603//1603 1632//1632 1631//1631
f 1604//1604 1605//1605 1633//1633
f 1604//1604 1633//1633 1632//1632
f 1605//1605 1606//1606 1634//1634
f 1605//1605 1634//1634 1633//1633
f 1606//1606 1607//1607 1635//1635
f 1606//1606 1635//1635 1634//1634
f 1607//1607 1608//1608 1636//1636
f 1607//1607 1636//1636 1635//1635
f 1608//1608 1609//1609 1637//1637
f 1608//1608 1637//1637 1636//1636
f 1609//1609 1610//1610 1638//1638
f 1609//1609 1638//1638 1637//1637
f 1610//1610 1611//1611 1639//1639
f 1610//1610 1639//1639 1638//1638
f 1611//1611 1612//1612 1640//1640
f 1611//1611 1640//1640 1639//1639
f 1612//1612 1613//1613 1641//1641
f 1612//1612 1641//1641 1640//1640
f 1613//1613 1614//1614 1642//1642
f 1613//1613 1642//1642 1641//1641
f 1614//1614 1615//1615 1643//1643
f 1614//1614 1643//1643 1642//1642
f 1615//1615 1616//1616 1644//1644
f 1615//1615 1644//1644 1643//1643
f 1616//1616 1617//1617 1645//1645
f 1616//1616 1645//1645 1644//1644
f 1617//1617 1618//1618 1646//1646
f 1617//1617 1646//1646 1645//1645
f 1618//1618 1619//1619 1647//1647
f 1618//1618 1647//1647 1646//1646
f 1619//1619 1620//1620 1648//1648
f 1619//1619 1648//1648 1647//1647
f 1620//1620 1621//1621 1649//1649
f 1620//1620 1649//1649 1648//1648
f 1621//1621 1622//1622 1650//1650
f 1621//1621 1650//1650 1649//1649
f 1622//1622 1623//1623 1651//1651
f 1622//1622 1651//1651 1650//1650
f 1623//1623 1624//1624 1652//1652
f 1623//1623 1652//1652 1651//1651
f 1624//1624 1625//1625 1653//1653
f 1624//1624 1653//1653 1652//1652
f 1625//1625 1626//1626 1654//1654
f 1625//1625 1654//1654 1653//1653
f 1626//1626 1627//1627 1655//1655
f 1626//1626 1655//1655 1654//1654
f 1627//1627 1628//1628 1656//1656
f 1627//1627 1656//1656 1655//1655
f 1628//1628 1629//1629 1657//1657
f 1628//1628 1657//1657 1656//1656
f 1629//1629 1602//1602 1630//1630
f 1629//1629 1630//1630 1657//1657
f 1630//1630 1631//1631 1659//1659
f 1630//1630 1659//1659 1658//1658
f 1631//1631 1632//1632 1660//1660
f 1631//1631 1660//1660 1659//1659
f 1632//1632 1633//1633 1661//1661
f 1632//1632 1661//1661 1660//1660
f 1633//1633 1634//1634 1662//1662
f 1633//1633 1662//1662 1661//1661
f 1634//1634 1635//1635 1663//1663
f 1634//1634 1663//1663 1662//1662
f 1635//1635 1636//1636 1664//1664
f 1635//1635 1664//1664 1663//1663
f 1636//1636 1637//1637 1665//1665
f 1636//1636 1665//1665 1664//1664
f 1637//1637 1638//1638 1666//1666
f 1637//1637 1666//1666 1665//1665
f 1638//1638 1639//1639 1667//1667
f 1638//1638 1667//1667 1666//1666
f 1639//1639 1640//1640 1668//1668
f 1639//1639 1668//1668 1667//1667
f 1640//1640 1641//1641 1669//1669
f 1640//1640 1669//1669 1668//1668
f 1641//1641 1642//1642 1670//1670
f 1641//1641 1670//1670 1669//1669
f 1642//1642 1643//1643 1671//1671
f 1642//1642 1671//1671 1670//1670
f 1643//1643 1644//1644 1672//1672
f 1643//1643 1672//1672 1671//1671
f 1644//1644 1645//1645 1673//1673
f 1644//1644 1673//1673 1672//1672
f 1645//1645 1646//1646 1674//1674
f 1645//1645 1674//1674 1673//1673
f 1646//1646 1647//1647 1675//1675
f 1646//1646 1675//1675 1674//1674
f 1647//1647 1648//1648 1676//1676
f 1647//1647 1676//1676 1675//1675
f 1648//1648 1649//1649 1677//1677
f 1648//1648 1677//1677 1676//1676
f 1649//1649 1650//1650 1678//1678
f 1649//1649 1678//1678 1677//1677
f 1650//1650 1651//1651 1679//1679
f 1650//1650 1679//1679 1678//1678
f 1651//1651 1652//1652 1680//1680
f 1651//1651 1680//1680 1679//1679
f 1652//1652 1653//1653 1681//1681
f 1652//1652 1681//1681 1680//1680
f 1653//1653 1654//1654 1682//1682
f 1653//1653 1682//1682 1681//1681
f 1654//1654 1655//1655 1683//1683
f 1654//1654 1683//1683 1682//1682
f 1655//1655 1656//1656 1684//1684
f 1655//1655 1684//1684 1683//1683
f 1656//1656 1657//1657 1685//1685
f 1656//1656 1685//1685 1684//1684
f 1657//1657 1630//1630 1658//1658
f 1657//1657 1658//1658 1685//1685
f 1658//1658 1659//1659 1687//1687
f 1658//1658 1687//1687 1686//1686
f 1659//1659 1660//1660 1688//1688
f 1659//1659 1688//1688 1687//1687
f 1660//1660 1661//1661 1689//1689
f 1660//1660 1689//1689 1688//1688
f 1661//1661 1662//1662 1690//1690
f 1661//1661 1690//1690 1689//1689
f 1662//1662 1663//1663 1691//1691
f 1662//1662 1691//1691 1690//1690
f 1663//1663 1664//1664 1692//1692
f 1663//1663 1692//1692 1691//1691
f 1664//1664 1665//1665 1693//1693
f 1664//1664 1693//1693 1692//1692
f 1665//1665 1666//1666 1694//1694
f 1665//1665 1694//1694 1693//1693
f 1666//1666 1667//1667 1695//1695
f 1666//1666 1695//1695 1694//1694
f 1667//1667 1668//1668 1696//1696
f 1667//1667 1696//1696 1695//1695
f 1668//1668 1669//1669 1697//1697
f 1668//1668 1697//1697 1696//1696
f 1669//1669 1670//1670 1698//1698
f 1669//1669 1698//1698 1697//1697
f 1670//1670 1671//1671 1699//1699
f 1670//1670 1699//1699 1698//1698
f 1671//1671 1672//1672 1700//1700
f 1671//1671 1700//1700 1699//1699
f 1672//1672 1673//1673 1701//1701
f 1672//1672 1701//1701 1700//1700
f 1673//1673 1674//1674 1702//1702
f 1673//1673 1702//1702 1701//1701
f 1674//1674 1675//1675 1703//1703
f 1674//1674 1703//1703 1702//1702
f 1675//1675 1676//1676 1704//1704
f 1675//1675 1704//1704 1703//1703
f 1676//1676 1677//1677 1705//1705
f 1676//1676 1705//1705 1704//1704
f 1677//1677 1678//1678 1706//1706
f 1677//1677 1706//1706 1705//1705
f 1678//1678 1679//1679 1707//1707
f 1678//1678 1707//1707 1706//1706
f 1679//1679 1680//1680 1708//1708
f 1679//1679 1708//1708 1707//1707
f 1680//1680 1681//1681 1709//1709
f 1680//1680 1709//1709 1708//1708
f 1681//1681 1682//1682 1710//1710
f 1681//1681 1710//1710 1709//1709
f 1682//1682 1683//1683 1711//1711
f 1682//1682 1711//1711 1710//1710
f 1683//1683 1684//1684 1712//1712
f 1683//1683 1712//1712 1711//1711
f 1684//1684 1685//1685 1713//1713
f 1684//1684 1713//1713 1712//1712
f 1685//1685 1658//1658 1686//1686
f 1685//1685 1686//1686 1713//1713
f 1686//1686 1687//1687 1715//1715
f 1686//1686 1715//1715 1714//1714
f 1687//1687 1688//1688 1716//1716
f 1687//1687 1716//1716 1715//1715
f 1688//1688 1689//1689 1717//1717
f 1688//1688 1717//1717 1716//1716
f 1689//1689 1690//1690 1718//1718
f 1689//1689 1718//1718 1717//1717
f 1690//1690 1691//1691 1719//1719
f 1690//1690 1719//1719 1718//1718
f 1691//1691 1692//1692 1720//1720
f 1691//1691 1720//1720 1719//1719
f 1692//1692 1693//1693 1721//1721
f 1692//1692 1721//1721 1720//1720
f 1693//1693 1694//1694 1722//1722
f 1693//1693 1722//1722 1721//1721
f 1694//1694 1695//1695 1723//1723
f 1694//1694 1723//1723 1722//1722
f 1695//1695 1696//1696 1724//1724
f 1695//1695 1724//1724 1723//1723
f 1696//1696 1697//1697 1725//1725
f 1696//1696 1725//1725 1724//1724
f 1697//1697 1698//1698 1726//1726
f 1697//1697 1726//1726 1725//1725
f 1698//1698 1699//1699 1727//1727
f 1698//1698 1727//1727 1726//1726
f 1699//1699 1700//1700 1728//1728
f 1699//1699 1728//1728 1727//1727
f 1700//1700 1701//1701 1729//1729
f 1700//1700 1729//1729 1728//1728
f 1701//1701 1702//1702 1730//1730
f 1701//1701 1730//1730 1729//1729
f 1702//1702 1703//1703 1731//1731
f 1702//1702 1731//1731 1730//1730
f 1703//1703 1704//1704 1732//1732
f 1703//1703 1732//1732 1731//1731
f 1704//1704 1705//1705 1733//1733
f 1704//1704 1733//1733 1732//1732
f 1705//1705 1706//1706 1734//1734
f 1705//1705 1734//1734 1733//1733
f 1706//1706 1707//1707 1735//1735
f 1706//1706 1735//1735 1734//1734
f 1707//1707 1708//1708 1736//1736
f 1707//1707 1736//1736 1735//1735
f 1708//1708 1709//1709 1737//1737
f 1708//1708 1737//1737 1736//1736
f 1709//1709 1710//1710 1738//1738
f 1709//1709 1738//1738 1737//1737
f 1710//1710 1711//1711 1739//1739
f 1710//1710 1739//1739 1738//1738
f 1711//1711 1712//1712 1740//1740
f 1711//1711 1740//1740 1739//1739
f 1712//1712 1713//1713 1741//1741
f 1712//1712 1741//1741 1740//1740
f 1713//1713 1686//1686 1714//1714
f 1713//1713 1714//1714 1741//1741
f 1714//1714 1715//1715 1743//1743
f 1714//1714 1743//1743 1742//1742
f 1715//1715 1716//1716 1744//1744
f 1715//1715 1744//1744 1743//1743
f 1716//1716 1717//1717 1745//1745
f 1716//1716 1745//1745 1744//1744
f 1717//1717 1718//1718 1746//1746
f 1717//1717 1746//1746 1745//1745
f 1718//1718 1719//1719 1747//1747
f 1718//1718 1747//1747 1746//1746
f 1719//1719 1720//1720 1748//1748
f 1719//1719 1748//1748 1747//1747
f 1720//1720 1721//1721 1749//1749
f 1720//1720 1749//1749 1748//1748
f 1721//1721 1722//1722 1750//1750
f 1721//1721 1750//1750 1749//1749
f 1722//1722 1723//1723 1751//1751
f 1722//1722 1751//1751 1750//1750
f 1723//1723 1724//1724 1752//1752
f 1723//1723 1752//1752 1751//1751
f 1724//1724 1725//1725 1753//1753
f 1724//1724 1753//1753 1752//1752
f 1725//1725 1726//1726 1754//1754
f 1725//1725 1754//1754 1753//1753
f 1726//1726 1727//1727 1755//1755
f 1726//1726 1755//1755 1754//1754
f 1727//1727 1728//1728 1756//1756
f 1727//1727 1756//1756 1755//1755
f 1728//1728 1729//1729 1757//1757
f 1728//1728 1757//1757 1756//1756
f 1729//1729 1730//1730 1758//1758
f 1729//1729 1758//1758 1757//1757
f 1730//1730 1731//1731 1759//1759
f 1730//1730 1759//1759 1758//1758
f 1731//1731 1732//1732 1760//1760
f 1731//1731 1760//1760 1759//1759
f 1732//1732 1733//1733 1761//1761
f 1732//1732 1761//1761 1760//1760
f 1733//1733 1734//1734 1762//1762
f 1733//1733 1762//1762 1761//1761
f 1734//1734 1735//1735 1763//1763
f 1734//1734 1763//1763 1762//1762
f 1735//1735 1736//1736 1764//1764
f 1735//1735 1764//1764 1763//1763
f 1736//1736 1737//1737 1765//1765
f 1736//1736 1765//1765 1764//1764
f 1737//1737 1738//1738 1766//1766
f 1737//1737 1766//1766 1765//1765
f 1738//1738 1739//1739 1767//1767
f 1738//1738 1767//1767 1766//1766
f 1739//1739 1740//1740 1768//1768
f 1739//1739 1768//1768 1767//1767
f 1740//1740 1741//1741 1769//1769
f 1740//1740 1769//1769 1768//1768
f 1741//1741 1714//1714 1742//1742
f 1741//1741 1742//1742 1769//1769
f 1742//1742 1743//1743 1771//1771
f 1742//1742 1771//1771 1770//1770
f 1743//1743 1744//1744 1772//1772
f 1743//1743 1772//1772 1771//1771
f 1744//1744 1745//1745 1773//1773
f 1744//1744 1773//1773 1772//1772
f 1745//1745 1746//1746 1774//1774
f 1745//1745 1774//1774 1773//1773
f 1746//1746 1747//1747 1775//1775
f 1746//1746 1775//1775 1774//1774
f 1747//1747 1748//1748 1776//1776
f 1747//1747 1776//1776 1775//1775
f 1748//1748 1749//1749 1777//1777
f 1748//1748 1777//1777 1776//1776
f 1749//1749 1750//1750 1778//1778
f 1749//1749 1778//1778 1777//1777
f 1750//1750 1751//1751 1779//1779
f 1750//1750 1779//1779 1778//1778
f 1751//1751 1752//1752 1780//1780
f 1751//1751 1780//1780 1779//1779
f 1752//1752 1753//1753 1781//1781
f 1752//1752 1781//1781 1780//1780
f 1753//1753 1754//1754 1782//1782
f 1753//1753 1782//1782 1781//1781
f 1754//1754 1755//1755 1783//1783
f 1754//1754 1783//1783 1782//1782
f 1755//1755 1756//1756 1784//1784
f 1755//1755 1784//1784 1783//1783
f 1756//1756 1757//1757 1785//1785
f 1756//1756 1785//1785 1784//1784
f 1757//1757 1758//1758 1786//1786
f 1757//1757 1786//1786 1785//1785
f 1758//1758 1759//1759 1787//1787
f 1758//1758 1787//1787 1786//1786
f 1759//1759 1760//1760 1788//1788
f 1759//1759 1788//1788 1787//1787
f 1760//1760 1761//1761 1789//1789
f 1760//1760 1789//1789 1788//1788
f 1761//1761 1762//1762 1790//1790
f 1761//1761 1790//1790 1789//1789
f 1762//1762 1763//1763 1791//1791
f 1762//1762 1791//1791 1790//1790
f 1763//1763 1764//1764 1792//1792
f 1763//1763 1792//1792 1791//1791
f 1764//1764 1765//1765 1793//1793
f 1764//1764 1793//1793 1792//1792
f 1765//1765 1766//1766 1794//1794
f 1765//1765 1794//1794 1793//1793
f 1766//1766 1767//1767 1795//1795
f 1766//1766 1795//1795 1794//1794
f 1767//1767 1768//1768 1796//1796
f 1767//1767 1796//1796 1795//1795
f 1768//1768 1769//1769 1797//1797
f 1768//1768 1797//1797 1796//1796
f 1769//1769 1742//1742 1770//1770
f 1769//1769 1770//1770 1797//1797
f 1770//1770 1771//1771 1799//1799
f 1770//1770 1799//1799 1798//1798
f 1771//1771 1772//1772 1800//1800
f 1771//1771 1800//1800 1799//1799
f 1772//1772 1773//1773 1801//1801
f 1772//1772 1801//1801 1800//1800
f 1773//1773 1774//1774 1802//1802
f 1773//1773 1802//1802 1801//1801
f 1774//1774 1775//1775 1803//1803
f 1774//1774 1803//1803 1802//1802
f 1775//1775 1776//1776 1804//1804
f 1775//1775 1804//1804 1803//1803
f 1776//1776 1777//1777 1805//1805
f 1776//1776 1805//1805 1804//1804
f 1777//1777 1778//1778 1806//1806
f 1777//1777 1806//1806 1805//1805
f 1778//1778 1779//1779 1807//1807
f 1778//1778 1807//1807 1806//1806
f 1779//1779 1780//1780 1808//1808
f 1779//1779 1808//1808 1807//1807
f 1780//1780 1781//1781 1809//1809
f 1780//1780 1809//1809 1808//1808
f 1781//1781 1782//1782 1810//1810
f 1781//1781 1810//1810 1809//1809
f 1782//1782 1783//1783 1811//1811
f 1782//1782 1811//1811 1810//1810
f 1783//1783 1784//1784 1812//1812
f 1783//1783 1812//1812 1811//1811
f 1784//1784 1785//1785 1813//1813
f 1784//1784 1813//1813 1812//1812
f 1785//1785 1786//1786 1814//1814
f 1785//1785 1814//1814 1813//1813
f 1786//1786 1787//1787 1815//1815
f 1786//1786 1815//1815 1814//1814
f 1787//1787 1788//1788 1816//1816
f 1787//1787 1816//1816 1815//1815
f 1788//1788 1789//1789 1817//1817
f 1788//1788 1817//1817 1816//1816
f 1789//1789 1790//1790 1818//1818
f 1789//1789 1818//1818 1817//1817
f 1790//1790 1791//1791 1819//1819
f 1790//1790 1819//1819 1818//1818
f 1791//1791 1792//1792 1820//1820
f 1791//1791 1820//1820 1819//1819
f 1792//1792 1793//1793 1821//1821
f 1792//1792 1821//1821 1820//1820
f 1793//1793 1794//1794 1822//1822
f 1793//1793 1822//1822 1821//1821
f 1794//1794 1795//1795 1823//1823
f 1794//1794 1823//1823 1822//1822
f 1795//1795 1796//1796 1824//1824
f 1795//1795 1824//1824 1823//1823
f 1796//1796 1797//1797 1825//1825
f 1796//1796 1825//1825 1824//1824
f 1797//1797 1770//1770 1798//1798
f 1797//1797 1798//1798 1825//1825
f 1798//1798 1799//1799 1827//1827
f 1798//1798 1827//1827 1826//1826
f 1799//1799 1800//1800 1828//1828
f 1799//1799 1828//1828 1827//1827
f 1800//1800 1801//1801 1829//1829
f 1800//1800 1829//1829 1828//1828
f 1801//1801 1802//1802 1830//1830
f 1801//1801 1830//1830 1829//1829
f 1802//1802 1803//1803 1831//1831
f 1802//1802 1831//1831 1830//1830
f 1803//1803 1804//1804 1832//1832
f 1803//1803 1832//1832 1831//1831
f 1804//1804 1805//1805 1833//1833
f 1804//1804 1833//1833 1832//1832
f 1805//1805 1806//1806 1834//1834
f 1805//1805 1834//1834 1833//1833
f 1806//1806 1807//1807 1835//1835
f 1806//1806 1835//1835 1834//1834
f 1807//1807 1808//1808 1836//1836
f 1807//1807 1836//1836 1835//1835
f 1808//1808 1809//1809 1837//1837
f 1808//1808 1837//1837 1836//1836
f 1809//1809 1810//1810 1838//1838
f 1809//1809 1838//1838 1837//1837
f 1810//1810 1811//1811 1839//1839
f 1810//1810 1839//1839 1838//1838
f 1811//1811 1812//1812 1840//1840
f 1811//1811 1840//1840 1839//1839
f 1812//1812 1813//1813 1841//1841
f 1812//1812 1841//1841 1840//1840
f 1813//1813 1814//1814 1842//1842
f 1813//1813 1842//1842 1841//1841
f 1814//1814 1815//1815 1843//1843
f 1814//1814 1843//1843 1842//1842
f 1815//1815 1816//1816 1844//1844
f 1815//1815 1844//1844 1843//1843
f 1816//1816 1817//1817 1845//1845
f 1816//1816 1845//1845 1844//1844
f 1817//1817 1818//1818 1846//1846
f 1817//1817 1846//1846 1845//1845
f 1818//1818 1819//1819 1847//1847
f 1818//1818 1847//1847 1846//1846
f 1819//1819 1820//1820 1848//1848
f 1819//1819 1848//1848 1847//1847
f 1820//1820 1821//1821 1849//1849
f 1820//1820 1849//1849 1848//1848
f 1821//1821 1822//1822 1850//1850
f 1821//1821 1850//1850 1849//1849
f 1822//1822 1823//1823 1851//1851
f 1822//1822 1851//1851 1850//1850
f 1823//1823 1824//1824 1852//1852
f 1823//1823 1852//1852 1851//1851
f 1824//1824 1825//1825 1853//1853
f 1824//1824 1853//1853 1852//1852
f 1825//1825 1798//1798 1826//1826
f 1825//1825 1826//1826 1853//1853
f 1826//1826 1827//1827 1855//1855
f 1826//1826 1855//1855 1854//1854
f 1827//1827 1828//1828 1856//1856
f 1827//1827 1856//1856 1855//1855
f 1828//1828 1829//1829 1857//1857
f 1828//1828 1857//1857 1856//1856
f 1829//1829 1830//1830 1858//1858
f 1829//1829 1858//1858 1857//1857
f 1830//1830 1831//1831 1859//1859
f 1830//1830 1859//1859 1858//1858
f 1831//1831 1832//1832 1860//1860
f 1831//1831 1860//1860 1859//1859
f 1832//1832 1833//1833 1861//1861
f 1832//1832 1861//1861 1860//1860
f 1833//1833 1834//1834 1862//1862
f 1833//1833 1862//1862 1861//1861
f 1834//1834 1835//1835 1863//1863
f 1834//1834 1863//1863 1862//1862
f 1835//1835 1836//1836 1864//1864
f 1835//1835 1864//1864 1863//1863
f 1836//1836 1837//1837 1865//1865
f 1836//1836 1865//1865 1864//1864
f 1837//1837 1838//1838 1866//1866
f 1837//1837 1866//1866 1865//1865
f 1838//1838 1839//1839 1867//1867
f 1838//1838 1867//1867 1866//1866
f 1839//1839 1840//1840 1868//1868
f 1839//1839 1868//1868 1867//1867
f 1840//1840 1841//1841 1869//1869
f 1840//1840 1869//1869 1868//1868
f 1841//1841 1842//1842 1870//1870
f 1841//1841 1870//1870 1869//1869
f 1842//1842 1843//1843 1871//1871
f 1842//1842 1871//1871 1870//1870
f 1843//1843 1844//1844 1872//1872
f 1843//1843 1872//1872 1871//1871
f 1844//1844 1845//1845 1873//1873
f 1844//1844 1873//1873 1872//1872
f 1845//1845 1846//1846 1874//1874
f 1845//1845 1874//1874 1873//1873
f 1846//1846 1847//1847 1875//1875
f 1846//1846 1875//1875 1874//1874
f 1847//1847 1848//1848 1876//1876
f 1847//1847 1876//1876 1875//1875
f 1848//1848 1849//1849 1877//1877
f 1848//1848 1877//1877 1876//1876
f 1849//1849 1850//1850 1878//1878
f 1849//1849 1878//1878 1877//1877
f 1850//1850 1851//1851 1879//1879
f 1850//1850 1879//1879 1878//1878
f 1851//1851 1852//1852 1880//1880
f 1851//1851 1880//1880 1879//1879
f 1852//1852 1853//1853 1881//1881
f 1852//1852 1881//1881 1880//1880
f 1853//1853 1826//1826 1854//1854
f 1853//1853 1854//1854 1881//1881
f 1854//1854 1855//1855 1883//1883
f 1854//1854 1883//1883 1882//1882
f 1855//1855 1856//1856 1884//1884
f 1855//1855 1884//1884 1883//1883
f 1856//1856 1857//1857 1885//1885
f 1856//1856 1885//1885 1884//1884
f 1857//1857 1858//1858 1886//1886
f 1857//1857 1886//1886 1885//1885
f 1858//1858 1859//1859 1887//1887
f 1858//1858 1887//1887 1886//1886
f 1859//1859 1860//1860 1888//1888
f 1859//1859 1888//1888 1887//1887
f 1860//1860 1861//1861 1889//1889
f 1860//1860 1889//1889 1888//1888
f 1861//1861 1862//1862 1890//1890
f 1861//1861 1890//1890 1889//1889
f 1862//1862 1863//1863 1891//1891
f 1862//1862 1891//1891 1890//1890
f 1863//1863 1864//1864 1892//1892
f 1863//1863 1892//1892 1891//1891
f 1864//1864 1865//1865 1893//1893
f 1864//1864 1893//1893 1892//1892
f 1865//1865 1866//1866 1894//1894
f 1865//1865 1894//1894 1893//1893
f 1866//1866 1867//1867 1895//1895
f 1866//1866 1895//1895 1894//1894
f 1867//1867 1868//1868 1896//1896
f 1867//1867 1896//1896 1895//1895
f 1868//1868 1869//1869 1897//1897
f 1868//1868 1897//1897 1896//1896
f 1869//1869 1870//1870 1898//1898
f 1869//1869 1898//1898 1897//1897
f 1870//1870 1871//1871 1899//1899
f 1870//1870 1899//1899 1898//1898
f 1871//1871 1872//1872 1900//1900
f 1871//1871 1900//1900 1899//1899
f 1872//1872 1873//1873 1901//1901
f 1872//1872 1901//1901 1900//1900
f 1873//1873 1874//1874 1902//1902
f 1873//1873 1902//1902 1901//1901
f 1874//1874 1875//1875 1903//1903
f 1874//1874 1903//1903 1902//1902
f 1875//1875 1876//1876 1904//1904
f 1875//1875 1904//1904 1903//1903
f 1876//1876 1877//1877 1905//1905
f 1876//1876 1905//1905 1904//1904
f 1877//1877 1878//1878 1906//1906
f 1877//1877 1906//1906 1905//1905
f 1878//1878 1879//1879 1907//1907
f 1878//1878 1907//1907 1906//1906
f 1879//1879 1880//1880 1908//1908
f 1879//1879 1908//1908 1907//1907
f 1880//1880 1881//1881 1909//1909
f 1880//1880 1909//1909 1908//1908
f 1881//1881 1854//1854 1882//1882
f 1881//1881 1882//1882 1909//1909
f 1882//1882 1883//1883 1911//1911
f 1882//1882 1911//1911 1910//1910
f 1883//1883 1884//1884 1912//1912
f 1883//1883 1912//1912 1911//1911
f 1884//1884 1885//1885 1913//1913
f 1884//1884 1913//1913 1912//1912
f 1885//1885 1886//1886 1914//1914
f 1885//1885 1914//1914 1913//1913
f 1886//1886 1887//1887 1915//1915
f 1886//1886 1915//1915 1914//1914
f 1887//1887 1888//1888 1916//1916
f 1887//1887 1916//1916 1915//1915
f 1888//1888 1889//1889 1917//1917
f 1888//1888 1917//1917 1916//1916
f 1889//1889 1890//1890 1918//1918
f 1889//1889 1918//1918 1917//1917
f 1890//1890 1891//1891 1919//1919
f 1890//1890 1919//1919 1918//1918
f 1891//1891 1892//1892 1920//1920
f 1891//1891 1920//1920 1919//1919
f 1892//1892 1893//1893 1921//1921
f 1892//1892 1921//1921 1920//1920
f 1893//1893 1894//1894 1922//1922
f 1893//1893 1922//1922 1921//1921
f 1894//1894 1895//1895 1923//1923
f 1894//1894 1923//1923 1922//1922
f 1895//1895 1896//1896 1924//1924
f 1895//1895 1924//1924 1923//1923
f 1896//1896 1897//1897 1925//1925
f 1896//1896 1925//1925 1924//1924
f 1897//1897 1898//1898 1926//1926
f 1897//1897 1926//1926 1925//1925
f 1898//1898 1899//1899 1927//1927
f 1898//1898 1927//1927 1926//1926
f 1899//1899 1900//1900 1928//1928
f 1899//1899 1928//1928 1927//1927
f 1900//1900 1901//1901 1929//1929
f 1900//1900 1929//1929 1928//1928
f 1901//1901 1902//1902 1930//1930
f 1901//1901 1930//1930 1929//1929
f 1902//1902 1903//1903 1931//1931
f 1902//1902 1931//1931 1930//1930
f 1903//1903 1904//1904 1932//1932
f 1903//1903 1932//1932 1931//1931
f 1904//1904 1905//1905 1933//1933
f 1904//1904 1933//1933 1932//1932
f 1905//1905 1906//1906 1934//1934
f 1905//1905 1934//1934 1933//1933
f 1906//1906 1907//1907 1935//1935
f 1906//1906 1935//1935 1934//1934
f 1907//1907 1908//1908 1936//1936
f 1907//1907 1936//1936 1935//1935
f 1908//1908 1909//1909 1937//1937
f 1908//1908 1937//1937 1936//1936
f 1909//1909 1882//1882 1910//1910
f 1909//1909 1910//1910 1937//1937
f 1910//1910 1911//1911 1939//1939
f 1910//1910 1939//1939 1938//1938
f 1911//1911 1912//1912 1940//1940
f 1911//1911 1940//1940 1939//1939
f 1912//1912 1913//1913 1941//1941
f 1912//1912 1941//1941 1940//1940
f 1913//1913 1914//1914 1942//1942
f 1913//1913 1942//1942 1941//1941
f 1914//1914 1915//1915 1943//1943
f 1914//1914 1943//1943 1942//1942
f 1915//1915 1916//1916 1944//1944
f 1915//1915 1944//1944 1943//1943
f 1916//1916 1917//1917 1945//1945
f 1916//1916 1945//1945 1944//1944
f 1917//1917 1918//1918 1946//1946
f 1917//1917 1946//1946 1945//1945
f 1918//1918 1919//1919 1947//1947
f 1918//1918 1947//1947 1946//1946
f 1919//1919 1920//1920 1948//1948
f 1919//1919 1948//1948 1947//1947
f 1920//1920 1921//1921 1949//1949
f 1920//1920 1949//1949 1948//1948
f 1921//1921 1922//1922 1950//1950
f 1921//1921 1950//1950 1949//1949
f 1922//1922 1923//1923 1951//1951
f 1922//1922 1951//1951 1950//1950
f 1923//1923 1924//1924 1952//1952
f 1923//1923 1952//1952 1951//1951
f 1924//1924 1925//1925 1953//1953
f 1924//1924 1953//1953 1952//1952
f 1925//1925 1926//1926 1954//1954
f 1925//1925 1954//1954 1953//1953
f 1926//1926 1927//1927 1955//1955
f 1926//1926 1955//1955 1954//1954
f 1927//1927 1928//1928 1956//1956
f 1927//1927 1956//1956 1955//1955
f 1928//1928 1929//1929 1957//1957
f 1928//1928 1957//1957 1956//1956
f 1929//1929 1930//1930 1958//1958
f 1929//1929 1958//1958 1957//1957
f 1930//1930 1931//1931 1959//1959
f 1930//1930 1959//1959 1958//1958
f 1931//1931 1932//1932 1960//1960
f 1931//1931 1960//1960 1959//1959
f 1932//1932 1933//1933 1961//1961
f 1932//1932 1961//1961 1960//1960
f 1933//1933 1934//1934 1962//1962
f 1933//1933 1962//1962 1961//1961
f 1934//1934 1935//1935 1963//1963
f 1934//1934 1963//1963 1962//1962
f 1935//1935 1936//1936 1964//1964
f 1935//1935 1964//1964 1963//1963
f 1936//1936 1937//1937 1965//1965
f 1936//1936 1965//1965 1964//1964
f 1937//1937 1910//1910 1938//1938
f 1937//1937 1938//1938 1965//1965
f 1938//1938 1939//1939 1967//1967
f 1938//1938 1967//1967 1966//1966
f 1939//1939 1940//1940 1968//1968
f 1939//1939 1968//1968 1967//1967
f 1940//1940 1941//1941 1969//1969
f 1940//1940 1969//1969 1968//1968
f 1941//1941 1942//1942 1970//1970
f 1941//1941 1970//1970 1969//1969
f 1942//1942 1943//1943 1971//1971
f 1942//1942 1971//1971 1970//1970
f 1943//1943 1944//1944 1972//1972
f 1943//1943 1972//1972 1971//1971
f 1944//1944 1945//1945 1973//1973
f 1944//1944 1973//1973 1972//1972
f 1945//1945 1946//1946 1974//1974
f 1945//1945 1974//1974 1973//1973
f 1946//1946 1947//1947 1975//1975
f 1946//1946 1975//1975 1974//1974
f 1947//1947 1948//1948 1976//1976
f 1947//1947 1976//1976 1975//1975
f 1948//1948 1949//1949 1977//1977
f 1948//1948 1977//1977 1976//1976
f 1949//1949 1950//1950 1978//1978
f 1949//1949 1978//1978 1977//1977
f 1950//1950 1951//1951 1979//1979
f 1950//1950 1979//1979 1978//1978
f 1951//1951 1952//1952 1980//1980
f 1951//1951 1980//1980 1979//1979
f 1952//1952 1953//1953 1981//1981
f 1952//1952 1981//1981 1980//1980
f 1953//1953 1954//1954 1982//1982
f 1953//1953 1982//1982 1981//1981
f 1954//1954 1955//1955 1983//1983
f 1954//1954 1983//1983 1982//1982
f 1955//1955 1956//1956 1984//1984
f 1955//1955 1984//1984 1983//1983
f 1956//1956 1957//1957 1985//1985
f 1956//1956 1985//1985 1984//1984
f 1957//1957 1958//1958 1986//1986
f 1957//1957 1986//1986 1985//1985
f 1958//1958 1959//1959 1987//1987
f 1958//1958 1987//1987 1986//1986
f 1959//1959 1960//1960 1988//1988
f 1959//1959 1988//1988 1987//1987
f 1960//1960 1961//1961 1989//1989
f 1960//1960 1989//1989 1988//1988
f 1961//1961 1962//1962 1990//1990
f 1961//1961 1990//1990 1989//1989
f 1962//1962 1963//1963 1991//1991
f 1962//1962 1991//1991 1990//1990
f 1963//1963 1964//1964 1992//1992
f 1963//1963 1992//1992 1991//1991
f 1964//1964 1965//1965 1993//1993
f 1964//1964 1993//1993 1992//1992
f 1965//1965 1938//1938 1966//1966
f 1965//1965 1966//1966 1993//1993
f 1994//1994 1995//1995 2003//2003
f 1994//1994 2003//2003 2002//2002
f 1995//1995 1996//1996 2004//2004
f 1995//1995 2004//2004 2003//2003
f 1996//1996 1997//1997 2005//2005
f 1996//1996 2005//2005 2004//2004
f 1997//1997 1998//1998 2006//2006
f 1997//1997 2006//2006 2005//2005
f 1998//1998 1999//1999 2007//2007
f 1998//1998 2007//2007 2006//2006
f 1999//1999 2000//2000 2008//2008
f 1999//1999 2008//2008 2007//2007
f 2000//2000 2001//2001 2009//2009
f 2000//2000 2009//2009 2008//2008
f 2001//2001 1994//1994 2002//2002
f 2001//2001 2002//2002 2009//2009
f 2010//2010 1994//1994 1995//1995
f 2010//2010 1995//1995 1996//1996
f 2010//2010 1996//1996 1997//1997
f 2010//2010 1997//1997 1998//1998
f 2010//2010 1998//1998 1999//1999
f 2010//2010 1999//1999 2000//2000
f 2010//2010 2000//2000 2001//2001
f 2010//2010 2001//2001 1994//1994
f 2011//2011 2003//2003 2002//2002
f 2011//2011 2004//2004 2003//2003
f 2011//2011 2005//2005 2004//2004
f 2011//2011 2006//2006 2005//2005
f 2011//2011 2007//2007 2006//2006
f 2011//2011 2008//2008 2007//2007
f 2011//2011 2009//2009 2008//2008
f 2011//2011 2002//2002 2009//2009
f 2012//2012 2013//2013 2021//2021
f 2012//2012 2021//2021 2020//2020
f 2013//2013 2014//2014 2022//2022
f 2013//2013 2022//2022 2021//2021
f 2014//2014 2015//2015 2023//2023
f 2014//2014 2023//2023 2022//2022
f 2015//2015 2016//2016 2024//2024
f 2015//2015 2024//2024 2023//2023
f 2016//2016 2017//2017 2025//2025
f 2016//2016 2025//2025 2024//2024
f 2017//2017 2018//2018 2026//2026
f 2017//2017 2026//2026 2025//2025
f 2018//2018 2019//2019 2027//2027
f 2018//2018 2027//2027 2026//2026
f 2019//2019 2012//2012 2020//2020
f 2019//2019 2020//2020 2027//2027
f 2028//2028 2012//2012 2013//2013
f 2028//2028 2013//2013 2014//2014
f 2028//2028 2014//2014 2015//2015
f 2028//2028 2015//2015 2016//2016
f 2028//2028 2016//2016 2017//2017
f 2028//2028 2017//2017 2018//2018
f 2028//2028 2018//2018 2019//2019
f 2028//2028 2019//2019 2012//2012
f 2029//2029 2021//2021 2020//2020
f 2029//2029 2022//2022 2021//2021
f 2029//2029 2023//2023 2022//2022
f 2029//2029 2024//2024 2023//2023
f 2029//2029 2025//2025 2024//2024
f 2029//2029 2026//2026 2025//2025
f 2029//2029 2027//2027 2026//2026
f 2029//2029 2020//2020 2027//2027
f 2030//2030 2031//2031 2061//2061
f 2030//2030 2061//2061 2060//2060
f 2031//2031 2032//2032 2062//2062
f 2031//2031 2062//2062 2061//2061
f 2032//2032 2033//2033 2063//2063
f 2032//2032 2063//2063 2062//2062
f 2033//2033 2034//2034 2064//2064
f 2033//2033 2064//2064 2063//2063
f 2034//2034 2035//2035 2065//2065
f 2034//2034 2065//2065 2064//2064
f 2035//2035 2036//2036 2066//2066
f 2035//2035 2066//2066 2065//2065
f 2036//2036 2037//2037 2067//2067
f 2036//2036 2067//2067 2066//2066
f 2037//2037 2038//2038 2068//2068
f 2037//2037 2068//2068 2067//2067
f 2038//2038 2039//2039 2069//2069
f 2038//2038 2069//2069 2068//2068
f 2039//2039 2040//2040 2070//2070
f 2039//2039 2070//2070 2069//2069
f 2040//2040 2041//2041 2071//2071
f 2040//2040 2071//2071 2070//2070
f 2041//2041 2042//2042 2072//2072
f 2041//2041 2072//2072 2071//2071
f 2042//2042 2043//2043 2073//2073
f 2042//2042 2073//2073 2072//2072
f 2043//2043 2044//2044 2074//2074
f 2043//2043 2074//2074 2073//2073
f 2044//2044 2045//2045 2075//2075
f 2044//2044 2075//2075 2074//2074
f 2045//2045 2046//2046 2076//2076
f 2045//2045 2076//2076 2075//2075
f 2046//2046 2047//2047 2077//2077
f 2046//2046 2077//2077 2076//2076
f 2047//2047 2048//2048 2078//2078
f 2047//2047 2078//2078 2077//2077
f 2048//2048 2049//2049 2079//2079
f 2048//2048 2079//2079 2078//2078
f 2049//2049 2050//2050 2080//2080
f 2049//2049 2080//2080 2079//2079
f 2050//2050 2051//2051 2081//2081
f 2050//2050 2081//2081 2080//2080
f 2051//2051 2052//2052 2082//2082
f 2051//2051 2082//2082 2081//2081
f 2052//2052 2053//2053 2083//2083
f 2052//2052 2083//2083 2082//2082
f 2053//2053 2054//2054 2084//2084
f 2053//2053 2084//2084 2083//2083
f 2054//2054 2055//2055 2085//2085
f 2054//2054 2085//2085 2084//2084
f 2055//2055 2056//2056 2086//2086
f 2055//2055 2086//2086 2085//2085
f 2056//2056 2057//2057 2087//2087
f 2056//2056 2087//2087 2086//2086
f 2057//2057 2058//2058 2088//2088
f 2057//2057 2088//2088 2087//2087
f 2058//2058 2059//2059 2089//2089
f 2058//2058 2089//2089 2088//2088
f 2059//2059 2030//2030 2060//2060
f 2059//2059 2060//2060 2089//2089
f 2060//2060 2061//2061 2091//2091
f 2060//2060 2091//2091 2090//2090
f 2061//2061 2062//2062 2092//2092
f 2061//2061 2092//2092 2091//2091
f 2062//2062 2063//2063 2093//2093
f 2062//2062 2093//2093 2092//2092
f 2063//2063 2064//2064 2094//2094
f 2063//2063 2094//2094 2093//2093
f 2064//2064 2065//2065 2095//2095
f 2064//2064 2095//2095 2094//2094
f 2065//2065 2066//2066 2096//2096
f 2065//2065 2096//2096 2095//2095
f 2066//2066 2067//2067 2097//2097
f 2066//2066 2097//2097 2096//2096
f 2067//2067 2068//2068 2098//2098
f 2067//2067 2098//2098 2097//2097
f 2068//2068 2069//2069 2099//2099
f 2068//2068 2099//2099 2098//2098
f 2069//2069 2070//2070 2100//2100
f 2069//2069 2100//2100 2099//2099
f 2070//2070 2071//2071 2101//2101
f 2070//2070 2101//2101 2100//2100
f 2071//2071 2072//2072 2102//2102
f 2071//2071 2102//2102 2101//2101
f 2072//2072 2073//2073 2103//2103
f 2072//2072 2103//2103 2102//2102
f 2073//2073 2074//2074 2104//2104
f 2073//2073 2104//2104 2103//2103
f 2074//2074 2075//2075 2105//2105
f 2074//2074 2105//2105 2104//2104
f 2075//2075 2076//2076 2106//2106
f 2075//2075 2106//2106 2105//2105
f 2076//2076 2077//2077 2107//2107
f 2076//2076 2107//2107 2106//2106
f 2077//2077 2078//2078 2108//2108
f 2077//2077 2108//2108 2107//2107
f 2078//2078 2079//2079 2109//2109
f 2078//2078 2109//2109 2108//2108
f 2079//2079 2080//2080 2110//2110
f 2079//2079 2110//2110 2109//2109
f 2080//2080 2081//2081 2111//2111
f 2080//2080 2111//2111 2110//2110
f 2081//2081 2082//2082 2112//2112
f 2081//2081 2112//2112 2111//2111
f 2082//2082 2083//2083 2113//2113
f 2082//2082 2113//2113 2112//2112
f 2083//2083 2084//2084 2114//2114
f 2083//2083 2114//2114 2113//2113
f 2084//2084 2085//2085 2115//2115
f 2084//2084 2115//2115 2114//2114
f 2085//2085 2086//2086 2116//2116
f 2085//2085 2116//2116 2115//2115
f 2086//2086 2087//2087 2117//2117
f 2086//2086 2117//2117 2116//2116
f 2087//2087 2088//2088 2118//2118
f 2087//2087 2118//2118 2117//2117
f 2088//2088 2089//2089 2119//2119
f 2088//2088 2119//2119 2118//2118
f 2089//2089 2060//2060 2090//2090
f 2089//2089 2090//2090 2119//2119
f 2090//2090 2091//2091 2121//2121
f 2090//2090 2121//2121 2120//2120
f 2091//2091 2092//2092 2122//2122
f 2091//2091 2122//2122 2121//2121
f 2092//2092 2093//2093 2123//2123
f 2092//2092 2123//2123 2122//2122
f 2093//2093 2094//2094 2124//2124
f 2093//2093 2124//2124 2123//2123
f 2094//2094 2095//2095 2125//2125
f 2094//2094 2125//2125 2124//2124
f 2095//2095 2096//2096 2126//2126
f 2095//2095 2126//2126 2125//2125
f 2096//2096 2097//2097 2127//2127
f 2096//2096 2127//2127 2126//2126
f 2097//2097 2098//2098 2128//2128
f 2097//2097 2128//2128 2127//2127
f 2098//2098 2099//2099 2129//2129
f 2098//2098 2129//2129 2128//2128
f 2099//2099 2100//2100 2130//2130
f 2099//2099 2130//2130 2129//2129
f 2100//2100 2101//2101 2131//2131
f 2100//2100 2131//2131 2130//2130
f 2101//2101 2102//2102 2132//2132
f 2101//2101 2132//2132 2131//2131
f 2102//2102 2103//2103 2133//2133
f 2102//2102 2133//2133 2132//2132
f 2103//2103 2104//2104 2134//2134
f 2103//2103 2134//2134 2133//2133
f 2104//2104 2105//2105 2135//2135
f 2104//2104 2135//2135 2134//2134
f 2105//2105 2106//2106 2136//2136
f 2105//2105 2136//2136 2135//2135
f 2106//2106 2107//2107 2137//2137
f 2106//2106 2137//2137 2136//2136
f 2107//2107 2108//2108 2138//2138
f 2107//2107 2138//2138 2137//2137
f 2108//2108 2109//2109 2139//2139
f 2108//2108 2139//2139 2138//2138
f 2109//2109 2110//2110 2140//2140
f 2109//2109 2140//2140 2139//2139
f 2110//2110 2111//2111 2141//2141
f 2110//2110 2141//2141 2140//2140
f 2111//2111 2112//2112 2142//2142
f 2111//2111 2142//2142 2141//2141
f 2112//2112 2113//2113 2143//2143
f 2112//2112 2143//2143 2142//2142
f 2113//2113 2114//2114 2144//2144
f 2113//2113 2144//2144 2143//2143
f 2114//2114 2115//2115 2145//2145
f 2114//2114 2145//2145 2144//2144
f 2115//2115 2116//2116 2146//2146
f 2115//2115 2146//2146 2145//2145
f 2116//2116 2117//2117 2147//2147
f 2116//2116 2147//2147 2146//2146
f 2117//2117 2118//2118 2148//2148
f 2117//2117 2148//2148 2147//2147
f 2118//2118 2119//2119 2149//2149
f 2118//2118 2149//2149 2148//2148
f 2119//2119 2090//2090 2120//2120
f 2119//2119 2120//2120 2149//2149
f 2120//2120 2121//2121 2151//2151
f 2120//2120 2151//2151 2150//2150
f 2121//2121 2122//2122 2152//2152
f 2121//2121 2152//2152 2151//2151
f 2122//2122 2123//2123 2153//2153
f 2122//2122 2153//2153 2152//2152
f 2123//2123 2124//2124 2154//2154
f 2123//2123 2154//2154 2153//2153
f 2124//2124 2125//2125 2155//2155
f 2124//2124 2155//2155 2154//2154
f 2125//2125 2126//2126 2156//2156
f 2125//2125 2156//2156 2155//2155
f 2126//2126 2127//2127 2157//2157
f 2126//2126 2157//2157 2156//2156
f 2127//2127 2128//2128 2158//2158
f 2127//2127 2158//2158 2157//2157
f 2128//2128 2129//2129 2159//2159
f 2128//2128 2159//2159 2158//2158
f 2129//2129 2130//2130 2160//2160
f 2129//2129 2160//2160 2159//2159
f 2130//2130 2131//2131 2161//2161
f 2130//2130 2161//2161 2160//2160
f 2131//2131 2132//2132 2162//2162
f 2131//2131 2162//2162 2161//2161
f 2132//2132 2133//2133 2163//2163
f 2132//2132 2163//2163 2162//2162
f 2133//2133 2134//2134 2164//2164
f 2133//2133 2164//2164 2163//2163
f 2134//2134 2135//2135 2165//2165
f 2134//2134 2165//2165 2164//2164
f 2135//2135 2136//2136 2166//2166
f 2135//2135 2166//2166 2165//2165
f 2136//2136 2137//2137 2167//2167
f 2136//2136 2167//2167 2166//2166
f 2137//2137 2138//2138 2168//2168
f 2137//2137 2168//2168 2167//2167
f 2138//2138 2139//2139 2169//2169
f 2138//2138 2169//2169 2168//2168
f 2139//2139 2140//2140 2170//2170
f 2139//2139 2170//2170 2169//2169
f 2140//2140 2141//2141 2171//2171
f 2140//2140 2171//2171 2170//2170
f 2141//2141 2142//2142 2172//2172
f 2141//2141 2172//2172 2171//2171
f 2142//2142 2143//2143 2173//2173
f 2142//2142 2173//2173 2172//2172
f 2143//2143 2144//2144 2174//2174
f 2143//2143 2174//2174 2173//2173
f 2144//2144 2145//2145 2175//2175
f 2144//2144 2175//2175 2174//2174
f 2145//2145 2146//2146 2176//2176
f 2145//2145 2176//2176 2175//2175
f 2146//2146 2147//2147 2177//2177
f 2146//2146 2177//2177 2176//2176
f 2147//2147 2148//2148 2178//2178
f 2147//2147 2178//2178 2177//2177
f 2148//2148 2149//2149 2179//2179
f 2148//2148 2179//2179 2178//2178
f 2149//2149 2120//2120 2150//2150
f 2149//2149 2150//2150 2179//2179
f 2150//2150 2151//2151 2181//2181
f 2150//2150 2181//2181 2180//2180
f 2151//2151 2152//2152 2182//2182
f 2151//2151 2182//2182 2181//2181
f 2152//2152 2153//2153 2183//2183
f 2152//2152 2183//2183 2182//2182
f 2153//2153 2154//2154 2184//2184
f 2153//2153 2184//2184 2183//2183
f 2154//2154 2155//2155 2185//2185
f 2154//2154 2185//2185 2184//2184
f 2155//2155 2156//2156 2186//2186
f 2155//2155 2186//2186 2185//2185
f 2156//2156 2157//2157 2187//2187
f 2156//2156 2187//2187 2186//2186
f 2157//2157 2158//2158 2188//2188
f 2157//2157 2188//2188 2187//2187
f 2158//2158 2159//2159 2189//2189
f 2158//2158 2189//2189 2188//2188
f 2159//2159 2160//2160 2190//2190
f 2159//2159 2190//2190 2189//2189
f 2160//2160 2161//2161 2191//2191
f 2160//2160 2191//2191 2190//2190
f 2161//2161 2162//2162 2192//2192
f 2161//2161 2192//2192 2191//2191
f 2162//2162 2163//2163 2193//2193
f 2162//2162 2193//2193 2192//2192
f 2163//2163 2164//2164 2194//2194
f 2163//2163 2194//2194 2193//2193
f 2164//2164 2165//2165 2195//2195
f 2164//2164 2195//2195 2194//2194
f 2165//2165 2166//2166 2196//2196
f 2165//2165 2196//2196 2195//2195
f 2166//2166 2167//2167 2197//2197
f 2166//2166 2197//2197 2196//2196
f 2167//2167 2168//2168 2198//2198
f 2167//2167 2198//2198 2197//2197
f 2168//2168 2169//2169 2199//2199
f 2168//2168 2199//2199 2198//2198
f 2169//2169 2170//2170 2200//2200
f 2169//2169 2200//2200 2199//2199
f 2170//2170 2171//2171 2201//2201
f 2170//2170 2201//2201 2200//2200
f 2171//2171 2172//2172 2202//2202
f 2171//2171 2202//2202 2201//2201
f 2172//2172 2173//2173 2203//2203
f 2172//2172 2203//2203 2202//2202
f 2173//2173 2174//2174 2204//2204
f 2173//2173 2204//2204 2203//2203
f 2174//2174 2175//2175 2205//2205
f 2174//2174 2205//2205 2204//2204
f 2175//2175 2176//2176 2206//2206
f 2175//2175 2206//2206 2205//2205
f 2176//2176 2177//2177 2207//2207
f 2176//2176 2207//2207 2206//2206
f 2177//2177 2178//2178 2208//2208
f 2177//2177 2208//2208 2207//2207
f 2178//2178 2179//2179 2209//2209
f 2178//2178 2209//2209 2208//2208
f 2179//2179 2150//2150 2180//2180
f 2179//2179 2180//2180 2209//2209
f 2180//2180 2181//2181 2211//2211
f 2180//2180 2211//2211 2210//2210
f 2181//2181 2182//2182 2212//2212
f 2181//2181 2212//2212 2211//2211
f 2182//2182 2183//2183 2213//2213
f 2182//2182 2213//2213 2212//2212
f 2183//2183 2184//2184 2214//2214
f 2183//2183 2214//2214 2213//2213
f 2184//2184 2185//2185 2215//2215
f 2184//2184 2215//2215 2214//2214
f 2185//2185 2186//2186 2216//2216
f 2185//2185 2216//2216 2215//2215
f 2186//2186 2187//2187 2217//2217
f 2186//2186 2217//2217 2216//2216
f 2187//2187 2188//2188 2218//2218
f 2187//2187 2218//2218 2217//2217
f 2188//2188 2189//2189 2219//2219
f 2188//2188 2219//2219 2218//2218
f 2189//2189 2190//2190 2220//2220
f 2189//2189 2220//2220 2219//2219
f 2190//2190 2191//2191 2221//2221
f 2190//2190 2221//2221 2220//2220
f 2191//2191 2192//2192 2222//2222
f 2191//2191 2222//2222 2221//2221
f 2192//2192 2193//2193 2223//2223
f 2192//2192 2223//2223 2222//2222
f 2193//2193 2194//2194 2224//2224
f 2193//2193 2224//2224 2223//2223
f 2194//2194 2195//2195 2225//2225
f 2194//2194 2225//2225 2224//2224
f 2195//2195 2196//2196 2226//2226
f 2195//2195 2226//2226 2225//2225
f 2196//2196 2197//2197 2227//2227
f 2196//2196 2227//2227 2226//2226
f 2197//2197 2198//2198 2228//2228
f 2197//2197 2228//2228 2227//2227
f 2198//2198 2199//2199 2229//2229
f 2198//2198 2229//2229 2228//2228
f 2199//2199 2200//2200 2230//2230
f 2199//2199 2230//2230 2229//2229
f 2200//2200 2201//2201 2231//2231
f 2200//2200 2231//2231 2230//2230
f 2201//2201 2202//2202 2232//2232
f 2201//2201 2232//2232 2231//2231
f 2202//2202 2203//2203 2233//2233
f 2202//2202 2233//2233 2232//2232
f 2203//2203 2204//2204 2234//2234
f 2203//2203 2234//2234 2233//2233
f 2204//2204 2205//2205 2235//2235
f 2204//2204 2235//2235 2234//2234
f 2205//2205 2206//2206 2236//2236
f 2205//2205 2236//2236 2235//2235
f 2206//2206 2207//2207 2237//2237
f 2206//2206 2237//2237 2236//2236
f 2207//2207 2208//2208 2238//2238
f 2207//2207 2238//2238 2237//2237
f 2208//2208 2209//2209 2239//2239
f 2208//2208 2239//2239 2238//2238
f 2209//2209 2180//2180 2210//2210
f 2209//2209 2210//2210 2239//2239
f 2210//2210 2211//2211 2241//2241
f 2210//2210 2241//2241 2240//2240
f 2211//2211 2212//2212 2242//2242
f 2211//2211 2242//2242 2241//2241
f 2212//2212 2213//2213 2243//2243
f 2212//2212 2243//2243 2242//2242
f 2213//2213 2214//2214 2244//2244
f 2213//2213 2244//2244 2243//2243
f 2214//2214 2215//2215 2245//2245
f 2214//2214 2245//2245 2244//2244
f 2215//2215 2216//2216 2246//2246
f 2215//2215 2246//2246 2245//2245
f 2216//2216 2217//2217 2247//2247
f 2216//2216 2247//2247 2246//2246
f 2217//2217 2218//2218 2248//2248
f 2217//2217 2248//2248 2247//2247
f 2218//2218 2219//2219 2249//2249
f 2218//2218 2249//2249 2248//2248
f 2219//2219 2220//2220 2250//2250
f 2219//2219 2250//2250 2249//2249
f 2220//2220 2221//2221 2251//2251
f 2220//2220 2251//2251 2250//2250
f 2221//2221 2222//2222 2252//2252
f 2221//2221 2252//2252 2251//2251
f 2222//2222 2223//2223 2253//2253
f 2222//2222 2253//2253 2252//2252
f 2223//2223 2224//2224 2254//2254
f 2223//2223 2254//2254 2253//2253
f 2224//2224 2225//2225 2255//2255
f 2224//2224 2255//2255 2254//2254
f 2225//2225 2226//2226 2256//2256
f 2225//2225 2256//2256 2255//2255
f 2226//2226 2227//2227 2257//2257
f 2226//2226 2257//2257 2256//2256
f 2227//2227 2228//2228 2258//2258
f 2227//2227 2258//2258 2257//2257
f 2228//2228 2229//2229 2259//2259
f 2228//2228 2259//2259 2258//2258
f 2229//2229 2230//2230 2260//2260
f 2229//2229 2260//2260 2259//2259
f 2230//2230 2231//2231 2261//2261
f 2230//2230 2261//2261 2260//2260
f 2231//2231 2232//2232 2262//2262
f 2231//2231 2262//2262 2261//2261
f 2232//2232 2233//2233 2263//2263
f 2232//2232 2263//2263 2262//2262
f 2233//2233 2234//2234 2264//2264
f 2233//2233 2264//2264 2263//2263
f 2234//2234 2235//2235 2265//2265
f 2234//2234 2265//2265 2264//2264
f 2235//2235 2236//2236 2266//2266
f 2235//2235 2266//2266 2265//2265
f 2236//2236 2237//2237 2267//2267
f 2236//2236 2267//2267 2266//2266
f 2237//2237 2238//2238 2268//2268
f 2237//2237 2268//2268 2267//2267
f 2238//2238 2239//2239 2269//2269
f 2238//2238 2269//2269 2268//2268
f 2239//2239 2210//2210 2240//2240
f 2239//2239 2240//2240 2269//2269
f 2240//2240 2241//2241 2271//2271
f 2240//2240 2271//2271 2270//2270
f 2241//2241 2242//2242 2272//2272
f 2241//2241 2272//2272 2271//2271
f 2242//2242 2243//2243 2273//2273
f 2242//2242 2273//2273 2272//2272
f 2243//2243 2244//2244 2274//2274
f 2243//2243 2274//2274 2273//2273
f 2244//2244 2245//2245 2275//2275
f 2244//2244 2275//2275 2274//2274
f 2245//2245 2246//2246 2276//2276
f 2245//2245 2276//2276 2275//2275
f 2246//2246 2247//2247 2277//2277
f 2246//2246 2277//2277 2276//2276
f 2247//2247 2248//2248 2278//2278
f 2247//2247 2278//2278 2277//2277
f 2248//2248 2249//2249 2279//2279
f 2248//2248 2279//2279 2278//2278
f 2249//2249 2250//2250 2280//2280
f 2249//2249 2280//2280 2279//2279
f 2250//2250 2251//2251 2281//2281
f 2250//2250 2281//2281 2280//2280
f 2251//2251 2252//2252 2282//2282
f 2251//2251 2282//2282 2281//2281
f 2252//2252 2253//2253 2283//2283
f 2252//2252 2283//2283 2282//2282
f 2253//2253 2254//2254 2284//2284
f 2253//2253 2284//2284 2283//2283
f 2254//2254 2255//2255 2285//2285
f 2254//2254 2285//2285 2284//2284
f 2255//2255 2256//2256 2286//2286
f 2255//2255 2286//2286 2285//2285
f 2256//2256 2257//2257 2287//2287
f 2256//2256 2287//2287 2286//2286
f 2257//2257 2258//2258 2288//2288
f 2257//2257 2288//2288 2287//2287
f 2258//2258 2259//2259 2289//2289
f 2258//2258 2289//2289 2288//2288
f 2259//2259 2260//2260 2290//2290
f 2259//2259 2290//2290 2289//2289
f 2260//2260 2261//2261 2291//2291
f 2260//2260 2291//2291 2290//2290
f 2261//2261 2262//2262 2292//2292
f 2261//2261 2292//2292 2291//2291
f 2262//2262 2263//2263 2293//2293
f 2262//2262 2293//2293 2292//2292
f 2263//2263 2264//2264 2294//2294
f 2263//2263 2294//2294 2293//2293
f 2264//2264 2265//2265 2295//2295
f 2264//2264 2295//2295 2294//2294
f 2265//2265 2266//2266 2296//2296
f 2265//2265 2296//2296 2295//2295
f 2266//2266 2267//2267 2297//2297
f 2266//2266 2297//2297 2296//2296
f 2267//2267 2268//2268 2298//2298
f 2267//2267 2298//2298 2297//2297
f 2268//2268 2269//2269 2299//2299
f 2268//2268 2299//2299 2298//2298
f 2269//2269 2240//2240 2270//2270
f 2269//2269 2270//2270 2299//2299
f 2275//2275 2276//2276 2306//2306
f 2275//2275 2306//2306 2305//2305
f 2276//2276 2277//2277 2307//2307
f 2276//2276 2307//2307 2306//2306
f 2277//2277 2278//2278 2308//2308
f 2277//2277 2308//2308 2307//2307
f 2278//2278 2279//2279 2309//2309
f 2278//2278 2309//2309 2308//2308
f 2279//2279 2280//2280 2310//2310
f 2279//2279 2310//2310 2309//2309
f 2280//2280 2281//2281 2311//2311
f 2280//2280 2311//2311 2310//2310
f 2281//2281 2282//2282 2312//2312
f 2281//2281 2312//2312 2311//2311
f 2282//2282 2283//2283 2313//2313
f 2282//2282 2313//2313 2312//2312
f 2283//2283 2284//2284 2314//2314
f 2283//2283 2314//2314 2313//2313
f 2284//2284 2285//2285 2315//2315
f 2284//2284 2315//2315 2314//2314
f 2285//2285 2286//2286 2316//2316
f 2285//2285 2316//2316 2315//2315
f 2286//2286 2287//2287 2317//2317
f 2286//2286 2317//2317 2316//2316
f 2287//2287 2288//2288 2318//2318
f 2287//2287 2318//2318 2317//2317
f 2288//2288 2289//2289 2319//2319
f 2288//2288 2319//2319 2318//2318
f 2289//2289 2290//2290 2320//2320
f 2289//2289 2320//2320 2319//2319
f 2290//2290 2291//2291 2321//2321
f 2290//2290 2321//2321 2320//2320
f 2291//2291 2292//2292 2322//2322
f 2291//2291 2322//2322 2321//2321
f 2292//2292 2293//2293 2323//2323
f 2292//2292 2323//2323 2322//2322
f 2293//2293 2294//2294 2324//2324
f 2293//2293 2324//2324 2323//2323
f 2294//2294 2295//2295 2325//2325
f 2294//2294 2325//2325 2324//2324
f 2305//2305 2306//2306 2336//2336
f 2305//2305 2336//2336 2335//2335
f 2306//2306 2307//2307 2337//2337
f 2306//2306 2337//2337 2336//2336
f 2307//2307 2308//2308 2338//2338
f 2307//2307 2338//2338 2337//2337
f 2308//2308 2309//2309 2339//2339
f 2308//2308 2339//2339 2338//2338
f 2309//2309 2310//2310 2340//2340
f 2309//2309 2340//2340 2339//2339
f 2310//2310 2311//2311 2341//2341
f 2310//2310 2341//2341 2340//2340
f 2311//2311 2312//2312 2342//2342
f 2311//2311 2342//2342 2341//2341
f 2312//2312 2313//2313 2343//2343
f 2312//2312 2343//2343 2342//2342
f 2313//2313 2314//2314 2344//2344
f 2313//2313 2344//2344 2343//2343
f 2314//2314 2315//2315 2345//2345
f 2314//2314 2345//2345 2344//2344
f 2315//2315 2316//2316 2346//2346
f 2315//2315 2346//2346 2345//2345
f 2316//2316 2317//2317 2347//2347
f 2316//2316 2347//2347 2346//2346
f 2317//2317 2318//2318 2348//2348
f 2317//2317 2348//2348 2347//2347
f 2318//2318 2319//2319 2349//2349
f 2318//2318 2349//2349 2348//2348
f 2319//2319 2320//2320 2350//2350
f 2319//2319 2350//2350 2349//2349
f 2320//2320 2321//2321 2351//2351
f 2320//2320 2351//2351 2350//2350
f 2321//2321 2322//2322 2352//2352
f 2321//2321 2352//2352 2351//2351
f 2322//2322 2323//2323 2353//2353
f 2322//2322 2353//2353 2352//2352
f 2323//2323 2324//2324 2354//2354
f 2323//2323 2354//2354 2353//2353
f 2324//2324 2325//2325 2355//2355
f 2324//2324 2355//2355 2354//2354
f 2335//2335 2336//2336 2366//2366
f 2335//2335 2366//2366 2365//2365
f 2336//2336 2337//2337 2367//2367
f 2336//2336 2367//2367 2366//2366
f 2337//2337 2338//2338 2368//2368
f 2337//2337 2368//2368 2367//2367
f 2338//2338 2339//2339 2369//2369
f 2338//2338 2369//2369 2368//2368
f 2339//2339 2340//2340 2370//2370
f 2339//2339 2370//2370 2369//2369
f 2340//2340 2341//2341 2371//2371
f 2340//2340 2371//2371 2370//2370
f 2341//2341 2342//2342 2372//2372
f 2341//2341 2372//2372 2371//2371
f 2342//2342 2343//2343 2373//2373
f 2342//2342 2373//2373 2372//2372
f 2343//2343 2344//2344 2374//2374
f 2343//2343 2374//2374 2373//2373
f 2344//2344 2345//2345 2375//2375
f 2344//2344 2375//2375 2374//2374
f 2345//2345 2346//2346 2376//2376
f 2345//2345 2376//2376 2375//2375
f 2346//2346 2347//2347 2377//2377
f 2346//2346 2377//2377 2376//2376
f 2347//2347 2348//2348 2378//2378
f 2347//2347 2378//2378 2377//2377
f 2348//2348 2349//2349 2379//2379
f 2348//2348 2379//2379 2378//2378
f 2349//2349 2350//2350 2380//2380
f 2349//2349 2380//2380 2379//2379
f 2350//2350 2351//2351 2381//2381
f 2350//2350 2381//2381 2380//2380
f 2351//2351 2352//2352 2382//2382
f 2351//2351 2382//2382 2381//2381
f 2352//2352 2353//2353 2383//2383
f 2352//2352 2383//2383 2382//2382
f 2353//2353 2354//2354 2384//2384
f 2353//2353 2384//2384 2383//2383
f 2354//2354 2355//2355 2385//2385
f 2354//2354 2385//2385 2384//2384
f 2365//2365 2366//2366 2396//2396
f 2365//2365 2396//2396 2395//2395
f 2366//2366 2367//2367 2397//2397
f 2366//2366 2397//2397 2396//2396
f 2367//2367 2368//2368 2398//2398
f 2367//2367 2398//2398 2397//2397
f 2368//2368 2369//2369 2399//2399
f 2368//2368 2399//2399 2398//2398
f 2369//2369 2370//2370 2400//2400
f 2369//2369 2400//2400 2399//2399
f 2370//2370 2371//2371 2401//2401
f 2370//2370 2401//2401 2400//2400
f 2371//2371 2372//2372 2402//2402
f 2371//2371 2402//2402 2401//2401
f 2372//2372 2373//2373 2403//2403
f 2372//2372 2403//2403 2402//2402
f 2373//2373 2374//2374 2404//2404
f 2373//2373 2404//2404 2403//2403
f 2374//2374 2375//2375 2405//2405
f 2374//2374 2405//2405 2404//2404
f 2375//2375 2376//2376 2406//2406
f 2375//2375 2406//2406 2405//2405
f 2376//2376 2377//2377 2407//2407
f 2376//2376 2407//2407 2406//2406
f 2377//2377 2378//2378 2408//2408
f 2377//2377 2408//2408 2407//2407
f 2378//2378 2379//2379 2409//2409
f 2378//2378 2409//2409 2408//2408
f 2379//2379 2380//2380 2410//2410
f 2379//2379 2410//2410 2409//2409
f 2380//2380 2381//2381 2411//2411
f 2380//2380 2411//2411 2410//2410
f 2381//2381 2382//2382 2412//2412
f 2381//2381 2412//2412 2411//2411
f 2382//2382 2383//2383 2413//2413
f 2382//2382 2413//2413 2412//2412
f 2383//2383 2384//2384 2414//2414
f 2383//2383 2414//2414 2413//2413
f 2384//2384 2385//2385 2415//2415
f 2384//2384 2415//2415 2414//2414
f 2395//2395 2396//2396 2426//2426
f 2395//2395 2426//2426 2425//2425
f 2396//2396 2397//2397 2427//2427
f 2396//2396 2427//2427 2426//2426
f 2397//2397 2398//2398 2428//2428
f 2397//2397 2428//2428 2427//2427
f 2398//2398 2399//2399 2429//2429
f 2398//2398 2429//2429 2428//2428
f 2399//2399 2400//2400 2430//2430
f 2399//2399 2430//2430 2429//2429
f 2400//2400 2401//2401 2431//2431
f 2400//2400 2431//2431 2430//2430
f 2401//2401 2402//2402 2432//2432
f 2401//2401 2432//2432 2431//2431
f 2402//2402 2403//2403 2433//2433
f 2402//2402 2433//2433 2432//2432
f 2403//2403 2404//2404 2434//2434
f 2403//2403 2434//2434 2433//2433
f 2404//2404 2405//2405 2435//2435
f 2404//2404 2435//2435 2434//2434
f 2405//2405 2406//2406 2436//2436
f 2405//2405 2436//2436 2435//2435
f 2406//2406 2407//2407 2437//2437
f 2406//2406 2437//2437 2436//2436
f 2407//2407 2408//2408 2438//2438
f 2407//2407 2438//2438 2437//2437
f 2408//2408 2409//2409 2439//2439
f 2408//2408 2439//2439 2438//2438
f 2409//2409 2410//2410 2440//2440
f 2409//2409 2440//2440 2439//2439
f 2410//2410 2411//2411 2441//2441
f 2410//2410 2441//2441 2440//2440
f 2411//2411 2412//2412 2442//2442
f 2411//2411 2442//2442 2441//2441
f 2412//2412 2413//2413 2443//2443
f 2412//2412 2443//2443 2442//2442
f 2413//2413 2414//2414 2444//2444
f 2413//2413 2444//2444 2443//2443
f 2414//2414 2415//2415 2445//2445
f 2414//2414 2445//2445 2444//2444
f 2430//2430 2431//2431 2461//2461
f 2430//2430 2461//2461 2460//2460
f 2431//2431 2432//2432 2462//2462
f 2431//2431 2462//2462 2461//2461
f 2432//2432 2433//2433 2463//2463
f 2432//2432 2463//2463 2462//2462
f 2433//2433 2434//2434 2464//2464
f 2433//2433 2464//2464 2463//2463
f 2434//2434 2435//2435 2465//2465
f 2434//2434 2465//2465 2464//2464
f 2435//2435 2436//2436 2466//2466
f 2435//2435 2466//2466 2465//2465
f 2436//2436 2437//2437 2467//2467
f 2436//2436 2467//2467 2466//2466
f 2437//2437 2438//2438 2468//2468
f 2437//2437 2468//2468 2467//2467
f 2438//2438 2439//2439 2469//2469
f 2438//2438 2469//2469 2468//2468
f 2439//2439 2440//2440 2470//2470
f 2439//2439 2470//2470 2469//2469
f 2460//2460 2461//2461 2491//2491
f 2460//2460 2491//2491 2490//2490
f 2461//2461 2462//2462 2492//2492
f 2461//2461 2492//2492 2491//2491
f 2462//2462 2463//2463 2493//2493
f 2462//2462 2493//2493 2492//2492
f 2463//2463 2464//2464 2494//2494
f 2463//2463 2494//2494 2493//2493
f 2464//2464 2465//2465 2495//2495
f 2464//2464 2495//2495 2494//2494
f 2465//2465 2466//2466 2496//2496
f 2465//2465 2496//2496 2495//2495
f 2466//2466 2467//2467 2497//2497
f 2466//2466 2497//2497 2496//2496
f 2467//2467 2468//2468 2498//2498
f 2467//2467 2498//2498 2497//2497
f 2468//2468 2469//2469 2499//2499
f 2468//2468 2499//2499 2498//2498
f 2469//2469 2470//2470 2500//2500
f 2469//2469 2500//2500 2499//2499
f 2490//2490 2491//2491 2521//2521
f 2490//2490 2521//2521 2520//2520
f 2491//2491 2492//2492 2522//2522
f 2491//2491 2522//2522 2521//2521
f 2492//2492 2493//2493 2523//2523
f 2492//2492 2523//2523 2522//2522
f 2493//2493 2494//2494 2524//2524
f 2493//2493 2524//2524 2523//2523
f 2494//2494 2495//2495 2525//2525
f 2494//2494 2525//2525 2524//2524
f 2495//2495 2496//2496 2526//2526
f 2495//2495 2526//2526 2525//2525
f 2496//2496 2497//2497 2527//2527
f 2496//2496 2527//2527 2526//2526
f 2497//2497 2498//2498 2528//2528
f 2497//2497 2528//2528 2527//2527
f 2498//2498 2499//2499 2529//2529
f 2498//2498 2529//2529 2528//2528
f 2499//2499 2500//2500 2530//2530
f 2499//2499 2530//2530 2529//2529
f 2521//2521 2522//2522 2552//2552
f 2521//2521 2552//2552 2551//2551
f 2522//2522 2523//2523 2553//2553
f 2522//2522 2553//2553 2552//2552
f 2523//2523 2524//2524 2554//2554
f 2523//2523 2554//2554 2553//2553
f 2524//2524 2525//2525 2555//2555
f 2524//2524 2555//2555 2554//2554
f 2525//2525 2526//2526 2556//2556
f 2525//2525 2556//2556 2555//2555
f 2526//2526 2527//2527 2557//2557
f 2526//2526 2557//2557 2556//2556
f 2527//2527 2528//2528 2558//2558
f 2527//2527 2558//2558 2557//2557
f 2528//2528 2529//2529 2559//2559
f 2528//2528 2559//2559 2558//2558
f 2552//2552 2553//2553 2583//2583
f 2552//2552 2583//2583 2582//2582
f 2553//2553 2554//2554 2584//2584
f 2553//2553 2584//2584 2583//2583
f 2554//2554 2555//2555 2585//2585
f 2554//2554 2585//2585 2584//2584
f 2555//2555 2556//2556 2586//2586
f 2555//2555 2586//2586 2585//2585
f 2556//2556 2557//2557 2587//2587
f 2556//2556 2587//2587 2586//2586
f 2557//2557 2558//2558 2588//2588
f 2557//2557 2588//2588 2587//2587